# Blender 5.0.1
# www.blender.org
mtllib hq_01.mtl
o Docking_HD
v 1.767683 -0.600000 0.944846
v 3.367703 -0.600000 1.800074
v 2.952401 -0.600000 2.422973
v 1.549679 -0.600000 1.271788
v 3.435926 -0.600000 1.635835
v 1.918048 -0.600000 -0.581834
v 1.918048 -1.000000 -0.581834
v 2.956991 -1.000000 -1.012190
v 3.586277 -0.600000 -1.272857
v 0.944846 -0.600000 -1.767683
v 0.944846 -1.000000 -1.767683
v 1.375182 -1.000000 -2.806635
v 1.635835 -0.599999 -3.435926
v -1.271549 -0.600000 -1.549387
v -1.271549 -1.000000 -1.549387
v -2.066733 -1.000000 -2.344555
v -2.548375 -0.600000 -2.826187
v -1.994703 -0.600000 -0.196461
v -3.800210 -0.600000 -0.374288
v -3.654894 -0.600000 -1.108700
v -1.918409 -0.600000 -0.581943
v -1.995079 -0.600000 0.196498
v -3.800963 -0.600000 0.374362
v -1.918048 -0.600000 0.581833
v -3.654170 -0.600000 1.108480
v -3.586277 -0.600000 1.272857
v -1.549387 -0.600000 1.271549
v -2.951816 -0.600000 2.422493
v -3.368370 -0.600000 1.800431
v -1.768016 -0.600000 0.945024
v -2.826187 -0.600000 2.548375
v -0.196461 -0.600000 1.994703
v -0.374288 -0.600001 3.800210
v -1.108700 -0.600001 3.654894
v -0.581943 -0.600000 1.918409
v 0.196498 -0.600000 1.995078
v 0.374362 -0.600001 3.800963
v 0.581833 -0.600000 1.918048
v 1.108480 -0.600001 3.654170
v 1.272857 -0.600001 3.586277
v 1.271549 -0.600000 1.549387
v 2.422493 -0.600001 2.951816
v 1.800431 -0.600001 3.368370
v 0.945024 -0.600000 1.768016
v 2.548375 -0.600001 2.826187
v 1.271549 0.600000 1.549387
v 0.945024 0.600000 1.768016
v 1.398033 0.600000 2.615536
v 1.881046 0.600000 2.292062
v 4.000000 0.400000 -0.393966
v 4.099905 0.300000 -0.293966
v 5.564622 0.300000 -0.293966
v 5.606071 0.400000 -0.393966
v 0.393891 0.400001 -3.999247
v 0.293891 0.300001 -4.099343
v -0.293966 0.300001 -4.099905
v -0.393966 0.400001 -4.000000
v -3.999247 -0.400000 -0.393892
v -4.099343 -0.300000 -0.293892
v -5.563925 -0.300000 -0.293892
v -5.605319 -0.400000 -0.393892
v -4.000000 0.400000 0.393966
v -4.099905 0.300000 0.293966
v -5.564622 0.300000 0.293966
v -5.606071 0.400000 0.393966
v 0.393966 0.399999 4.000000
v 0.293966 0.299999 4.099905
v 0.293966 0.299999 5.564622
v 0.393966 0.399999 5.606071
v 0.780252 -0.400001 3.922779
v 1.166537 -0.400001 3.845558
v 1.166537 -0.100001 3.845558
v 0.780252 -0.100001 3.922779
v -0.393891 0.399999 5.605319
v -0.293891 0.299999 5.563925
v -0.293891 0.299999 4.099343
v -0.393891 0.399999 3.999247
v -0.393891 0.399999 6.393176
v -0.393891 0.199999 6.879865
v -0.393891 0.399999 6.879865
v -0.393891 0.099999 6.808436
v -0.393891 -0.400001 5.605319
v -0.293891 -0.300001 5.563925
v 0.000105 -0.300001 5.858202
v 0.000037 -0.400001 5.999624
v 0.393966 0.399999 6.393929
v 0.393966 -0.268691 6.393929
v 0.780252 0.399999 5.922779
v 0.780252 -0.400001 5.922779
v 0.393966 -0.400001 5.606071
v 0.293966 -0.300001 5.564622
v 0.293966 -0.300001 4.099905
v 0.393966 -0.400001 4.000000
v -5.922765 0.400000 -0.780324
v -6.393176 -0.268690 -0.393892
v -6.393176 0.400000 -0.393891
v -5.999624 0.400000 0.000037
v -5.858202 0.300000 0.000105
v -5.563925 0.300000 -0.293891
v -5.605319 0.400000 -0.393891
v -5.922765 -0.400000 -0.780324
v -6.393929 0.400000 0.393966
v -6.393929 -0.268690 0.393966
v -5.922779 0.400000 0.780252
v -5.922779 -0.400000 0.780251
v -5.999624 -0.400000 0.000037
v -5.858202 -0.300000 0.000105
v -5.564622 -0.300000 0.293966
v -5.606071 -0.400000 0.393966
v 0.780324 0.400001 -5.922765
v 0.393891 -0.268689 -6.393176
v 0.393891 0.400001 -6.393176
v -0.000037 0.400001 -5.999624
v -0.000105 0.300001 -5.858202
v 0.293891 0.300001 -5.563925
v 0.393891 0.400001 -5.605319
v 0.780324 -0.399999 -5.922765
v -0.393966 0.400001 -6.393929
v -0.393966 -0.268689 -6.393929
v -0.780252 0.400001 -5.922779
v -0.780252 -0.399999 -5.922779
v 5.922765 0.400000 0.780324
v 6.393176 -0.268690 0.393891
v 6.393176 0.400000 0.393892
v 5.999624 0.400000 -0.000037
v 5.858202 0.300000 -0.000105
v 5.563925 0.300000 0.293892
v 5.605319 0.400000 0.393892
v 5.922765 -0.400000 0.780324
v 6.393929 0.400000 -0.393966
v 6.393929 -0.268690 -0.393966
v 5.922779 0.400000 -0.780251
v 5.922779 -0.400000 -0.780252
v 5.563925 -0.300000 0.293891
v 4.099343 -0.300000 0.293891
v 4.099905 -0.300000 -0.293966
v 5.564622 -0.300000 -0.293966
v 5.858202 -0.300000 -0.000105
v -0.000105 -0.299999 -5.858202
v 0.293891 -0.299999 -5.563925
v 0.293891 -0.299999 -4.099343
v -0.293966 -0.299999 -4.099905
v -0.293966 -0.299999 -5.564622
v 10.999248 -0.000000 0.393891
v 10.999248 -0.268690 0.393891
v 10.999372 -0.000000 0.262582
v 0.393891 0.000002 -10.999248
v 0.393891 -0.268689 -10.999248
v 0.262582 0.000002 -10.999372
v -10.999248 0.000000 -0.393891
v -10.999248 -0.268690 -0.393892
v -10.999372 0.000000 -0.262582
v -0.393891 -0.000002 10.999248
v -0.393891 -0.268692 10.999248
v -0.262582 -0.000002 10.999372
v 10.999372 -0.400000 0.262582
v -10.999372 -0.400000 -0.262582
v -11.799373 0.000000 -0.263346
v -11.799874 -0.000000 0.261892
v -10.999874 -0.000000 0.262656
v -0.262582 -0.400002 10.999372
v 0.262582 -0.399998 -10.999372
v 0.263537 -0.399998 -11.999372
v 0.263492 -0.599998 -11.799373
v -0.261746 -0.599998 -11.799874
v -0.261701 -0.399998 -11.999874
v -0.263537 -0.400002 11.999372
v -0.263492 -0.600002 11.799373
v 0.261746 -0.600002 11.799874
v 0.261701 -0.400002 11.999874
v -11.999372 -0.400000 -0.263537
v -11.799373 -0.600000 -0.263492
v -11.799874 -0.600000 0.261746
v -11.999874 -0.400000 0.261701
v 11.999372 -0.400000 0.263537
v 11.799373 -0.600000 0.263492
v 11.799874 -0.600000 -0.261746
v 11.999874 -0.400000 -0.261701
v 0.393966 -0.000002 11.000000
v 0.262656 -0.000002 10.999874
v 0.393966 -0.268692 11.000000
v 0.393966 0.399998 10.600000
v 0.393966 0.399999 10.313311
v -0.393891 0.399999 10.313311
v -0.393891 0.399998 10.599247
v -11.000000 -0.000000 0.393966
v -11.000000 -0.268690 0.393966
v -0.393966 0.000002 -11.000000
v -0.262656 0.000002 -10.999874
v -0.393966 -0.268689 -11.000000
v -0.393966 0.400002 -10.600000
v -0.393966 0.400001 -10.313311
v 0.393891 0.400001 -10.313311
v 0.393891 0.400002 -10.599247
v 11.000000 0.000000 -0.393966
v 10.999874 0.000000 -0.262656
v 11.000000 -0.268690 -0.393966
v 10.600000 0.400000 -0.393966
v 10.313311 0.400000 -0.393966
v 10.313311 0.400000 0.393892
v 10.599247 0.400000 0.393892
v 3.107003 -0.400000 2.549851
v 3.107003 -0.100000 2.549851
v 2.549371 -0.100001 3.106418
v 2.549371 -0.400001 3.106418
v 2.826519 -0.600000 2.548602
v 3.544087 -0.400000 1.894354
v 3.544087 -0.100000 1.894354
v 3.846282 -0.400000 1.166757
v 3.846282 -0.100000 1.166757
v -3.586670 -0.600000 -1.272940
v -3.436263 -0.600000 1.636055
v -1.272939 -0.600001 3.586670
v 1.894711 -0.400001 3.544754
v 1.894711 -0.100001 3.544754
v 1.636055 -0.600001 3.436263
v 0.860726 0.600000 2.837434
v 0.581833 0.600000 1.918048
v 0.290692 0.600000 2.951445
v 0.196498 0.600000 1.995079
v -0.290632 0.600000 2.950833
v -0.196461 0.600000 1.994703
v -0.860905 0.600000 2.838022
v -0.581943 0.600000 1.918409
v -1.397744 0.600000 2.614994
v -0.944846 0.600000 1.767683
v -1.881436 0.600000 2.292537
v -1.271788 0.600000 1.549679
v -2.292062 0.600000 1.881047
v -1.549387 0.600000 1.271549
v -2.615536 0.600000 1.398033
v -1.768016 0.600000 0.945024
v -2.837434 0.600000 0.860726
v -1.918048 0.600000 0.581834
v -2.951445 0.600000 0.290692
v -1.995079 0.600000 0.196498
v -2.950833 0.600000 -0.290632
v -1.994703 0.600000 -0.196461
v -2.838022 0.600000 -0.860905
v -1.918409 0.600000 -0.581943
v -2.614994 0.600000 -1.397743
v -1.767683 0.600000 -0.944846
v -2.292537 0.600000 -1.881436
v -1.549679 0.600000 -1.271788
v -1.881046 0.600000 -2.292062
v -1.271549 0.600000 -1.549387
v -1.398033 0.600000 -2.615536
v -0.945024 0.600000 -1.768016
v -0.860726 0.600001 -2.837434
v -0.581833 0.600000 -1.918048
v -0.290692 0.600001 -2.951445
v -0.196498 0.600000 -1.995078
v 0.290632 0.600001 -2.950833
v 0.196461 0.600000 -1.994703
v 0.860905 0.600001 -2.838022
v 0.581943 0.600000 -1.918409
v 1.397744 0.600000 -2.614994
v 0.944846 0.600000 -1.767683
v 1.881436 0.600000 -2.292537
v 1.271788 0.600000 -1.549679
v 2.292062 0.600000 -1.881046
v 1.549387 0.600000 -1.271549
v 2.615536 0.600000 -1.398033
v 1.768016 0.600000 -0.945024
v 2.837434 0.600000 -0.860726
v 1.918048 0.600000 -0.581833
v 2.951445 0.600000 -0.290692
v 1.995079 0.600000 -0.196498
v 2.950833 0.600000 0.290632
v 1.994703 0.600000 0.196461
v 2.838022 0.600000 0.860905
v 1.918409 0.600000 0.581943
v 2.614994 0.600000 1.397744
v 1.767683 0.600000 0.944846
v 2.292537 0.600000 1.881436
v 1.549679 0.600000 1.271789
v 1.680871 0.599999 3.144689
v 1.633732 0.499999 3.056497
v 1.005869 0.499999 3.315904
v 1.034897 0.599999 3.411598
v 0.339700 0.499999 3.449037
v 0.349502 0.599999 3.548555
v -0.339640 0.499999 3.448425
v -0.349442 0.599999 3.547944
v -1.006047 0.499999 3.316492
v -1.035075 0.599999 3.412186
v -1.633442 0.499999 3.055955
v -1.680582 0.599999 3.144147
v -2.198633 0.500000 2.679042
v -2.262072 0.600000 2.756343
v -2.678567 0.500000 2.198243
v -2.755868 0.600000 2.261682
v -3.056497 0.500000 1.633732
v -3.144689 0.600000 1.680871
v -3.315904 0.500000 1.005869
v -3.411598 0.600000 1.034897
v -3.449037 0.500000 0.339701
v -3.548555 0.600000 0.349502
v -3.448425 0.500000 -0.339640
v -3.547944 0.600000 -0.349442
v -3.316492 0.500000 -1.006047
v -3.412186 0.600000 -1.035075
v -3.055955 0.500000 -1.633442
v -3.144147 0.600000 -1.680581
v -2.679042 0.500000 -2.198633
v -2.756343 0.600000 -2.262072
v -2.198243 0.500000 -2.678567
v -2.261682 0.600001 -2.755868
v -1.633732 0.500000 -3.056497
v -1.680871 0.600001 -3.144689
v -1.005869 0.500001 -3.315904
v -1.034897 0.600001 -3.411598
v -0.339700 0.500001 -3.449037
v -0.349502 0.600001 -3.548555
v 0.339640 0.500001 -3.448425
v 0.349442 0.600001 -3.547944
v 1.006047 0.500001 -3.316492
v 1.035075 0.600001 -3.412186
v 1.633442 0.500000 -3.055955
v 1.680582 0.600001 -3.144147
v 2.198633 0.500000 -2.679042
v 2.262072 0.600001 -2.756343
v 2.678567 0.500000 -2.198243
v 2.755868 0.600000 -2.261682
v 3.056497 0.500000 -1.633731
v 3.144689 0.600000 -1.680871
v 3.315904 0.500000 -1.005868
v 3.411598 0.600000 -1.034897
v 3.449037 0.500000 -0.339700
v 3.548555 0.600000 -0.349502
v 3.448425 0.500000 0.339640
v 3.547944 0.600000 0.349442
v 3.316492 0.500000 1.006047
v 3.412186 0.600000 1.035076
v 3.055955 0.500000 1.633442
v 3.144147 0.600000 1.680582
v 2.679042 0.500000 2.198633
v 2.756343 0.600000 2.262072
v 2.198243 0.500000 2.678567
v 2.261682 0.600000 2.755868
v 3.922765 -0.100000 0.780324
v 3.922765 -0.400000 0.780324
v 0.780324 -0.099999 -3.922765
v 0.780324 -0.099999 -4.228584
v 1.254272 -0.099999 -4.134781
v 1.166757 -0.099999 -3.846282
v -3.922765 -0.100000 -0.780324
v -4.228584 -0.100000 -0.780324
v -4.134781 -0.100000 -1.254272
v -3.846282 -0.100000 -1.166757
v -0.780324 -0.100001 3.922765
v -0.780324 -0.100001 4.228584
v -1.254272 -0.100001 4.134781
v -1.166757 -0.100001 3.846282
v -2.036444 -0.100001 3.809919
v -1.894354 -0.100001 3.544087
v -2.741108 -0.100001 3.340050
v -2.549851 -0.100001 3.107003
v -3.339422 -0.100000 2.740592
v -3.106418 -0.100000 2.549371
v -3.810636 -0.100000 2.036827
v -3.544754 -0.100000 1.894711
v -4.134003 -0.100000 1.254036
v -3.845558 -0.100000 1.166537
v -4.228715 -0.100000 0.780252
v -3.922779 -0.100000 0.780252
v -3.809919 -0.100000 -2.036444
v -3.544087 -0.100000 -1.894354
v -3.340050 -0.100000 -2.741108
v -3.107003 -0.100000 -2.549851
v -2.740592 -0.099999 -3.339422
v -2.549371 -0.099999 -3.106418
v -2.036827 -0.099999 -3.810636
v -1.894711 -0.099999 -3.544754
v -1.254036 -0.099999 -4.134003
v -1.166537 -0.099999 -3.845558
v -0.780252 -0.099999 -4.228715
v -0.780252 -0.099999 -3.922779
v 2.036444 -0.099999 -3.809919
v 1.894354 -0.099999 -3.544087
v 1.166757 0.300001 -3.846282
v 1.894354 0.300001 -3.544087
v 1.989304 0.300001 -3.721726
v 1.225244 0.300001 -4.039087
v 2.741108 -0.099999 -3.340050
v 2.549851 -0.099999 -3.107003
v 2.549851 0.300001 -3.107003
v 2.677669 0.300001 -3.262749
v 3.339422 -0.100000 -2.740592
v 3.106418 -0.100000 -2.549371
v 3.106418 0.300000 -2.549371
v 3.262120 0.300000 -2.677153
v 3.810636 -0.100000 -2.036827
v 3.544754 -0.100000 -1.894711
v 4.134003 -0.100000 -1.254036
v 3.845558 -0.100000 -1.166537
v 3.544754 0.300000 -1.894711
v 3.845558 0.300000 -1.166537
v 4.038309 0.300000 -1.225008
v 3.722444 0.300000 -1.989688
v 3.922779 0.300000 -0.780251
v 4.128715 0.300000 -0.780251
v 4.228715 -0.100000 -0.780252
v 3.922779 -0.100000 -0.780252
v -1.254272 0.199999 4.134781
v -0.780324 0.199999 4.228584
v -0.780324 0.299999 4.128584
v -1.225244 0.299999 4.039087
v -1.989304 0.299999 3.721726
v -2.036444 0.199999 3.809919
v -2.677669 0.299999 3.262749
v -2.741108 0.199999 3.340050
v -3.262120 0.300000 2.677153
v -3.339422 0.200000 2.740592
v -3.722444 0.300000 1.989688
v -3.810636 0.200000 2.036827
v -4.038309 0.300000 1.225008
v -4.134003 0.200000 1.254036
v -4.128715 0.300000 0.780252
v -4.228715 0.200000 0.780252
v 0.780324 0.300001 -4.128584
v 0.780324 0.300001 -3.922765
v -4.134781 0.200000 -1.254272
v -4.228584 0.200000 -0.780324
v -4.128584 0.300000 -0.780324
v -4.039087 0.300000 -1.225244
v -3.721726 0.300000 -1.989304
v -3.809919 0.200000 -2.036444
v -3.262749 0.300000 -2.677669
v -3.340050 0.200000 -2.741108
v -2.677153 0.300001 -3.262120
v -2.740592 0.200001 -3.339422
v -1.989688 0.300001 -3.722444
v -2.036827 0.200001 -3.810636
v -1.225008 0.300001 -4.038309
v -1.254036 0.200001 -4.134003
v -0.780252 0.300001 -4.128715
v -0.780252 0.200001 -4.228715
v 2.740592 0.199999 3.339422
v 3.340050 0.200000 2.741108
v 3.262749 0.300000 2.677669
v 2.677153 0.299999 3.262120
v 1.989688 0.299999 3.722444
v 2.036827 0.199999 3.810636
v 1.225008 0.299999 4.038309
v 1.254036 0.199999 4.134003
v 0.780252 0.299999 4.128715
v 0.780252 0.199999 4.228715
v 4.134781 0.200000 1.254272
v 4.228584 0.200000 0.780324
v 4.128584 0.300000 0.780324
v 4.039087 0.300000 1.225244
v 3.721726 0.300000 1.989304
v 3.809919 0.200000 2.036444
v 2.066733 -1.000000 2.344555
v 2.344874 -1.000000 2.066967
v -1.635835 -0.600001 3.435926
v -1.375182 -1.000000 2.806635
v -1.012285 -1.000000 2.957375
v 1.272939 -0.599999 -3.586670
v 1.012285 -1.000000 -2.957376
v 0.581943 -1.000000 -1.918409
v 0.581943 -0.600000 -1.918409
v 3.436263 -0.600000 -1.636055
v 2.806973 -1.000000 -1.375387
v 1.768016 -1.000000 -0.945024
v 1.768016 -0.600000 -0.945024
v -2.548602 -0.600001 2.826519
v -2.066967 -1.000000 2.344874
v -1.271788 -1.000000 1.549679
v -1.271788 -0.600000 1.549679
v -2.826519 -0.600000 -2.548602
v -2.344874 -1.000000 -2.066968
v -1.549679 -1.000000 -1.271789
v -1.549679 -0.600000 -1.271789
v -1.272857 -0.599999 -3.586277
v -1.012190 -1.000000 -2.956991
v -1.375387 -1.000000 -2.806974
v -1.636055 -0.599999 -3.436263
v -1.918048 -1.000000 0.581833
v -1.768016 -1.000000 0.945024
v -2.806973 -1.000000 1.375387
v -2.956991 -1.000000 1.012190
v 1.549387 -1.000000 -1.271549
v 1.271788 -1.000000 -1.549679
v 2.066967 -1.000000 -2.344874
v 2.344555 -1.000000 -2.066734
v -1.767683 -1.000000 -0.944846
v -1.918409 -1.000000 -0.581943
v -2.957375 -1.000000 -1.012285
v -2.806635 -1.000000 -1.375182
v 0.581833 -1.000000 1.918048
v 0.945024 -1.000000 1.768016
v 1.375387 -1.000000 2.806973
v 1.012190 -1.000000 2.956991
v 1.767683 -1.000000 0.944846
v 1.918409 -1.000000 0.581943
v 2.957375 -1.000000 1.012284
v 2.806635 -1.000000 1.375182
v 0.262656 -0.400002 10.999874
v -0.393891 -0.268691 6.393176
v -10.999874 -0.400000 0.262656
v -6.553021 -0.400000 -0.262582
v -0.262656 -0.399998 -10.999874
v 0.262582 -0.399999 -6.553021
v 10.999874 -0.400000 -0.262656
v 6.553021 -0.400000 0.262582
v 6.554086 -0.400000 -0.262656
v 6.754086 -0.600000 -0.262656
v 6.753021 -0.600000 0.262582
v 0.262656 -0.400001 6.554086
v 0.262656 -0.600001 6.754086
v -0.262582 -0.600001 6.753021
v -0.262582 -0.400001 6.553021
v -6.554086 -0.400000 0.262656
v -6.754086 -0.600000 0.262656
v -6.753021 -0.600000 -0.262582
v -0.262656 -0.399999 -6.554086
v -0.262656 -0.599999 -6.754086
v 0.262582 -0.599999 -6.753021
v 0.263537 -0.199998 -11.999372
v -0.261701 -0.199998 -11.999874
v -0.261892 0.000002 -11.799874
v 0.263346 0.000002 -11.799373
v -0.263346 -0.000002 11.799373
v -0.263537 -0.200002 11.999372
v 0.261701 -0.200002 11.999874
v 0.261892 -0.000002 11.799874
v 11.999874 -0.200000 -0.261701
v 11.799874 0.000000 -0.261892
v 11.799373 -0.000000 0.263346
v 11.999372 -0.200000 0.263537
v -0.199582 -0.599998 -11.077217
v -0.199582 -0.999998 -11.077217
v 0.200333 -0.999998 -11.076589
v 0.200333 -0.599998 -11.076589
v 0.200418 -0.599998 -11.475960
v 0.200418 -0.999998 -11.475960
v -0.199497 -0.999998 -11.476588
v -0.199497 -0.599998 -11.476588
v 11.476588 -1.000000 -0.199497
v 11.475960 -1.000000 0.200418
v 11.076589 -1.000000 0.200333
v 11.077217 -1.000000 -0.199582
v 0.199497 -1.000002 11.476588
v -0.200418 -1.000002 11.475960
v -0.200333 -1.000002 11.076589
v 0.199582 -1.000002 11.077217
v -11.476588 -0.600000 0.199497
v -11.476588 -1.000000 0.199496
v -11.077217 -1.000000 0.199582
v -11.077217 -0.600000 0.199582
v -11.076589 -0.600000 -0.200333
v -11.076589 -1.000000 -0.200333
v -11.475960 -1.000000 -0.200418
v -11.475960 -0.600000 -0.200418
v -0.343891 0.349999 6.929865
v 0.343966 0.349999 6.929865
v 0.393966 0.399999 6.879865
v -0.393891 0.399999 8.353243
v 0.393966 0.399999 8.353243
v 0.393966 0.399999 7.366554
v -0.393891 0.399999 7.366554
v -0.393891 0.199999 8.353243
v -0.343891 0.349999 8.403244
v -0.393891 0.199999 8.839932
v -0.393891 0.399999 8.839932
v -0.343891 0.349999 8.789932
v -0.343891 0.249999 8.789932
v -0.393891 0.399999 9.826622
v 0.393966 0.399999 9.826622
v 0.393966 0.399999 8.839932
v -0.393891 0.199999 9.826622
v -0.343891 0.349999 9.876621
v -0.393891 0.199998 10.313311
v -0.343891 0.349999 10.263310
v -0.343891 0.249999 10.263310
v -0.343891 0.249999 6.929865
v -0.343891 0.249999 7.316554
v -0.343891 0.349999 7.316554
v 0.343966 0.349999 7.316554
v 0.393966 0.199999 7.366554
v 0.343966 0.349999 8.789932
v 0.343966 0.249999 8.789932
v 0.343966 0.249999 8.403244
v 0.343966 0.349999 8.403244
v 0.343966 0.349999 10.263310
v 0.343966 0.249999 10.263310
v 0.343966 0.249999 9.876621
v 0.343966 0.349999 9.876621
v -0.343891 0.249999 9.876621
v -0.343891 0.249999 8.403244
v 0.343966 0.249999 7.316554
v -10.313311 0.400000 0.393966
v -10.263310 0.350000 0.343966
v -10.263310 0.350000 -0.343891
v -10.313311 0.400000 -0.393891
v -9.826622 0.200000 -0.393891
v -10.026518 0.200000 -0.393891
v -9.876621 0.250000 -0.343891
v -9.826622 0.200000 0.393966
v -9.876621 0.350000 0.343966
v -9.876621 0.250000 0.343966
v -9.826622 0.400000 0.393966
v -8.839932 0.400000 0.393966
v -8.839932 0.400000 -0.393891
v -9.826622 0.400000 -0.393891
v -8.839932 0.200000 -0.393891
v -8.789932 0.350000 -0.343891
v -8.789932 0.250000 -0.343891
v -8.353243 0.200000 -0.393891
v -8.403244 0.350000 -0.343891
v -8.353243 0.400000 -0.393891
v -8.353243 0.200000 0.393966
v -8.403244 0.350000 0.343966
v -8.403244 0.250000 0.343966
v -8.353243 0.400000 0.393966
v -7.366554 0.200000 0.393966
v -7.166658 0.200000 0.393966
v -7.316554 0.250000 0.343966
v -7.366554 0.400000 0.393966
v -7.316554 0.350000 0.343966
v -7.316554 0.350000 -0.343891
v -7.366554 0.400000 -0.393891
v -6.879865 0.400000 -0.393891
v -6.929865 0.350000 -0.343891
v -6.929865 0.350000 0.343966
v -6.879865 0.400000 0.393966
v -8.789932 0.350000 0.343966
v -8.839932 0.200000 0.393966
v -6.929865 0.250000 -0.343891
v -7.316554 0.250000 -0.343891
v -8.403244 0.250000 -0.343891
v -6.929865 0.250000 0.343966
v -6.966658 0.200000 0.393966
v -6.879865 0.200000 0.393966
v -10.263310 0.250000 -0.343891
v -10.226518 0.200000 -0.393891
v -10.313311 0.200000 -0.393891
v -8.789932 0.250000 0.343966
v 0.393891 0.200002 -10.313311
v 0.343891 0.350001 -10.263310
v 0.343891 0.250002 -10.263310
v 0.393891 0.400001 -9.826622
v 0.343891 0.350001 -9.876621
v -0.343966 0.350001 -9.876621
v -0.393966 0.400001 -9.826622
v -0.393966 0.200001 -8.839932
v -0.343966 0.350001 -8.789932
v -0.393966 0.400001 -8.839932
v 0.393891 0.200001 -8.353243
v 0.393891 0.200001 -8.496212
v 0.343891 0.250001 -8.403244
v -0.393966 0.200001 -8.353243
v -0.343966 0.350001 -8.403244
v -0.343966 0.250001 -8.403244
v -0.393966 0.400001 -8.353243
v -0.393966 0.400001 -7.366554
v 0.393891 0.400001 -7.366554
v 0.393891 0.400001 -8.353243
v -0.393966 0.200001 -7.366554
v -0.343966 0.350001 -7.316554
v -0.393966 0.200001 -6.879865
v -0.343966 0.350001 -6.929865
v -0.343966 0.250001 -6.929865
v -0.393966 0.400001 -6.879865
v -0.343966 0.350001 -10.263310
v -0.343966 0.250002 -10.263310
v -0.343966 0.250001 -9.876621
v 0.343891 0.350001 -8.403244
v 0.343891 0.350001 -8.789932
v 0.343891 0.350001 -6.929865
v 0.343891 0.250001 -6.929865
v 0.343891 0.250001 -7.316554
v 0.343891 0.350001 -7.316554
v -0.343966 0.250001 -8.789932
v 0.393891 0.200001 -8.696212
v 0.343891 0.250001 -8.789932
v 0.393891 0.200001 -8.839932
v -0.343966 0.250001 -7.316554
v 6.879865 0.400000 0.393892
v 6.929865 0.350000 0.343892
v 6.929865 0.350000 -0.343966
v 6.879865 0.400000 -0.393966
v 7.366554 0.400000 0.393892
v 7.316554 0.350000 0.343892
v 7.366554 0.200000 0.393892
v 7.316554 0.250000 0.343892
v 8.353243 0.400000 0.393892
v 8.403244 0.350000 0.343892
v 8.403244 0.350000 -0.343966
v 8.353243 0.400000 -0.393966
v 8.839932 0.400000 -0.393966
v 8.789932 0.350000 -0.343966
v 8.789932 0.350000 0.343892
v 8.839932 0.400000 0.393892
v 9.826622 0.200000 -0.393966
v 9.876621 0.350000 -0.343966
v 9.876621 0.250000 -0.343966
v 9.826622 0.400000 -0.393966
v 9.826622 0.200000 0.393892
v 9.876621 0.350000 0.343892
v 9.826622 0.400000 0.393892
v 10.263310 0.350000 0.343892
v 10.313311 0.200000 0.393892
v 10.313311 0.200000 -0.393966
v 10.263310 0.350000 -0.343966
v 10.263310 0.250000 0.343892
v 7.316554 0.350000 -0.343966
v 7.316554 0.250000 -0.343966
v 6.929865 0.250000 -0.343966
v 8.403244 0.250000 0.343892
v 8.789932 0.250000 0.343892
v 8.789932 0.250000 -0.343966
v 8.403244 0.250000 -0.343966
v 10.263310 0.250000 -0.343966
v 9.876621 0.250000 0.343892
v -0.393891 -0.268692 6.808436
v -0.393891 0.099999 7.323697
v -0.393891 0.099999 7.166067
v -2.393892 0.099999 7.166067
v -2.393892 0.099999 7.323697
v 0.393966 0.099999 8.338958
v 2.393966 0.099999 8.338958
v 2.025275 -0.268692 8.338958
v 0.393966 -0.268692 8.338958
v -0.393891 0.099999 8.338958
v -2.393892 0.099999 8.338958
v -2.393892 0.099999 8.496588
v -0.393891 0.099999 8.496588
v 0.393966 -0.268692 9.869479
v 2.025275 -0.268692 9.869479
v 2.025275 -0.268692 10.027109
v 2.025275 -0.268692 10.227109
v 2.025275 -0.268692 10.384740
v 0.393966 -0.268692 10.384740
v 3.242494 -0.748529 8.338958
v 2.717245 -0.960661 8.338958
v -8.339388 -0.268690 0.393966
v -8.339388 -0.268691 2.025275
v -8.496964 -0.268691 2.025275
v -8.696964 -0.268691 2.025275
v -8.854541 -0.268691 2.025275
v -8.854541 -0.268690 0.393966
v -6.808329 0.100000 -0.393891
v -6.808329 0.100000 -2.393892
v -6.965906 0.100000 -2.393892
v -6.965906 0.100000 -0.393891
v -7.323482 0.100000 -0.393891
v -7.165905 0.100000 -0.393891
v -7.165905 0.100000 -2.393892
v -7.323482 0.100000 -2.393892
v -8.338634 0.100000 -0.393891
v -8.338634 0.100000 -2.393892
v -8.496212 0.100000 -2.393892
v -8.496212 0.100000 -0.393891
v -8.853788 0.100000 -0.393891
v -8.696212 0.100000 -0.393891
v -8.696212 0.100000 -2.393892
v -8.853788 0.100000 -2.393892
v -10.384094 0.100000 -0.393891
v -10.226518 0.100000 -0.393891
v -10.226518 0.100000 -2.393892
v -10.384094 0.100000 -2.393892
v -0.393966 -0.268689 -8.339388
v -2.025275 -0.268689 -8.339388
v -2.025275 -0.268689 -8.496964
v -2.025275 -0.268689 -8.696964
v -2.025275 -0.268689 -8.854541
v -0.393966 -0.268689 -8.854541
v 0.393891 -0.268689 -10.384094
v 2.025201 -0.268689 -10.384094
v 2.025201 -0.268689 -10.226518
v 2.025201 -0.268689 -10.026518
v 2.025201 -0.268689 -9.868941
v 0.393891 -0.268689 -9.868941
v 0.393891 -0.268689 -8.853788
v 2.025201 -0.268689 -8.853788
v 2.025201 -0.268689 -8.696212
v 2.025201 -0.268689 -8.496212
v 2.025201 -0.268689 -8.338634
v 0.393891 -0.268689 -8.338634
v 0.393891 -0.268689 -7.323482
v 2.025201 -0.268689 -7.323482
v 2.025201 -0.268689 -7.165905
v 2.025201 -0.268689 -6.965906
v 2.025201 -0.268689 -6.808329
v 0.393891 -0.268689 -6.808329
v 0.393891 0.100001 -6.808329
v 2.393892 0.100001 -6.808329
v 2.393892 0.100001 -6.965906
v 0.393891 0.100001 -6.965906
v 0.393891 0.100001 -8.338634
v 2.393892 0.100001 -8.338634
v 2.393892 0.100001 -8.496212
v 0.393891 0.100001 -8.496212
v 0.393891 0.100002 -10.384094
v 0.393891 0.100002 -10.226518
v 2.393892 0.100002 -10.226518
v 2.393892 0.100002 -10.384094
v 9.869694 -0.268690 -0.393966
v 9.869694 -0.268690 -2.025275
v 10.027270 -0.268690 -2.025275
v 10.227270 -0.268690 -2.025275
v 10.384847 -0.268690 -2.025275
v 10.384847 -0.268690 -0.393966
v 8.339388 -0.268690 -0.393966
v 8.339388 -0.268690 -2.025275
v 8.496964 -0.268690 -2.025275
v 8.696964 -0.268690 -2.025275
v 8.854541 -0.268690 -2.025275
v 8.854541 -0.268690 -0.393966
v 10.384094 -0.268690 0.393891
v 10.384094 -0.268691 2.025201
v 10.226518 -0.268691 2.025201
v 10.026518 -0.268691 2.025201
v 9.868941 -0.268691 2.025201
v 9.868941 -0.268690 0.393891
v 6.808329 0.100000 0.393892
v 6.808329 0.100000 2.393892
v 6.965906 0.100000 2.393892
v 6.965906 0.100000 0.393892
v 8.853788 0.100000 0.393892
v 8.696212 0.100000 0.393892
v 8.696212 0.100000 2.393892
v 8.853788 0.100000 2.393892
v 10.384847 0.100000 -0.393966
v 10.384847 0.100000 -2.393966
v 10.227270 0.100000 -2.393966
v 10.227270 0.100000 -0.393966
v 9.869694 0.100000 -0.393966
v 10.027270 0.100000 -0.393966
v 10.027270 0.100000 -2.393966
v 9.869694 0.100000 -2.393966
v 7.324235 0.100000 -0.393966
v 7.324235 0.100000 -2.393966
v 7.166658 0.100000 -2.393966
v 7.166658 0.100000 -0.393966
v 6.809082 0.100000 -0.393966
v 6.966658 0.100000 -0.393966
v 6.966658 0.100000 -2.393966
v 6.809082 0.100000 -2.393966
v -7.324235 0.100000 2.393966
v -7.166658 0.100000 2.393966
v -7.166658 0.100000 0.393966
v -7.324235 0.100000 0.393966
v -2.393966 0.100001 -7.324235
v -2.393966 0.100001 -7.166658
v -0.393966 0.100001 -7.166658
v -0.393966 0.100001 -7.324235
v 3.242494 -1.948529 8.338958
v 2.717245 -2.160662 8.338958
v -8.853788 -0.960660 -2.717171
v -8.696212 -0.960660 -2.717171
v -8.696212 -0.268690 -2.025201
v -8.853788 -0.268690 -2.025201
v -3.242494 -0.748527 -8.854541
v -3.242494 -0.748527 -8.696964
v -2.393966 0.100001 -8.696964
v -2.393966 0.100001 -8.854541
v -2.717245 -0.960659 -9.869694
v -2.717245 -0.960659 -10.027270
v -2.025275 -0.268689 -10.027270
v -2.025275 -0.268689 -9.869694
v -3.242494 -0.748527 -10.384847
v -3.242494 -0.748527 -10.227270
v -2.393966 0.100002 -10.227270
v -2.393966 0.100002 -10.384847
v -2.717171 -0.960662 8.854218
v -2.717171 -0.960662 8.696588
v -2.025201 -0.268692 8.696588
v -2.025201 -0.268692 8.854218
v -9.868941 -0.748528 -3.242420
v -10.026518 -0.748528 -3.242420
v -10.026518 0.100000 -2.393892
v -9.868941 0.100000 -2.393892
v -10.384094 -0.960660 -2.717171
v -10.226518 -0.960660 -2.717171
v -10.226518 -0.268690 -2.025201
v -10.384094 -0.268690 -2.025201
v 2.717245 -0.960661 6.808436
v 2.717245 -0.960661 6.966067
v 2.025275 -0.268692 6.966067
v 2.025275 -0.268692 6.808436
v 3.242494 -0.748529 7.323697
v 3.242494 -0.748529 7.166067
v 2.393966 0.099999 7.166067
v 2.393966 0.099999 7.323697
v -2.717245 -0.960659 -6.809082
v -2.717245 -0.960659 -6.966658
v -2.025275 -0.268689 -6.966658
v -2.025275 -0.268689 -6.809082
v 3.242494 -0.748529 8.854218
v 3.242494 -0.748529 8.696588
v 2.393966 0.099999 8.696588
v 2.393966 0.099999 8.854218
v 3.242420 -0.748527 -9.868941
v 3.242420 -0.748527 -10.026518
v 2.393892 0.100001 -10.026518
v 2.393892 0.100001 -9.868941
v 3.242494 -0.748530 10.384740
v 3.242494 -0.748530 10.227109
v 2.393966 0.099998 10.227109
v 2.393966 0.099998 10.384740
v 9.868941 -0.748529 3.242419
v 10.026518 -0.748529 3.242419
v 10.026518 0.100000 2.393892
v 9.868941 0.100000 2.393892
v 8.854541 -0.748528 -3.242494
v 8.696964 -0.748528 -3.242494
v 8.696964 0.100000 -2.393966
v 8.854541 0.100000 -2.393966
v 8.338634 -0.748529 3.242419
v 8.496212 -0.748529 3.242419
v 8.496212 0.100000 2.393892
v 8.338634 0.100000 2.393892
v 8.853788 -0.960661 2.717170
v 8.696212 -0.960661 2.717170
v 8.696212 -0.268691 2.025201
v 8.853788 -0.268691 2.025201
v -9.869694 -0.960661 2.717245
v -10.027270 -0.960661 2.717245
v -10.027270 -0.268691 2.025275
v -9.869694 -0.268691 2.025275
v -10.384847 -0.748529 3.242494
v -10.227270 -0.748529 3.242494
v -10.227270 0.100000 2.393966
v -10.384847 0.100000 2.393966
v -7.323482 -0.960660 -2.717171
v -7.165905 -0.960660 -2.717171
v -7.165905 -0.268690 -2.025201
v -7.323482 -0.268690 -2.025201
v -8.854541 -0.748529 3.242494
v -8.696964 -0.748529 3.242494
v -8.696964 0.100000 2.393966
v -8.854541 0.100000 2.393966
v -2.717171 -0.960661 7.323697
v -2.717171 -0.960661 7.166067
v -2.025201 -0.268692 7.166067
v -2.025201 -0.268692 7.323697
v 6.809082 -0.960660 -2.717245
v 6.966658 -0.960660 -2.717245
v 6.966658 -0.268690 -2.025275
v 6.809082 -0.268690 -2.025275
v 7.323482 -0.960661 2.717170
v 7.165905 -0.960661 2.717170
v 7.165905 -0.268691 2.025201
v 7.323482 -0.268691 2.025201
v -3.242420 -0.748530 9.869479
v -3.242420 -0.748530 10.027109
v -2.393892 0.099999 10.027109
v -2.393892 0.099999 9.869479
v -2.717171 -0.960662 10.384740
v -2.717171 -0.960662 10.227109
v -2.025201 -0.268692 10.227109
v -2.025201 -0.268692 10.384740
v -3.242420 -1.948529 6.808436
v -3.242420 -0.748529 6.966067
v -3.242420 -0.748529 6.808436
v -3.242420 -1.948529 7.323697
v -3.242420 -0.748529 7.166067
v 9.869694 -1.948528 -3.242494
v 10.027270 -0.748528 -3.242494
v 10.227270 -0.748528 -3.242494
v 10.384847 -1.948528 -3.242494
v 10.384847 -0.748528 -3.242494
v 2.717245 -2.160661 6.808436
v 2.836662 -2.112432 6.937224
v 2.836662 -2.112432 7.194909
v 2.717245 -2.160661 7.323697
v 3.242494 -1.948529 6.808436
v 3.123077 -1.996758 6.937224
v 3.242494 -1.948529 7.323697
v 3.123077 -1.996758 7.194909
v -7.323482 -1.948528 -3.242420
v -7.165905 -0.748528 -3.242420
v -6.965906 -0.748528 -3.242420
v -6.808329 -1.948528 -3.242420
v -6.808329 -0.748528 -3.242420
v -8.853788 -1.948528 -3.242420
v -8.696212 -0.748528 -3.242420
v -8.496212 -0.748528 -3.242420
v -8.338634 -1.948528 -3.242420
v -8.338634 -0.748528 -3.242420
v -10.384094 -2.160660 -2.717171
v -10.255306 -2.112431 -2.836588
v -9.997729 -2.112431 -2.836588
v -9.868941 -2.160660 -2.717171
v -10.384094 -1.948528 -3.242420
v -10.255306 -1.996757 -3.123003
v -9.868941 -1.948528 -3.242420
v -9.997729 -1.996757 -3.123003
v -2.717171 -2.160662 9.869479
v -2.836588 -2.112433 9.998267
v -3.123003 -1.996758 9.998267
v -3.242420 -1.948529 9.869479
v -2.717171 -2.160662 10.384740
v -2.836588 -2.112433 10.255951
v -3.242420 -1.948530 10.384740
v -3.123003 -1.996758 10.255951
v -7.323482 -0.748528 -3.242420
v -8.853788 -0.748528 -3.242420
v -10.226518 -0.748528 -3.242420
v -10.226518 -0.819238 -3.313131
v -10.026518 -0.819238 -3.313131
v -8.496964 -0.748529 3.242494
v -8.496964 -0.819239 3.313204
v -8.696964 -0.819239 3.313204
v -6.966658 0.100000 2.393966
v -6.966658 -0.748529 3.242494
v -6.809082 -0.748529 3.242494
v -6.809082 0.100000 2.393966
v -10.027270 0.100000 2.393966
v -10.027270 -0.748529 3.242494
v -9.869694 -0.748529 3.242494
v -9.869694 0.100000 2.393966
v -8.496964 0.100000 2.393966
v -8.339388 -0.748529 3.242494
v -8.339388 0.100000 2.393966
v -10.026518 0.200000 -2.435313
v -10.026518 -0.677817 -3.313130
v -10.226518 -0.677817 -3.313130
v -10.226518 0.200000 -2.435313
v -8.696212 0.200000 -2.435313
v -8.696212 0.200000 -0.393891
v -8.496212 0.200000 -0.393891
v -8.496212 0.200000 -2.435313
v -7.165905 0.200000 -2.435313
v -7.165905 0.200000 -0.393891
v -6.965906 0.200000 -0.393891
v -6.965906 0.200000 -2.435313
v -8.496964 0.200000 2.435387
v -8.496964 0.200000 0.393966
v -8.696964 0.200000 0.393966
v -8.696964 0.200000 2.435387
v -10.027270 0.200000 2.435387
v -10.027270 0.200000 0.393966
v -10.227270 0.200000 0.393966
v -10.227270 0.200000 2.435387
v 3.242420 -0.748527 -8.696212
v 3.313130 -0.819237 -8.696212
v 3.313130 -0.819238 -8.496212
v 3.242420 -0.748527 -8.496212
v 3.242420 -0.748527 -10.226518
v 3.313130 -0.819237 -10.226518
v 3.313130 -0.819237 -10.026518
v 3.242420 -0.748527 -7.165905
v 3.313130 -0.819238 -7.165905
v 3.313130 -0.819238 -6.965906
v 3.242420 -0.748527 -6.965906
v -3.242494 -0.748527 -6.966658
v -3.313205 -0.819238 -6.966658
v -3.313205 -0.819238 -7.166658
v -3.242494 -0.748527 -7.166658
v -2.393966 0.100001 -8.496964
v -3.242494 -0.748527 -8.496964
v -3.242494 -0.748527 -8.339388
v -2.393966 0.100001 -8.339388
v -2.393966 0.100001 -10.027270
v -3.242494 -0.748527 -10.027270
v -3.242494 -0.748527 -9.869694
v -2.393966 0.100001 -9.869694
v 2.393892 0.100001 -7.165905
v 3.242420 -0.748527 -7.323482
v 2.393892 0.100001 -7.323482
v 2.393892 0.100001 -8.696212
v 3.242420 -0.748527 -8.853788
v 2.393892 0.100001 -8.853788
v -0.393966 0.100001 -6.966658
v -2.393966 0.100001 -6.966658
v -2.393966 0.100001 -6.809082
v -0.393966 0.100001 -6.809082
v -2.435387 0.200001 -8.496964
v -0.393966 0.200001 -8.496964
v -0.393966 0.200001 -8.696964
v -2.435387 0.200001 -8.696964
v -2.435387 0.200001 -10.027270
v -0.393966 0.200001 -10.027270
v -0.393966 0.200002 -10.227270
v -2.435387 0.200002 -10.227270
v 2.435313 0.200001 -8.496212
v 3.313130 -0.677816 -8.496212
v 3.313130 -0.677816 -8.696212
v 2.435313 0.200001 -8.696212
v 2.435313 0.200001 -6.965906
v 3.313130 -0.677816 -6.965906
v 3.313130 -0.677816 -7.165905
v 2.435313 0.200001 -7.165905
v 2.435313 0.200002 -10.226518
v 0.393891 0.200002 -10.226518
v 0.393891 0.200001 -10.026518
v 2.435313 0.200001 -10.026518
v -2.435387 0.200001 -7.166658
v -3.313205 -0.677816 -7.166658
v -3.313205 -0.677816 -6.966658
v -2.435387 0.200001 -6.966658
v 9.869694 -0.748528 -3.242494
v 8.696212 -0.748529 3.242419
v 8.696212 -0.819239 3.313130
v 8.496212 -0.819239 3.313130
v 8.496964 -0.748528 -3.242494
v 8.496964 -0.819238 -3.313205
v 8.696964 -0.819238 -3.313205
v 6.966658 -0.748528 -3.242494
v 6.966658 -0.819238 -3.313205
v 7.166658 -0.819238 -3.313205
v 7.166658 -0.748528 -3.242494
v 7.165905 -0.748529 3.242419
v 7.165905 -0.819239 3.313130
v 6.965906 -0.819239 3.313130
v 6.965906 -0.748529 3.242419
v 7.165905 0.100000 2.393892
v 7.323482 -0.748529 3.242419
v 7.323482 0.100000 2.393892
v 10.226518 0.100000 2.393892
v 10.226518 -0.748529 3.242419
v 10.384094 -0.748529 3.242419
v 10.384094 0.100000 2.393892
v 8.496964 0.100000 -2.393966
v 8.339388 -0.748528 -3.242494
v 8.339388 0.100000 -2.393966
v 10.226518 0.200000 2.435313
v 10.226518 0.200000 0.393892
v 10.026518 0.200000 0.393892
v 10.026518 0.200000 2.435313
v 8.496964 0.200000 -2.435387
v 8.496964 0.200000 -0.393966
v 8.696964 0.200000 -0.393966
v 8.696964 0.200000 -2.435387
v 6.966658 0.200000 -2.435387
v 6.966658 0.200000 -0.393966
v 7.166658 0.200000 -0.393966
v 7.166658 0.200000 -2.435387
v 10.027270 0.200000 -2.435387
v 10.027270 0.200000 -0.393966
v 10.227270 0.200000 -0.393966
v 10.227270 0.200000 -2.435387
v 8.496212 0.200000 2.435313
v 8.496212 -0.677818 3.313130
v 8.696212 -0.677818 3.313130
v 8.696212 0.200000 2.435313
v 7.165905 0.200000 2.435313
v 7.165905 0.200000 0.393892
v 6.965906 0.200000 0.393892
v 6.965906 0.200000 2.435313
v 3.242494 -0.748529 6.966067
v 3.313205 -0.819240 6.966067
v 3.313205 -0.819240 7.166067
v 3.242494 -0.748530 10.027109
v 3.313205 -0.819240 10.027109
v 3.313205 -0.819240 10.227109
v -3.242420 -0.748530 10.227109
v -3.313130 -0.819240 10.227109
v -3.313130 -0.819240 10.027109
v -3.242420 -0.748529 7.323697
v -2.393892 0.099998 10.227109
v -3.242420 -0.748530 10.384740
v -2.393892 0.099998 10.384740
v -2.393892 0.099999 8.696588
v -3.242420 -0.748529 8.696588
v -3.242420 -0.748529 8.854218
v -2.393892 0.099999 8.854218
v 2.393966 0.099999 10.027109
v 3.242494 -0.748530 9.869479
v 2.393966 0.099999 9.869479
v -0.393891 0.099999 6.966067
v 0.393966 0.099999 6.966067
v 2.393966 0.099999 6.966067
v 2.393966 0.099999 6.808436
v 0.393966 0.099999 6.808436
v 2.435387 0.199999 10.027109
v 0.393966 0.199999 10.027109
v 0.393966 0.199998 10.227109
v 2.435387 0.199998 10.227109
v -2.435313 0.199999 10.027109
v -3.313130 -0.677819 10.027109
v -3.313130 -0.677819 10.227109
v -2.435313 0.199998 10.227109
v 2.435387 0.199999 8.496588
v 0.393966 0.199999 8.496588
v 0.393966 0.199999 8.696588
v 2.435387 0.199999 8.696588
v -2.435313 0.199999 8.696588
v -0.393891 0.199999 8.696588
v -0.393891 0.199999 8.496588
v -2.435313 0.199999 8.496588
v -2.435313 0.199999 7.166067
v -0.393891 0.199999 7.166067
v -0.393891 0.199999 6.966067
v -2.435313 0.199999 6.966067
v 2.435387 0.199999 7.166067
v 3.313205 -0.677819 7.166067
v 3.313205 -0.677819 6.966067
v 2.435387 0.199999 6.966067
v 10.227270 -0.960660 -2.717245
v 10.027270 -0.960660 -2.717245
v 9.869694 -0.960660 -2.717245
v 9.869694 -2.160660 -2.717245
v 10.384847 -2.160660 -2.717245
v 10.384847 -0.960660 -2.717245
v 8.696964 -0.960660 -2.717245
v 8.496964 -0.960660 -2.717245
v 8.339388 -0.960660 -2.717245
v 8.339388 -2.160660 -2.717245
v 8.854541 -2.160660 -2.717245
v 8.854541 -0.960660 -2.717245
v 10.026518 -0.960661 2.717170
v 10.226518 -0.960661 2.717170
v 10.384094 -0.960661 2.717170
v 10.384094 -2.160661 2.717170
v 9.868941 -2.160661 2.717170
v 9.868941 -0.960661 2.717170
v 6.965906 -0.960661 2.717170
v 6.965906 -0.960661 2.575749
v 7.165905 -0.960661 2.575749
v 8.496212 -0.268691 2.025201
v 8.496212 -0.960661 2.717170
v 8.338634 -0.960661 2.717170
v 8.338634 -0.268691 2.025201
v 7.166658 -0.268690 -2.025275
v 7.166658 -0.960660 -2.717245
v 7.324235 -0.960660 -2.717245
v 7.324235 -0.268690 -2.025275
v 7.165905 -0.410112 2.025201
v 6.965906 -0.410112 2.025201
v 6.965906 -0.268691 2.025201
v 6.808329 -0.960661 2.717170
v 6.808329 -0.268691 2.025201
v 8.496964 -0.960660 -2.575824
v 8.696964 -0.960660 -2.575824
v 8.696964 -0.410111 -2.025275
v 8.496964 -0.410111 -2.025275
v 6.966658 -0.960660 -2.575824
v 7.166658 -0.960660 -2.575824
v 7.166658 -0.410111 -2.025275
v 6.966658 -0.410111 -2.025275
v 8.696212 -0.960661 2.575749
v 8.496212 -0.960661 2.575749
v 8.496212 -0.410112 2.025201
v 8.696212 -0.410112 2.025201
v 10.027270 -0.960660 -2.575824
v 10.227270 -0.960660 -2.575824
v 10.227270 -0.410111 -2.025275
v 10.027270 -0.410111 -2.025275
v 10.226518 -0.960661 2.575749
v 10.026518 -0.960661 2.575749
v 10.026518 -0.410112 2.025201
v 10.226518 -0.410112 2.025201
v -2.717171 -0.960661 6.966067
v -2.575749 -0.960661 6.966067
v -2.575749 -0.960661 7.166067
v 2.717245 -0.960661 7.166067
v 2.575824 -0.960661 7.166067
v 2.575824 -0.960661 6.966067
v 2.717245 -0.960662 8.696588
v 2.575824 -0.960662 8.696588
v 2.575824 -0.960661 8.496588
v 2.717245 -0.960661 8.496588
v -2.717171 -0.960661 8.496588
v -2.575749 -0.960661 8.496588
v -2.575749 -0.960662 8.696588
v 2.717245 -0.960662 10.027109
v 2.575824 -0.960662 10.027109
v 2.025275 -0.410113 10.027109
v 2.717245 -0.960662 10.227109
v 2.717245 -0.960662 9.869479
v 2.717245 -2.160662 9.869479
v 2.717245 -2.160662 10.384740
v 2.717245 -0.960662 10.384740
v -2.025201 -0.410113 8.696588
v -2.025201 -0.410113 8.496588
v -2.025201 -0.268692 8.496588
v -2.717171 -0.960661 8.338958
v -2.025201 -0.268692 8.338958
v 2.025275 -0.410113 6.966067
v 2.025275 -0.410113 7.166067
v 2.025275 -0.268692 7.166067
v 2.717245 -0.960661 7.323697
v 2.025275 -0.268692 7.323697
v 2.025275 -0.268692 8.496588
v 2.025275 -0.410113 8.496588
v 2.025275 -0.410113 8.696588
v 2.025275 -0.268692 8.696588
v 2.717245 -0.960662 8.854218
v 2.025275 -0.268692 8.854218
v 2.025275 -0.410113 10.227109
v 2.575824 -0.960662 10.227109
v -2.025201 -0.410113 7.166067
v -2.025201 -0.410113 6.966067
v -2.025201 -0.268692 6.966067
v -2.717171 -0.960661 6.808436
v -2.025201 -0.268692 6.808436
v -2.025201 -0.268692 10.027109
v -2.717171 -0.960662 10.027109
v -2.717171 -0.960662 9.869479
v -2.025201 -0.268692 9.869479
v -2.575749 -0.960662 10.227109
v -2.575749 -0.960662 10.027109
v -2.025201 -0.410113 10.027109
v -2.025201 -0.410113 10.227109
v -6.965906 -0.960660 -2.717171
v -6.965906 -0.960660 -2.575750
v -7.165905 -0.960660 -2.575750
v -8.496212 -0.960660 -2.717171
v -8.496212 -0.960660 -2.575750
v -8.696212 -0.960660 -2.575750
v -8.696964 -0.960661 2.717245
v -8.496964 -0.960661 2.717245
v -8.339388 -0.960661 2.717245
v -8.339388 -2.160661 2.717245
v -8.854541 -2.160661 2.717245
v -8.854541 -0.960661 2.717245
v -6.966658 -0.960661 2.717245
v -6.966658 -0.960661 2.575823
v -6.966658 -0.410112 2.025275
v -6.966658 -0.268691 2.025275
v -10.026518 -0.960660 -2.717171
v -10.026518 -0.960660 -2.575750
v -10.226518 -0.960660 -2.575750
v -8.696212 -0.410111 -2.025201
v -8.496212 -0.410111 -2.025201
v -8.496212 -0.268690 -2.025201
v -8.338634 -0.960660 -2.717171
v -8.338634 -0.268690 -2.025201
v -10.226518 -0.410111 -2.025201
v -10.026518 -0.410111 -2.025201
v -10.026518 -0.268690 -2.025201
v -9.868941 -0.960660 -2.717171
v -9.868941 -0.268690 -2.025201
v -10.227270 -0.268691 2.025275
v -10.227270 -0.960661 2.717245
v -10.384847 -0.960661 2.717245
v -10.384847 -0.268691 2.025275
v -7.165905 -0.410111 -2.025201
v -6.965906 -0.410111 -2.025201
v -6.965906 -0.268690 -2.025201
v -6.808329 -0.960660 -2.717171
v -6.808329 -0.268690 -2.025201
v -7.166658 -0.268691 2.025275
v -7.166658 -0.960661 2.717245
v -7.324235 -0.960661 2.717245
v -7.324235 -0.268691 2.025275
v -10.027270 -0.960661 2.575823
v -10.227270 -0.960661 2.575823
v -10.227270 -0.410112 2.025275
v -10.027270 -0.410112 2.025275
v -8.496964 -0.960661 2.575823
v -8.696964 -0.960661 2.575823
v -8.696964 -0.410112 2.025275
v -8.496964 -0.410112 2.025275
v 2.717171 -0.960659 -8.696212
v 2.575749 -0.960659 -8.696212
v 2.025201 -0.410110 -8.696212
v 2.717171 -0.960659 -8.496212
v 2.717171 -0.960659 -8.853788
v 2.717171 -2.160659 -8.853788
v 2.717171 -2.160659 -8.338634
v 2.717171 -0.960659 -8.338634
v 2.717171 -0.960659 -10.026518
v 2.717171 -0.960659 -10.226518
v 2.717171 -0.960659 -10.384094
v 2.717171 -2.160659 -10.384094
v 2.717171 -2.160659 -9.868941
v 2.717171 -0.960659 -9.868941
v -2.717245 -0.960659 -8.696964
v -2.717245 -0.960659 -8.496964
v -2.717245 -0.960659 -8.339388
v -2.717245 -2.160659 -8.339388
v -2.717245 -2.160659 -8.854541
v -2.717245 -0.960659 -8.854541
v 2.717171 -0.960659 -6.965906
v 2.717171 -0.960659 -7.165905
v 2.717171 -0.960659 -7.323482
v 2.717171 -2.160659 -7.323483
v 2.717171 -2.160659 -6.808330
v 2.717171 -0.960659 -6.808329
v -2.025275 -0.268689 -10.227270
v -2.025275 -0.410110 -10.227270
v -2.575824 -0.960659 -10.227270
v -2.717245 -0.960659 -10.227270
v -2.025275 -0.268689 -7.166658
v -2.717245 -0.960659 -7.166658
v -2.717245 -0.960659 -7.324235
v -2.025275 -0.268689 -7.324235
v 2.025201 -0.410111 -8.496212
v 2.575749 -0.960659 -8.496212
v 2.575749 -0.960659 -10.226518
v 2.575749 -0.960659 -10.026518
v 2.025201 -0.410110 -10.026518
v 2.025201 -0.410110 -10.226518
v -2.575824 -0.960659 -6.966658
v -2.575824 -0.960659 -7.166658
v -2.025275 -0.410111 -7.166658
v -2.025275 -0.410111 -6.966658
v -2.575824 -0.960659 -8.496964
v -2.575824 -0.960659 -8.696964
v -2.025275 -0.410110 -8.696964
v -2.025275 -0.410111 -8.496964
v 2.575749 -0.960659 -7.165905
v 2.575749 -0.960659 -6.965906
v 2.025201 -0.410111 -6.965906
v 2.025201 -0.410111 -7.165905
v 10.227270 -0.819238 -3.313205
v 10.027270 -0.819238 -3.313205
v 10.027270 -0.677817 -3.313205
v 10.227270 -0.677817 -3.313205
v 10.226518 -0.819239 3.313130
v 10.226518 -0.677818 3.313130
v 10.026518 -0.677818 3.313130
v 10.026518 -0.819239 3.313130
v 3.313205 -0.819240 8.696588
v 3.313205 -0.819240 8.496588
v 3.313205 -0.677819 8.496588
v 3.313205 -0.677819 8.696588
v -3.313130 -0.677819 7.166067
v -3.313130 -0.677819 6.966067
v -3.313130 -0.819240 6.966067
v -3.313130 -0.819240 7.166067
v -3.313130 -0.819240 8.496588
v -3.313130 -0.819240 8.696588
v -3.313130 -0.677819 8.696588
v -3.313130 -0.677819 8.496588
v -6.966658 -0.819239 3.313204
v -6.966658 -0.677818 3.313205
v -7.166658 -0.677818 3.313205
v -7.166658 -0.819239 3.313204
v -10.027270 -0.819239 3.313204
v -10.027270 -0.677818 3.313205
v -10.227270 -0.677818 3.313205
v -10.227270 -0.819239 3.313204
v -8.696212 -0.819238 -3.313131
v -8.696212 -0.677817 -3.313130
v -8.496212 -0.677817 -3.313130
v -8.496212 -0.819238 -3.313131
v -7.165905 -0.819238 -3.313131
v -7.165905 -0.677817 -3.313130
v -6.965906 -0.677817 -3.313130
v -6.965906 -0.819238 -3.313131
v -3.313205 -0.819238 -8.496964
v -3.313205 -0.677816 -8.496964
v -3.313205 -0.677816 -8.696964
v -3.313205 -0.819237 -8.696964
v -3.313205 -0.819237 -10.027270
v -3.313205 -0.677816 -10.027270
v -3.313205 -0.677816 -10.227270
v -3.313205 -0.819237 -10.227270
v 3.123003 -1.996756 -7.194695
v 3.123003 -2.096756 -7.194695
v 2.836588 -2.212430 -7.194695
v 2.836588 -2.112430 -7.194695
v 2.836588 -2.112430 -6.937118
v 2.836588 -2.212430 -6.937118
v 3.123003 -2.096756 -6.937118
v 3.123003 -1.996756 -6.937118
v -9.998482 -2.112432 2.836662
v -9.998482 -2.212432 2.836661
v -10.256059 -2.212432 2.836661
v -10.256059 -2.112432 2.836662
v -10.256059 -1.996758 3.123077
v -10.256059 -2.096757 3.123077
v -9.998482 -2.096757 3.123077
v -9.998482 -1.996758 3.123077
v -6.937870 -1.996758 3.123077
v -6.937870 -2.096757 3.123077
v -6.937870 -2.212432 2.836661
v -6.937870 -2.112432 2.836662
v -7.195446 -2.112432 2.836662
v -7.195446 -2.212432 2.836661
v -7.195446 -2.096757 3.123077
v -7.195446 -1.996758 3.123077
v 3.123077 -1.996758 10.255951
v 3.123077 -2.096759 10.255951
v 3.123077 -2.096759 9.998267
v 3.123077 -1.996758 9.998267
v 2.836662 -2.112433 9.998267
v 2.836662 -2.212433 9.998267
v 2.836662 -2.212433 10.255951
v 2.836662 -2.112433 10.255951
v 8.724999 -1.996758 3.123003
v 8.724999 -2.096757 3.123003
v 8.724999 -2.212432 2.836587
v 8.724999 -2.112432 2.836587
v 8.467423 -2.112432 2.836587
v 8.467423 -2.212432 2.836587
v 8.467423 -2.096757 3.123003
v 8.467423 -1.996758 3.123003
v 6.937117 -2.112432 2.836587
v 6.937117 -2.212432 2.836587
v 6.937117 -2.096757 3.123003
v 6.937117 -1.996758 3.123003
v 7.194694 -1.996758 3.123003
v 7.194694 -2.096757 3.123003
v 7.194694 -2.212432 2.836587
v 7.194694 -2.112432 2.836587
v 6.937870 -2.112431 -2.836662
v 6.937870 -2.212431 -2.836662
v 7.195446 -2.212431 -2.836662
v 7.195446 -2.112431 -2.836662
v 7.195446 -1.996757 -3.123077
v 7.195446 -2.096756 -3.123077
v 6.937870 -2.096756 -3.123077
v 6.937870 -1.996757 -3.123077
v -2.836588 -2.112433 8.467746
v -2.836588 -2.212433 8.467746
v -3.123003 -2.096758 8.467746
v -3.123003 -1.996758 8.467746
v -3.123003 -1.996758 8.725430
v -3.123003 -2.096758 8.725430
v -2.836588 -2.212433 8.725430
v -2.836588 -2.112433 8.725430
v -3.123077 -1.996756 -8.468176
v -3.123077 -2.096756 -8.468176
v -2.836662 -2.212430 -8.468176
v -2.836662 -2.112430 -8.468176
v -2.836662 -2.112430 -8.725753
v -2.836662 -2.212430 -8.725753
v -3.123077 -2.096756 -8.725753
v -3.123077 -1.996756 -8.725753
v -2.836662 -2.112430 -9.998482
v -2.836662 -2.212430 -9.998482
v -2.836662 -2.212430 -10.256059
v -2.836662 -2.112430 -10.256059
v -3.123077 -1.996756 -10.256059
v -3.123077 -2.096755 -10.256059
v -3.123077 -2.096755 -9.998482
v -3.123077 -1.996756 -9.998482
v -8.724999 -1.996757 -3.123003
v -8.724999 -2.096756 -3.123003
v -8.724999 -2.212431 -2.836588
v -8.724999 -2.112431 -2.836588
v -8.467423 -2.112431 -2.836588
v -8.467423 -2.212431 -2.836588
v -8.467423 -2.096756 -3.123003
v -8.467423 -1.996757 -3.123003
v -3.123077 -1.996756 -7.195447
v -3.123077 -2.096756 -7.195447
v -3.123077 -2.096756 -6.937871
v -3.123077 -1.996756 -6.937871
v -2.836662 -2.112430 -6.937871
v -2.836662 -2.212430 -6.937871
v -2.836662 -2.212430 -7.195447
v -2.836662 -2.112430 -7.195447
v 3.123077 -1.996758 8.467746
v 3.123077 -2.096758 8.467746
v 2.836662 -2.212433 8.467746
v 2.836662 -2.112433 8.467746
v 2.836662 -2.112433 8.725430
v 2.836662 -2.212433 8.725430
v 3.123077 -2.096758 8.725430
v 3.123077 -1.996758 8.725430
v -7.194694 -2.112431 -2.836588
v -7.194694 -2.212431 -2.836588
v -6.937117 -2.212431 -2.836588
v -6.937117 -2.112431 -2.836588
v -6.937117 -1.996757 -3.123003
v -6.937117 -2.096756 -3.123003
v -7.194694 -2.096756 -3.123003
v -7.194694 -1.996757 -3.123003
v 9.997729 -1.996758 3.123003
v 9.997729 -2.096757 3.123003
v 10.255306 -2.096757 3.123003
v 10.255306 -1.996758 3.123003
v 10.255306 -2.112432 2.836587
v 10.255306 -2.212432 2.836587
v 9.997729 -2.212432 2.836587
v 9.997729 -2.112432 2.836587
v 8.468176 -1.996757 -3.123077
v 8.468176 -2.096756 -3.123077
v 8.468176 -2.212431 -2.836662
v 8.468176 -2.112431 -2.836662
v 8.725753 -2.112431 -2.836662
v 8.725753 -2.212431 -2.836662
v 8.725753 -2.096756 -3.123077
v 8.725753 -1.996757 -3.123077
v 9.998482 -1.996757 -3.123077
v 9.998482 -2.096756 -3.123077
v 9.998482 -2.212431 -2.836662
v 9.998482 -2.112431 -2.836662
v 10.256059 -2.112431 -2.836662
v 10.256059 -2.212431 -2.836662
v 10.256059 -2.096756 -3.123077
v 10.256059 -1.996757 -3.123077
v 2.836588 -2.112430 -9.997729
v 2.836588 -2.212430 -9.997729
v 3.123003 -2.096755 -9.997729
v 3.123003 -1.996756 -9.997729
v 3.123003 -1.996756 -10.255306
v 3.123003 -2.096755 -10.255306
v 2.836588 -2.212430 -10.255306
v 2.836588 -2.112430 -10.255306
v 3.123003 -1.996756 -8.724999
v 3.123003 -2.096756 -8.724999
v 2.836588 -2.212430 -8.724999
v 2.836588 -2.112430 -8.724999
v 2.836588 -2.112430 -8.467423
v 2.836588 -2.212430 -8.467423
v 3.123003 -2.096756 -8.467423
v 3.123003 -1.996756 -8.467423
v -2.836588 -2.112432 6.937224
v -2.836588 -2.212433 6.937224
v -3.123003 -2.096758 6.937224
v -3.123003 -1.996758 6.937224
v -3.123003 -1.996758 7.194909
v -3.123003 -2.096758 7.194909
v -2.836588 -2.212433 7.194909
v -2.836588 -2.112432 7.194909
v 3.123077 -2.096758 6.937224
v 3.123077 -2.096758 7.194909
v 2.836662 -2.212433 7.194909
v 2.836662 -2.212433 6.937224
v -8.725753 -2.212432 2.836661
v -8.468176 -2.212432 2.836661
v -8.468176 -2.096757 3.123077
v -8.725753 -2.096757 3.123077
v -10.255306 -2.096756 -3.123003
v -9.997729 -2.096756 -3.123003
v -9.997729 -2.212431 -2.836588
v -10.255306 -2.212431 -2.836588
v -2.836588 -2.212433 10.255951
v -3.123003 -2.096759 10.255951
v -3.123003 -2.096759 9.998267
v -2.836588 -2.212433 9.998267
v 1.549387 -0.600000 -1.271549
v 2.826187 -0.600000 -2.548375
v -0.581833 -0.600000 -1.918048
v -0.581833 -1.000000 -1.918048
v -1.767683 -0.600000 -0.944846
v -3.367703 -0.600000 -1.800075
v -2.952401 -0.600000 -2.422973
v -3.435926 -0.600000 -1.635835
v -0.944846 -0.600000 1.767683
v -1.800075 -0.600001 3.367703
v -2.422973 -0.600001 2.952401
v 1.271549 -1.000000 1.549387
v 3.107003 0.600000 2.549851
v 2.549371 0.600000 3.106418
v 3.544087 0.600000 1.894354
v 3.846282 0.600000 1.166757
v 3.999247 0.600000 0.393892
v 4.000000 0.600000 -0.393966
v 3.845558 0.600000 -1.166537
v 3.544754 0.600000 -1.894710
v 3.106418 0.600000 -2.549371
v 2.549851 0.600001 -3.107003
v 1.894354 0.600001 -3.544087
v 1.166757 0.600001 -3.846282
v 0.393891 0.600001 -3.999247
v -0.393966 0.600001 -4.000000
v -1.166537 0.600001 -3.845558
v -1.894711 0.600001 -3.544754
v -2.549371 0.600001 -3.106418
v -3.107003 0.600000 -2.549851
v -3.544087 0.600000 -1.894354
v -3.846282 0.600000 -1.166757
v -3.999247 0.600000 -0.393891
v -4.000000 0.600000 0.393966
v -3.845558 0.600000 1.166538
v -3.544754 0.600000 1.894711
v -3.106418 0.600000 2.549371
v -2.549851 0.600000 3.107003
v -1.894354 0.599999 3.544087
v -1.166757 0.599999 3.846282
v -0.393891 0.599999 3.999247
v 0.393966 0.599999 4.000000
v 1.166537 0.599999 3.845558
v 1.894711 0.599999 3.544754
v 0.393891 -0.399999 -3.999247
v 0.393891 -0.399999 -5.605319
v -3.999247 0.400000 -0.393891
v -3.922765 0.400000 -0.780324
v -4.099343 0.300000 -0.293891
v -0.780324 0.399999 3.922765
v -0.780324 0.399999 5.922765
v -0.393891 -0.400001 3.999247
v -0.293891 -0.300001 4.099343
v -3.922779 -0.400000 0.780251
v -3.845558 -0.400000 1.166537
v 0.780324 0.400001 -3.922765
v 0.780324 -0.399999 -3.922765
v -0.780252 -0.399999 -3.922779
v -1.166537 -0.399999 -3.845558
v 3.922779 0.400000 -0.780251
v 3.922779 -0.400000 -0.780252
v 3.922765 0.400000 0.780324
v 4.228584 -0.100000 0.780324
v 0.000037 0.399999 5.999624
v 0.780252 0.399999 3.922779
v -3.922779 0.400000 0.780252
v -4.099905 -0.300000 0.293966
v -4.000000 -0.400000 0.393966
v 0.780324 0.200001 -4.228584
v 0.393891 0.200001 -6.879865
v 0.393891 0.400001 -6.879865
v -0.000037 -0.399999 -5.999624
v -0.393966 -0.399999 -5.606071
v 4.228715 0.200000 -0.780251
v 5.605319 -0.400000 0.393891
v 5.999624 -0.400000 -0.000037
v 5.606071 -0.400000 -0.393966
v 4.000000 -0.400000 -0.393966
v -0.293966 0.300001 -5.564622
v 0.000105 0.299999 5.858202
v 4.099343 0.300000 0.293892
v -10.600000 0.400000 0.393966
v -10.599247 0.400000 -0.393891
v -1.894711 -0.399999 -3.544754
v -2.549371 -0.399999 -3.106418
v -3.107003 -0.400000 -2.549851
v -3.544087 -0.400000 -1.894354
v -3.846282 -0.400000 -1.166757
v -3.544754 -0.400000 1.894710
v -3.106418 -0.400000 2.549371
v -2.549851 -0.400001 3.107003
v -1.894354 -0.400001 3.544087
v -1.166757 -0.400001 3.846282
v 1.944486 0.500000 2.369363
v 1.445173 0.500000 2.703728
v 0.889755 0.500000 2.933128
v 0.300494 0.499999 3.050963
v -0.300433 0.499999 3.050351
v -0.889933 0.500000 2.933716
v -1.444883 0.500000 2.703187
v -1.944876 0.500000 2.369838
v -2.369363 0.500000 1.944486
v -2.703728 0.500000 1.445173
v -2.933128 0.500000 0.889755
v -3.050963 0.500000 0.300494
v -3.050351 0.500000 -0.300433
v -2.933716 0.500000 -0.889933
v -2.703187 0.500000 -1.444883
v -2.369838 0.500000 -1.944875
v -1.944486 0.500000 -2.369363
v -1.445173 0.500000 -2.703728
v -0.889755 0.500000 -2.933128
v -0.300494 0.500000 -3.050963
v 0.300433 0.500000 -3.050351
v 0.889933 0.500000 -2.933716
v 1.444883 0.500000 -2.703187
v 1.944876 0.500000 -2.369838
v 2.369363 0.500000 -1.944486
v 2.703728 0.500000 -1.445173
v 2.933128 0.500000 -0.889755
v 3.050963 0.500000 -0.300494
v 3.050351 0.500000 0.300433
v 2.933716 0.500000 0.889933
v 2.703187 0.500000 1.444883
v 2.369838 0.500000 1.944876
v 3.922765 0.300000 0.780324
v -3.922765 -0.400000 -0.780324
v -0.780324 -0.400001 3.922765
v -1.166757 0.299999 3.846282
v -1.894354 0.299999 3.544087
v -2.549851 0.300000 3.107003
v -3.106418 0.300000 2.549371
v -3.544754 0.300000 1.894711
v -3.845558 0.300000 1.166537
v -3.922779 0.300000 0.780252
v -3.846282 0.300000 -1.166757
v -3.544087 0.300000 -1.894354
v -3.107003 0.300000 -2.549851
v -2.549371 0.300001 -3.106418
v -1.894711 0.300001 -3.544754
v -1.166537 0.300001 -3.845558
v -0.780252 0.300001 -3.922779
v -0.780324 0.299999 3.922765
v -3.922765 0.300000 -0.780324
v 1.549679 -1.000000 1.271788
v -0.581943 -1.000000 1.918409
v 3.586670 -0.600000 1.272939
v 1.918409 -0.600000 0.581943
v -2.344555 -1.000000 2.066733
v -0.945024 -1.000000 -1.768016
v -0.945024 -0.600000 -1.768016
v 2.548602 -0.600000 -2.826519
v 1.271788 -0.600000 -1.549679
v -0.393966 -0.268689 -10.384847
v -0.393966 -0.268689 -7.324235
v -0.262656 -0.399999 -8.776980
v -11.999372 -0.200000 -0.263537
v -11.999874 -0.200000 0.261701
v 11.476588 -0.600000 -0.199497
v 11.077217 -0.600000 -0.199582
v 11.076589 -0.600000 0.200333
v 11.475960 -0.600000 0.200418
v 0.199497 -0.600002 11.476588
v 0.199582 -0.600002 11.077217
v -0.200333 -0.600002 11.076589
v -0.200418 -0.600002 11.475960
v 0.393966 0.199999 6.879865
v 0.343966 0.249999 6.929865
v -0.393891 0.199999 7.366554
v 0.393966 0.199999 8.353243
v 0.393966 0.199999 9.826622
v 0.393966 0.199999 8.839932
v -9.876621 0.350000 -0.343891
v -7.366554 0.200000 -0.393891
v -6.879865 0.200000 -0.393891
v -10.313311 0.200000 0.393966
v -10.263310 0.250000 0.343966
v -0.393966 0.200002 -10.313311
v 0.393891 0.200001 -9.826622
v -0.393966 0.200001 -9.826622
v 0.393891 0.400001 -8.839932
v 0.343891 0.250001 -9.876621
v 6.879865 0.200000 0.393892
v 6.929865 0.250000 0.343892
v 7.366554 0.200000 -0.393966
v 8.353243 0.200000 -0.393966
v 7.366554 0.400000 -0.393966
v 8.353243 0.200000 0.393892
v 8.839932 0.200000 0.393892
v 8.839932 0.200000 -0.393966
v 6.879865 0.200000 -0.393966
v 0.393966 -0.268692 6.808436
v 0.393966 -0.268692 7.323697
v -0.393891 -0.268692 7.323697
v -0.393891 0.099999 8.854218
v -0.393891 -0.268692 8.854218
v -0.393891 0.099999 9.869479
v -0.393891 0.099999 10.027109
v -0.393891 0.099998 10.384740
v -0.393891 0.099998 10.227109
v -0.393891 -0.268692 10.384740
v -0.393891 -0.268692 9.869479
v -6.809082 -0.268690 0.393966
v -6.809082 -0.268691 2.025275
v -7.324235 -0.268690 0.393966
v -10.384094 -0.268690 -0.393892
v -9.868941 -0.268690 -0.393892
v -8.853788 -0.268690 -0.393892
v -8.338634 -0.268690 -0.393892
v -7.323482 -0.268690 -0.393892
v -6.808329 -0.268690 -0.393892
v -9.868941 0.100000 -0.393891
v -10.026518 0.100000 -0.393891
v -0.393966 -0.268689 -6.809082
v -0.393966 -0.268689 -9.869694
v 0.393891 0.100001 -9.868941
v 0.393891 0.100001 -7.323482
v 0.393891 0.100001 -7.165905
v 0.393891 0.100001 -8.853788
v 0.393891 0.100001 -8.696212
v -3.242494 -0.748527 -6.809082
v 3.242420 -0.748527 -10.384094
v 6.809082 -0.268690 -0.393966
v 7.324235 -0.268690 -0.393966
v 7.323482 -0.268690 0.393891
v 6.808329 -0.268690 0.393891
v 7.323482 0.100000 0.393892
v 7.165905 0.100000 0.393892
v 8.338634 0.100000 0.393892
v 8.496212 0.100000 0.393892
v 9.868941 0.100000 0.393892
v 10.026518 0.100000 0.393892
v 10.384094 0.100000 0.393892
v 10.226518 0.100000 0.393892
v 8.854541 0.100000 -0.393966
v 8.696964 0.100000 -0.393966
v 8.339388 0.100000 -0.393966
v 8.496964 0.100000 -0.393966
v 0.393966 0.099998 10.227109
v 0.393966 0.099998 10.384740
v 0.393966 0.099999 8.696588
v 0.393966 0.099999 8.854218
v 0.393966 0.099999 7.166067
v 0.393966 0.099999 7.323697
v -10.227270 0.100000 0.393966
v -10.384847 0.100000 0.393966
v -8.696964 0.100000 0.393966
v -8.854541 0.100000 0.393966
v -0.393966 0.100002 -10.227270
v -0.393966 0.100002 -10.384847
v -3.242420 -1.948529 8.854218
v -2.717171 -2.160662 8.854218
v -3.242494 -1.948527 -6.809082
v -2.717245 -2.160659 -6.809082
v 3.242420 -1.948527 -10.384094
v -3.242420 -0.748529 8.338958
v -3.242420 -0.748529 8.496588
v -3.242494 -0.748527 -7.324235
v 3.242420 -1.948527 -9.868941
v 3.242420 -0.748527 -8.338634
v -7.324235 -0.748529 3.242494
v -7.166658 -0.748529 3.242494
v -2.393892 0.099999 6.966067
v -2.393892 0.099999 6.808436
v 3.242420 -1.948527 -8.853788
v 3.242420 -1.948527 -8.338634
v 8.339388 -1.948528 -3.242494
v 8.854541 -1.948528 -3.242494
v 9.868941 -1.948529 3.242419
v 10.384094 -1.948529 3.242419
v 3.242494 -0.748529 8.496588
v 3.242494 -1.948529 8.854218
v -3.242494 -1.948527 -9.869694
v -3.242494 -1.948527 -10.384847
v -3.242494 -1.948527 -8.339388
v -3.242494 -1.948527 -8.854541
v 6.808329 -1.948529 3.242419
v 6.808329 -0.748529 3.242419
v 7.323482 -1.948529 3.242419
v 8.853788 -1.948529 3.242419
v 8.338634 -1.948529 3.242419
v -8.854541 -1.948529 3.242494
v -8.339388 -1.948529 3.242494
v 3.242494 -1.948530 10.384740
v 3.242494 -1.948529 9.869479
v -9.869694 -1.948529 3.242494
v -10.384847 -1.948529 3.242494
v 3.242420 -1.948527 -7.323483
v 3.242420 -1.948527 -6.808330
v 3.242420 -0.748527 -6.808329
v -10.384094 -0.748528 -3.242420
v -10.027270 0.100000 0.393966
v -9.869694 0.100000 0.393966
v -8.496964 0.100000 0.393966
v -8.339388 0.100000 0.393966
v -6.966658 0.100000 0.393966
v -6.809082 0.100000 0.393966
v -7.166658 0.200000 2.435387
v -6.966658 0.200000 2.435387
v -8.696964 -0.677818 3.313205
v -8.496964 -0.677818 3.313205
v -0.393966 0.100001 -8.696964
v -0.393966 0.100001 -8.496964
v -0.393966 0.100001 -10.027270
v -0.393966 0.200001 -6.966658
v 0.393891 0.200001 -7.165905
v 0.393891 0.200001 -6.965906
v 3.313130 -0.677816 -10.026518
v 3.313130 -0.677816 -10.226518
v 8.853788 -0.748529 3.242419
v 7.166658 -0.677817 -3.313205
v 6.809082 -0.748528 -3.242494
v 8.696964 -0.677817 -3.313205
v 8.496964 -0.677817 -3.313205
v 8.696212 0.200000 0.393892
v 8.496212 0.200000 0.393892
v 6.965906 -0.677818 3.313130
v 7.165905 -0.677818 3.313130
v 3.242494 -0.748529 6.808436
v -0.393891 0.099999 8.696588
v 0.393966 0.099999 10.027109
v 0.393966 0.099999 9.869479
v 0.393966 0.099999 8.496588
v 2.393966 0.099999 8.496588
v -0.393891 0.199998 10.227109
v -0.393891 0.199999 10.027109
v 0.393966 0.199999 6.966067
v 0.393966 0.199999 7.166067
v 6.809082 -2.160660 -2.717245
v 7.324235 -2.160660 -2.717245
v 7.323482 -2.160661 2.717170
v 6.808329 -2.160661 2.717170
v -2.717171 -2.160661 7.323697
v -2.717171 -2.160661 6.808436
v -7.323482 -2.160660 -2.717171
v -6.808329 -2.160660 -2.717171
v -8.853788 -2.160660 -2.717171
v -8.338634 -2.160660 -2.717171
v -6.809082 -0.960661 2.717245
v -6.809082 -2.160661 2.717245
v -7.324235 -2.160661 2.717245
v -9.869694 -2.160661 2.717245
v -10.384847 -2.160661 2.717245
v -7.166658 -0.410112 2.025275
v -7.166658 -0.960661 2.575823
v -2.717245 -0.960659 -10.384847
v -2.025275 -0.268689 -10.384847
v -2.575824 -0.960659 -10.027270
v -2.025275 -0.410110 -10.027270
v 3.313205 -0.677819 10.027109
v 3.313205 -0.677819 10.227109
v -8.725753 -2.112432 2.836662
v -8.725753 -1.996758 3.123077
v -8.468176 -1.996758 3.123077
v -8.468176 -2.112432 2.836662
v 1.994703 -0.600000 0.196461
v 3.800210 -0.600000 0.374288
v 3.654894 -0.600000 1.108700
v 1.995079 -0.600000 -0.196498
v 3.800963 -0.600000 -0.374362
v 3.654170 -0.600000 -1.108481
v 2.951816 -0.600000 -2.422493
v 3.368370 -0.600000 -1.800431
v 1.800075 -0.599999 -3.367703
v 2.422973 -0.600000 -2.952401
v 0.196461 -0.600000 -1.994703
v 0.374288 -0.599999 -3.800210
v 1.108700 -0.599999 -3.654894
v -0.196498 -0.600000 -1.995079
v -0.374362 -0.599999 -3.800963
v -1.108480 -0.599999 -3.654170
v -2.422493 -0.600000 -2.951816
v -1.800431 -0.599999 -3.368370
v -1.549387 -1.000000 1.271549
v -0.944846 -1.000000 1.767683
v 3.999247 0.400000 0.393892
v 3.999247 -0.400000 0.393891
v -0.393966 0.400001 -5.606071
v -0.780324 -0.400001 5.922765
v -0.780252 0.400001 -3.922779
v 3.845558 -0.400000 -1.166538
v -0.393966 -0.399999 -4.000000
v -0.263093 -0.600002 11.526196
v -0.262582 -0.400001 8.776197
v -0.262981 -0.600002 11.026196
v 0.262582 -0.399999 -8.776197
v 11.526196 -0.600000 0.263093
v 8.776197 -0.400000 0.262582
v 11.026196 -0.600000 0.262981
v 0.262145 -0.600002 11.526980
v 11.526980 -0.600000 -0.262145
v 3.544754 -0.400000 -1.894711
v 3.106418 -0.400000 -2.549371
v 2.549851 -0.399999 -3.107003
v 1.894354 -0.399999 -3.544087
v 1.166757 -0.399999 -3.846282
v 4.134781 -0.100000 1.254272
v 2.740592 -0.100001 3.339422
v 2.036827 -0.100001 3.810636
v 1.254036 -0.100001 4.134003
v 1.894711 0.299999 3.544754
v 1.166537 0.299999 3.845558
v 0.780252 0.299999 3.922779
v 0.780252 -0.100001 4.228715
v 3.809919 -0.100000 2.036444
v 3.846282 0.300000 1.166757
v 3.544087 0.300000 1.894354
v 3.340050 -0.100000 2.741108
v 3.107003 0.300000 2.549851
v 2.549371 0.300000 3.106418
v 1.254272 0.200001 -4.134781
v 2.036444 0.200001 -3.809919
v 2.741108 0.200001 -3.340050
v 3.339422 0.200000 -2.740592
v 3.810636 0.200000 -2.036827
v 4.134003 0.200000 -1.254036
v 0.262257 -0.600002 11.026980
v 0.262656 -0.400001 8.776980
v 11.026980 -0.600000 -0.262257
v 8.776980 -0.400000 -0.262656
v -0.262257 -0.599998 -11.026980
v 0.262981 -0.599998 -11.026196
v -11.026980 -0.600000 0.262257
v -11.026196 -0.600000 -0.262981
v 0.263093 -0.599998 -11.526196
v -0.262145 -0.599998 -11.526980
v -11.526196 -0.600000 -0.263094
v -11.526980 -0.600000 0.262145
v 0.393966 0.199998 10.313311
v 0.393891 0.200001 -7.366554
v 0.393966 -0.268692 8.854218
v -0.393891 -0.268692 8.338958
v -9.869694 -0.268690 0.393966
v -10.384847 -0.268690 0.393966
v -0.393966 0.100001 -8.339388
v 8.853788 -0.268690 0.393891
v 8.338634 -0.268690 0.393891
v -0.393966 0.100001 -8.854541
v 7.324235 -0.748528 -3.242494
v -2.717245 -2.160659 -7.324235
v -3.242494 -1.948527 -7.324235
v 2.717245 -2.160662 8.854218
v 7.324235 -1.948528 -3.242494
v -2.717245 -2.160659 -9.869694
v -2.717245 -2.160659 -10.384847
v -3.242420 -1.948529 8.338958
v -6.809082 -1.948529 3.242494
v -7.324235 -1.948529 3.242494
v 0.393891 0.100001 -10.026518
v -0.393966 0.100001 -9.869694
v -0.393966 0.200001 -7.166658
v 6.966658 -0.677817 -3.313205
v 8.853788 -2.160661 2.717170
v 8.338634 -2.160661 2.717170
v -2.717171 -2.160662 8.338958
v -8.776197 -0.400000 -0.262582
v -8.776980 -0.400000 0.262656
v 6.809082 -1.948528 -3.242494
vn -0.0000 -1.0000 -0.0000
vn 0.3827 -0.0000 0.9239
vn 0.9239 -0.0000 0.3827
vn 0.7071 -0.0000 -0.7071
vn -0.0000 1.0000 -0.0000
vn -0.0000 0.7071 0.7071
vn 0.0007 0.7071 -0.7071
vn -0.0000 -0.7071 0.7071
vn -0.0000 0.7071 -0.7071
vn -0.7071 0.7071 -0.0000
vn 0.1960 -0.0000 0.9806
vn 0.2903 -0.0000 0.9569
vn 0.7071 0.7071 -0.0000
vn -1.0000 -0.0000 -0.0000
vn 0.5002 -0.7071 -0.4998
vn 0.7733 -0.0000 0.6340
vn -0.7071 -0.7071 -0.0000
vn -0.6348 -0.0000 -0.7727
vn 0.4998 0.7071 0.5002
vn -0.6340 -0.0000 0.7733
vn 0.7727 -0.0000 -0.6348
vn -0.5002 0.7071 0.4998
vn -0.7733 -0.0000 -0.6340
vn 0.6348 -0.0000 0.7727
vn -0.4998 0.7071 -0.5002
vn 0.6340 -0.0000 -0.7733
vn 1.0000 -0.0000 0.0010
vn 0.0009 -0.0000 -1.0000
vn 0.0010 -0.0000 -1.0000
vn -1.0000 -0.0000 -0.0010
vn -0.0009 -0.0000 1.0000
vn -0.0010 -0.0000 1.0000
vn 0.0007 -0.7071 -0.7071
vn -0.0007 -0.7071 0.7071
vn -0.7071 -0.7071 -0.0007
vn 0.7071 -0.7071 0.0007
vn 0.7730 -0.0000 0.6344
vn 0.6344 -0.0000 0.7730
vn 0.8819 -0.0000 0.4714
vn 0.9569 -0.0000 0.2903
vn 0.4714 -0.0000 0.8819
vn -0.3333 0.7071 -0.6236
vn -0.2053 0.7071 -0.6767
vn -0.0693 0.7071 -0.7037
vn 0.0693 0.7071 -0.7037
vn 0.2053 0.7071 -0.6766
vn 0.3333 0.7071 -0.6236
vn 0.4486 0.7071 -0.5466
vn 0.5466 0.7071 -0.4486
vn 0.6236 0.7071 -0.3333
vn 0.6767 0.7071 -0.2053
vn 0.7037 0.7071 -0.0693
vn 0.7037 0.7071 0.0693
vn 0.6766 0.7071 0.2053
vn 0.6236 0.7071 0.3333
vn 0.5466 0.7071 0.4486
vn 0.4486 0.7071 0.5466
vn 0.3333 0.7071 0.6236
vn 0.2053 0.7071 0.6767
vn 0.0693 0.7071 0.7037
vn -0.0693 0.7071 0.7037
vn -0.2053 0.7071 0.6766
vn -0.3333 0.7071 0.6236
vn -0.4486 0.7071 0.5466
vn -0.5466 0.7071 0.4486
vn -0.6236 0.7071 0.3333
vn -0.6767 0.7071 0.2053
vn -0.7037 0.7071 0.0693
vn -0.7037 0.7071 -0.0693
vn -0.6766 0.7071 -0.2053
vn -0.6236 0.7071 -0.3333
vn -0.5466 0.7071 -0.4486
vn -0.4486 0.7071 -0.5466
vn 0.9810 -0.0000 0.1942
vn -0.2060 0.7058 0.6778
vn -0.1392 0.7028 0.6976
vn -0.2061 0.7058 0.6777
vn -0.6778 0.7057 0.2061
vn -0.6974 0.7028 0.1405
vn -0.6778 0.7058 -0.2060
vn -0.6976 0.7028 -0.1392
vn -0.6778 0.7058 -0.2061
vn -0.2061 0.7057 -0.6778
vn -0.1405 0.7028 -0.6974
vn 0.2061 0.7057 0.6778
vn 0.1405 0.7028 0.6974
vn 0.6778 0.7058 0.2060
vn 0.6976 0.7028 0.1392
vn 0.6778 0.7058 0.2061
vn 0.3577 -0.8623 0.3584
vn -0.1943 -0.8623 0.4676
vn -0.9239 -0.0000 -0.3827
vn -0.3827 -0.0000 -0.9239
vn 0.7071 -0.0000 0.7071
vn -0.7071 -0.0000 0.7071
vn -0.1933 -0.8623 -0.4680
vn -0.7071 -0.7071 -0.0014
vn 0.0014 -0.7071 -0.7071
vn 0.7071 -0.7071 0.0014
vn -0.0014 -0.7071 0.7071
vn -0.0007 0.7071 0.7071
vn 0.7071 0.7071 0.0007
vn -0.0016 -0.0000 1.0000
vn 0.0016 -0.0000 -1.0000
vn -0.0002 -0.0000 1.0000
vn 0.0002 -0.0000 -1.0000
vn -0.7071 -0.0000 -0.7071
vn 1.0000 -0.0000 -0.0000
vn -0.0000 -0.0000 -1.0000
vn -0.0000 -0.0000 1.0000
vn 0.7071 -0.7071 -0.0000
vn -0.0000 -0.7071 -0.7071
vn 0.3745 -0.9272 -0.0000
vn -0.0000 -0.9272 -0.3745
vn -0.3745 -0.9272 -0.0000
vn -0.0000 -0.9272 0.3745
vn -0.3827 -0.0000 0.9239
vn 0.9239 -0.0000 -0.3827
vn -0.7071 0.7071 -0.0007
vn -0.9806 -0.0000 0.1960
vn -0.9569 -0.0000 0.2903
vn -0.1960 -0.0000 -0.9806
vn -0.2903 -0.0000 -0.9569
vn -0.4998 -0.7071 -0.5002
vn 0.4998 -0.7071 0.5002
vn -0.4714 -0.0000 -0.8819
vn -0.6344 -0.0000 -0.7730
vn -0.7730 -0.0000 -0.6344
vn -0.8819 -0.0000 -0.4714
vn -0.9569 -0.0000 -0.2903
vn -0.8819 -0.0000 0.4714
vn -0.7730 -0.0000 0.6344
vn -0.6344 -0.0000 0.7730
vn -0.4714 -0.0000 0.8819
vn -0.2903 -0.0000 0.9569
vn -0.9810 -0.0000 -0.1942
vn -0.1942 -0.0000 0.9810
vn 0.3827 -0.0000 -0.9239
vn 0.4680 -0.8623 -0.1933
vn -0.3584 -0.8623 0.3577
vn -0.3577 -0.8623 -0.3584
vn -0.9239 -0.0000 0.3827
vn 0.1933 -0.8623 0.4680
vn -0.4676 -0.8623 -0.1943
vn -1.0000 -0.0000 -0.0002
vn 1.0000 -0.0000 0.0002
vn -1.0000 -0.0000 -0.0016
vn 1.0000 -0.0000 0.0016
vn 0.9806 -0.0000 -0.1960
vn 0.9569 -0.0000 -0.2903
vn 0.5002 0.7071 -0.4998
vn -0.5002 -0.7071 0.4998
vn -1.0000 0.0009 -0.0006
vn -1.0000 0.0010 -0.0009
vn -1.0000 0.0005 -0.0012
vn -1.0000 0.0009 -0.0001
vn -1.0000 0.0019 -0.0001
vn -0.0006 0.0009 1.0000
vn -0.0009 0.0011 1.0000
vn -0.0010 0.0002 1.0000
vn -0.0001 0.0009 1.0000
vn -0.0001 0.0019 1.0000
vn 0.0006 -0.0009 -1.0000
vn 1.0000 -0.0009 0.0006
vn 1.0000 -0.0005 0.0012
vn 1.0000 -0.0010 0.0009
vn 0.0010 -0.0002 -1.0000
vn 0.0009 -0.0010 -1.0000
vn 0.8819 -0.0000 -0.4714
vn 0.7730 -0.0000 -0.6344
vn 0.6344 -0.0000 -0.7730
vn 0.4714 -0.0000 -0.8819
vn 0.2903 -0.0000 -0.9569
vn 0.1942 -0.0000 -0.9810
vn 0.1943 -0.8623 -0.4676
vn 0.4676 -0.8623 0.1943
vn 0.3584 -0.8623 -0.3577
vn -0.4680 -0.8623 0.1933
vn 1.0000 -0.0019 0.0001
vn 1.0000 -0.0009 0.0001
vn 0.0001 -0.0019 -1.0000
vn 0.0001 -0.0009 -1.0000
vn -0.0001 0.0005 1.0000
vn 0.0001 -0.0005 -1.0000
vn -1.0000 0.0005 -0.0001
vn 1.0000 -0.0005 0.0001
vn -1.0000 0.0012 -0.0015
vn -0.0015 0.0012 1.0000
vn 0.0015 -0.0012 -1.0000
vn 1.0000 -0.0012 0.0015
vn 0.0006 0.0009 -1.0000
vn 0.0009 0.0011 -1.0000
vn 0.0010 0.0002 -1.0000
vn 0.0001 0.0009 -1.0000
vn 0.0001 0.0019 -1.0000
vn 1.0000 0.0009 0.0006
vn 1.0000 0.0010 0.0009
vn 1.0000 0.0005 0.0012
vn 1.0000 0.0009 0.0001
vn 1.0000 0.0019 0.0001
vn -1.0000 -0.0009 -0.0006
vn -1.0000 -0.0005 -0.0012
vn -1.0000 -0.0010 -0.0009
vn 0.2060 0.7058 -0.6778
vn 0.1392 0.7028 -0.6976
vn 0.2061 0.7058 -0.6777
vn 0.6778 0.7057 -0.2061
vn 0.6974 0.7028 -0.1405
vn -1.0000 -0.0019 -0.0001
vn -1.0000 -0.0009 -0.0001
vn 0.0001 0.0005 -1.0000
vn 1.0000 0.0005 0.0001
vn -1.0000 -0.0005 -0.0001
vn 1.0000 0.0012 0.0015
vn 0.0015 0.0012 -1.0000
vn -1.0000 -0.0012 -0.0015
vn 0.7052 -0.7075 -0.0460
vn 0.7052 -0.7075 0.0465
vn 0.7013 -0.7069 0.0922
vn 0.7012 -0.7069 -0.0926
vn -0.0460 -0.7075 -0.7052
vn 0.0464 -0.7075 -0.7052
vn 0.0922 -0.7069 -0.7013
vn -0.0926 -0.7069 -0.7012
vn -0.7052 -0.7075 0.0460
vn -0.7052 -0.7075 -0.0465
vn -0.7013 -0.7069 -0.0922
vn -0.7012 -0.7069 0.0926
vn 0.0460 -0.7075 0.7052
vn -0.0464 -0.7075 0.7052
vn -0.0922 -0.7069 0.7013
vn 0.0926 -0.7069 0.7012
vn -0.1376 -0.7054 0.6953
vn -0.6953 -0.7054 -0.1376
vn 0.1376 -0.7054 -0.6953
vn 0.6953 -0.7054 0.1376
vn -0.7727 -0.0000 0.6348
vn -0.0006 -0.0009 1.0000
vn -0.0010 -0.0002 1.0000
vn -0.0009 -0.0010 1.0000
vn 0.5316 -0.7069 0.4666
vn 0.5007 -0.7054 0.5017
vn 0.5466 -0.7071 0.4486
vn 0.6343 -0.7069 0.3130
vn 0.6236 -0.7071 0.3333
vn 0.6546 -0.7054 0.2719
vn 0.6697 -0.7069 0.2277
vn 0.6833 -0.7069 0.1828
vn 0.6951 -0.7054 -0.1390
vn 0.6832 -0.7069 -0.1832
vn 0.6551 -0.7054 -0.2706
vn 0.6698 -0.7069 -0.2272
vn 0.6345 -0.7069 -0.3125
vn 0.6236 -0.7071 -0.3333
vn 0.5466 -0.7071 -0.4486
vn 0.5319 -0.7069 -0.4662
vn 0.5017 -0.7054 -0.5007
vn 0.4666 -0.7069 -0.5316
vn 0.4486 -0.7071 -0.5466
vn 0.3333 -0.7071 -0.6236
vn 0.3130 -0.7069 -0.6343
vn 0.2719 -0.7054 -0.6546
vn 0.2277 -0.7069 -0.6697
vn 0.1828 -0.7069 -0.6833
vn -0.1390 -0.7054 -0.6951
vn -0.1832 -0.7069 -0.6832
vn -0.2706 -0.7054 -0.6551
vn -0.2272 -0.7069 -0.6698
vn -0.3125 -0.7069 -0.6345
vn -0.3333 -0.7071 -0.6236
vn -0.4662 -0.7069 -0.5319
vn -0.4486 -0.7071 -0.5466
vn -0.5007 -0.7054 -0.5017
vn -0.5316 -0.7069 -0.4666
vn -0.5466 -0.7071 -0.4486
vn -0.6343 -0.7069 -0.3130
vn -0.6236 -0.7071 -0.3333
vn -0.6546 -0.7054 -0.2719
vn -0.6697 -0.7069 -0.2277
vn -0.6833 -0.7069 -0.1828
vn -0.6951 -0.7054 0.1390
vn -0.6832 -0.7069 0.1832
vn -0.6551 -0.7054 0.2706
vn -0.6698 -0.7069 0.2272
vn -0.6345 -0.7069 0.3125
vn -0.6236 -0.7071 0.3333
vn -0.5466 -0.7071 0.4486
vn -0.5319 -0.7069 0.4662
vn -0.5017 -0.7054 0.5007
vn -0.4666 -0.7069 0.5316
vn -0.4486 -0.7071 0.5466
vn -0.3130 -0.7069 0.6343
vn -0.3333 -0.7071 0.6236
vn -0.2719 -0.7054 0.6546
vn -0.2277 -0.7069 0.6697
vn -0.1828 -0.7069 0.6833
vn 0.1390 -0.7054 0.6951
vn 0.1832 -0.7069 0.6832
vn 0.2706 -0.7054 0.6551
vn 0.2272 -0.7069 0.6698
vn 0.3125 -0.7069 0.6345
vn 0.3333 -0.7071 0.6236
vn 0.4486 -0.7071 0.5466
vn 0.4662 -0.7069 0.5319
vn -0.0001 -0.0019 1.0000
vn -0.0001 -0.0009 1.0000
vn -0.0001 -0.0005 1.0000
vn -0.0015 -0.0012 1.0000
vn 0.9660 -0.0000 0.2584
vn 0.9915 -0.0000 0.1303
vn 0.9952 -0.0000 0.0980
vn 0.9914 -0.0000 -0.1309
vn 0.9659 -0.0000 -0.2590
vn 0.2584 -0.0000 -0.9660
vn 0.1303 -0.0000 -0.9915
vn 0.0980 -0.0000 -0.9952
vn -0.1309 -0.0000 -0.9914
vn -0.2590 -0.0000 -0.9659
vn -0.9660 -0.0000 -0.2584
vn -0.9915 -0.0000 -0.1303
vn -0.9952 -0.0000 -0.0980
vn -0.9914 -0.0000 0.1309
vn -0.9659 -0.0000 0.2590
vn -0.2584 -0.0000 0.9660
vn -0.1303 -0.0000 0.9915
vn -0.0980 -0.0000 0.9952
vn 0.1309 -0.0000 0.9914
vn 0.2590 -0.0000 0.9659
vn 0.9952 -0.0000 -0.0980
vn -0.0980 -0.0000 -0.9952
vn -0.9952 -0.0000 0.0980
vn 0.0980 -0.0000 0.9952
s 1
usemtl base
f 1//1 2//1 3//1 4//1
f 1//1 5//1 2//1
f 18//1 19//1 20//1 21//1
f 22//1 23//1 19//1 18//1
f 24//1 25//1 23//1 22//1
f 24//1 26//1 25//1
f 27//1 28//1 29//1 30//1
f 27//1 31//1 28//1
f 32//1 33//1 34//1 35//1
f 36//1 37//1 33//1 32//1
f 38//1 39//1 37//1 36//1
f 38//1 40//1 39//1
f 41//1 42//1 43//1 44//1
f 41//1 45//1 42//1
f 50//6 51//6 52//6 53//6
f 54//7 55//7 56//7 57//7
f 58//8 59//8 60//8 61//8
f 62//9 63//9 64//9 65//9
f 66//10 67//10 68//10 69//10
f 70//11 71//12 72//12 73//11
f 74//13 75//13 76//13 77//13
f 78//14 79//14 80//14
f 78//14 81//14 79//14
f 82//15 83//15 84//15 85//15
f 86//16 87//16 88//16
f 88//16 87//16 89//16
f 90//17 91//17 92//17 93//17
f 94//18 95//18 96//18
f 97//19 98//19 99//19 100//19
f 101//18 95//18 94//18
f 102//20 103//20 104//20
f 104//20 103//20 105//20
f 106//15 107//15 108//15 109//15
f 110//21 111//21 112//21
f 113//22 114//22 115//22 116//22
f 117//21 111//21 110//21
f 118//23 119//23 120//23
f 120//23 119//23 121//23
f 122//24 123//24 124//24
f 125//25 126//25 127//25 128//25
f 129//24 123//24 122//24
f 130//26 131//26 132//26
f 132//26 131//26 133//26
f 144//27 145//27 146//27
f 147//28 148//29 149//28
f 150//30 151//30 152//30
f 153//31 154//32 155//31
f 146//27 145//27 156//27
f 152//30 151//30 157//30
f 155//31 154//32 161//32
f 149//28 148//29 162//29
f 179//32 180//32 181//32
f 182//5 183//5 184//5 185//5
f 186//30 160//30 187//30
f 188//28 189//29 190//29
f 191//5 192//5 193//5 194//5
f 195//27 196//27 197//27
f 198//5 199//5 200//5 201//5
f 202//37 203//37 204//38 205//38
f 3//1 206//1 4//1
f 207//39 208//39 203//37 202//37
f 209//40 210//40 208//39 207//39
f 20//1 211//1 21//1
f 29//1 212//1 30//1
f 34//1 213//1 35//1
f 214//41 215//41 72//12 71//12
f 43//1 216//1 44//1
f 205//38 204//38 215//41 214//41
f 341//74 210//40 209//40 342//74
f 500//32 181//32 180//32
f 501//14 81//14 78//14
f 502//30 187//30 160//30
f 95//18 101//18 503//18
f 504//29 190//29 189//29
f 111//21 117//21 505//21
f 506//27 197//27 196//27
f 123//24 129//24 507//24
f 508//26 133//26 131//26
f 511//16 89//16 87//16
f 515//20 105//20 103//20
f 518//23 121//23 119//23
f 80//6 557//6 558//6 559//6
f 560//5 561//5 562//5 563//5
f 564//95 565//95 560//95
f 566//107 567//107 568//107
f 566//107 568//107 569//107
f 570//5 571//5 572//5 567//5
f 573//95 574//95 570//95
f 575//107 184//107 576//107
f 575//107 576//107 577//107
f 581//4 562//4 582//4
f 591//95 574//95 573//95
f 592//95 565//95 564//95
f 593//4 581//4 582//4
f 594//13 595//13 596//13 597//13
f 598//9 599//9 600//9
f 601//95 602//95 603//95
f 604//5 605//5 606//5 607//5
f 604//95 602//95 601//95
f 608//4 606//4 609//4
f 608//4 609//4 610//4
f 611//107 612//107 613//107
f 614//95 615//95 616//95
f 617//95 615//95 614//95
f 618//6 619//6 620//6
f 621//13 622//13 623//13 624//13
f 625//10 626//10 627//10 628//10
f 629//94 605//94 630//94
f 633//107 612//107 611//107
f 620//6 619//6 634//6
f 634//6 635//6 636//6
f 600//9 599//9 637//9
f 637//9 599//9 638//9 639//9
f 640//94 629//94 630//94
f 641//94 642//94 643//94
f 193//94 642//94 641//94
f 644//9 645//9 646//9 647//9
f 648//95 649//95 650//95
f 651//13 652//13 653//13
f 654//107 655//107 656//107
f 657//5 658//5 659//5 660//5
f 657//107 655//107 654//107
f 661//95 662//95 658//95
f 663//107 664//107 665//107
f 666//107 664//107 663//107
f 676//95 649//95 648//95
f 653//13 652//13 677//13 678//13
f 678//13 677//13 679//13
f 680//95 662//95 661//95
f 681//13 682//13 683//13 684//13
f 685//95 686//95 687//95
f 687//95 686//95 688//95
f 689//13 690//13 691//13 692//13
f 693//10 694//10 695//10 696//10
f 697//4 698//4 699//4
f 700//4 698//4 697//4
f 701//94 702//94 703//94
f 200//95 704//95 705//95
f 706//107 707//107 199//107
f 705//95 704//95 708//95
f 716//107 707//107 706//107
f 717//94 702//94 701//94
f 718//14 81//14 501//14
f 635//6 634//6 619//6
f 1166//14 79//14 81//14
f 1189//14 79//14 1166//14
f 1627//1 1628//1 1629//1 475//1
f 1627//1 1630//1 1628//1
f 1631//1 1632//1 1633//1 471//1
f 1631//1 457//1 1632//1
f 1667//17 141//17 140//17 1668//17
f 1669//5 1670//5 94//5 100//5
f 1669//119 1671//119 63//119 62//119
f 77//5 1672//5 1673//5 74//5
f 1674//111 1675//111 83//111 82//111
f 1676//120 1677//121 364//121 366//120
f 1678//108 421//108 110//108
f 1679//108 117//108 344//108
f 1679//108 344//108 343//108
f 1680//122 1681//123 376//123 378//122
f 1682//109 402//109 401//109
f 1683//109 403//109 133//109
f 1684//110 451//110 122//110
f 342//110 129//110 1685//110
f 342//110 1685//110 341//110
f 1673//5 78//5 1686//5 74//5
f 78//5 86//5 1686//5
f 69//5 1686//5 86//5 88//5
f 69//5 88//5 1687//5 66//5
f 85//124 84//124 91//124 90//124
f 100//5 94//5 96//5 97//5
f 97//5 96//5 102//5
f 61//125 60//125 107//125 106//125
f 65//5 97//5 102//5 104//5
f 65//5 104//5 1688//5 62//5
f 109//112 108//112 1689//112 1690//112
f 110//108 1691//108 344//108 117//108
f 112//108 1692//108 1693//108
f 112//108 789//108 1692//108
f 1694//125 139//125 143//125 1695//125
f 122//110 450//110 1685//110 129//110
f 133//109 403//109 1696//109 132//109
f 1697//124 134//124 138//124 1698//124
f 132//109 402//109 1682//109
f 1699//8 137//8 136//8 1700//8
f 149//7 194//7 147//7
f 189//7 191//7 194//7 149//7
f 1704//5 594//5 597//5 1705//5
f 188//7 191//7 189//7
f 1706//126 374//126 376//123 1681//123
f 1707//127 372//127 374//126 1706//126
f 1708//128 370//128 372//127 1707//127
f 1629//1 472//1 475//1
f 1709//129 368//129 370//128 1708//128
f 1710//130 350//130 368//129 1709//129
f 1711//131 362//131 364//121 1677//121
f 1712//132 360//132 362//131 1711//131
f 1713//133 358//133 360//132 1712//132
f 1633//1 468//1 471//1
f 1714//134 356//134 358//133 1713//133
f 1715//135 354//135 356//134 1714//134
f 1748//110 451//110 1684//110
f 404//109 403//109 1683//109
f 422//108 421//108 1678//108
f 347//136 350//130 1710//130 1749//136
f 351//137 354//135 1715//135 1750//137
f 402//109 132//109 1696//109
f 450//110 122//110 451//110
f 1691//108 110//108 421//108
f 504//17 1776//17 190//17
f 518//17 1777//17 1778//17
f 1789//94 558//94 1790//94
f 79//95 557//95 80//95
f 559//94 558//94 1789//94
f 80//5 559//5 86//5 78//5
f 1791//107 563//107 580//107
f 1791//107 580//107 579//107
f 1792//94 586//94 585//94
f 561//94 586//94 1792//94
f 564//10 1185//10 592//10
f 1793//94 590//94 589//94
f 571//94 590//94 1793//94
f 183//9 587//9 576//9 184//9
f 583//4 572//4 1794//4
f 592//10 1185//10 1184//10 569//10
f 569//10 1184//10 566//10
f 584//4 583//4 1794//4
f 578//95 557//95 79//95
f 639//4 597//4 596//4
f 639//4 596//4 637//4
f 598//107 1795//107 607//107
f 630//6 1034//6 640//6
f 605//13 629//13 609//13 606//13
f 617//5 621//5 624//5 613//5
f 1796//4 624//4 623//4
f 1796//4 623//4 632//4
f 1797//107 626//107 625//107
f 625//5 628//5 102//5 96//5
f 595//94 594//94 1798//94
f 600//107 1795//107 598//107
f 1799//94 595//94 1798//94
f 631//107 626//107 1797//107
f 640//6 1034//6 1033//6 616//6
f 616//6 1033//6 614//6
f 1800//95 667//95 192//95
f 1801//4 645//4 644//4
f 1802//107 646//107 669//107
f 647//5 650//5 1803//5 644//5
f 647//107 646//107 1802//107
f 648//10 1075//10 676//10
f 660//9 670//9 655//9 657//9
f 658//6 662//6 675//6 659//6
f 1693//9 672//9 664//9 666//9
f 668//95 667//95 1800//95
f 676//10 1075//10 1074//10 656//10
f 656//10 1074//10 654//10
f 1804//4 645//4 1801//4
f 1805//6 1144//6 1806//6
f 1807//9 1132//9 710//9
f 1808//4 691//4 715//4
f 692//4 691//4 1808//4
f 689//5 692//5 1809//5 685//5
f 1810//94 690//94 689//94
f 696//95 695//95 1811//95
f 1812//107 694//107 693//107
f 1811//95 695//95 713//95
f 703//5 700//5 693//5 696//5
f 199//10 707//10 704//10 200//10
f 714//107 694//107 1812//107
f 710//9 1132//9 711//9
f 711//9 1131//9 1813//9
f 712//94 690//94 1810//94
f 1806//6 1143//6 688//6
f 688//6 1143//6 687//6
f 1836//17 518//17 119//17
f 1777//17 518//17 1836//17
f 765//17 1778//17 1777//17
f 770//17 1778//17 765//17
f 1837//17 1778//17 770//17
f 1776//17 504//17 1837//17
f 788//108 789//108 111//108
f 789//108 112//108 111//108
f 1778//17 1837//17 504//17
f 792//108 1692//108 789//108
f 1929//108 1692//108 792//108
f 1131//9 711//9 1132//9
f 1143//6 1806//6 1144//6
f 1978//1 1979//1 1980//1 1770//1
f 1981//1 1982//1 1979//1 1978//1
f 6//1 1983//1 1982//1 1981//1
f 6//1 9//1 1983//1
f 1623//1 1984//1 1985//1 467//1
f 1623//1 1624//1 1984//1
f 10//1 1986//1 1987//1 1775//1
f 10//1 13//1 1986//1
f 1988//1 1989//1 1990//1 463//1
f 1991//1 1992//1 1989//1 1988//1
f 1625//1 1993//1 1992//1 1991//1
f 1625//1 476//1 1993//1
f 14//1 1994//1 1995//1 1773//1
f 14//1 17//1 1994//1
f 1998//102 1703//102 51//102 50//102
f 1999//112 135//112 134//112 1697//112
f 57//13 56//13 1701//13 2000//13
f 77//101 76//101 67//101 66//101
f 1674//1 82//1 2001//1 1750//1
f 70//1 89//1 90//1 93//1
f 1688//110 419//110 1757//110
f 1676//110 365//110 105//110
f 1670//109 425//109 94//109
f 1749//109 348//109 347//109
f 2002//14 437//14 1764//14
f 1680//14 377//14 121//14
f 1683//149 2003//150 396//150 404//149
f 89//1 511//1 85//1
f 82//1 85//1 2001//1
f 69//25 68//25 1702//25 1686//25
f 85//1 514//1 2001//1
f 90//1 89//1 85//1
f 105//110 365//110 420//110 104//110
f 94//109 424//109 348//109 101//109
f 100//6 99//6 1671//6 1669//6
f 96//109 1797//109 625//109
f 96//109 745//109 1797//109
f 104//110 419//110 1688//110
f 65//151 64//151 98//151 97//151
f 121//14 377//14 438//14 120//14
f 116//10 115//10 55//10 54//10
f 1668//152 140//152 139//152 1694//152
f 120//14 437//14 2002//14
f 1695//111 143//111 142//111 2004//111
f 53//22 52//22 126//22 125//22
f 1698//152 138//152 137//152 1699//152
f 162//111 776//111 2008//111
f 146//102 201//102 144//102
f 196//102 198//102 201//102 146//102
f 152//119 1705//119 150//119
f 160//119 1704//119 1705//119 152//119
f 155//101 185//101 153//101
f 180//101 182//101 185//101 155//101
f 179//101 182//101 180//101
f 186//119 1704//119 160//119
f 195//102 198//102 196//102
f 1980//1 1769//1 1770//1
f 2014//169 394//169 396//150 2003//150
f 1985//1 464//1 467//1
f 2015//170 390//170 394//169 2014//169
f 2016//171 386//171 390//170 2015//170
f 1987//1 1774//1 1775//1
f 2017//172 380//172 386//171 2016//171
f 1990//1 460//1 463//1
f 2018//173 346//173 380//172 2017//172
f 1995//1 479//1 1773//1
f 378//14 377//14 1680//14
f 343//174 346//173 2018//173 1679//174
f 1766//109 425//109 1670//109
f 366//110 365//110 1676//110
f 348//109 1749//109 101//109
f 419//110 104//110 420//110
f 424//109 94//109 425//109
f 437//14 120//14 438//14
f 95//109 745//109 96//109
f 148//111 771//111 162//111
f 119//14 118//14 1072//14
f 119//14 1072//14 1836//14
f 131//109 839//109 1845//109
f 514//1 85//1 511//1
f 505//111 788//111 111//111
f 79//10 1189//10 578//10
f 562//9 581//9 580//9 563//9
f 582//13 1950//13 593//13
f 560//6 565//6 586//6 561//6
f 572//9 583//9 568//9 567//9
f 1794//13 1181//13 584//13
f 570//6 574//6 590//6 571//6
f 573//10 1948//10 591//10
f 2051//13 1173//13 588//13
f 591//10 1948//10 577//10
f 577//10 1947//10 575//10
f 584//13 1181//13 1180//13 585//13
f 585//13 1180//13 1792//13
f 578//10 1188//10 579//10
f 579//10 1188//10 1791//10
f 593//13 1950//13 1790//13
f 1790//13 1949//13 1789//13
f 588//13 1172//13 589//13
f 589//13 1172//13 1793//13
f 1798//6 1038//6 1799//6
f 607//10 1795//10 602//10 604//10
f 611//9 1026//9 633//9
f 613//10 612//10 615//10 617//10
f 636//95 627//95 634//95
f 628//95 627//95 636//95
f 622//94 621//94 618//94
f 633//9 1026//9 1025//9 610//9
f 610//9 1025//9 608//9
f 620//94 622//94 618//94
f 1799//6 1037//6 603//6
f 603//6 1037//6 601//6
f 1800//10 1079//10 668//10
f 192//6 667//6 642//6 193//6
f 1801//13 1091//13 1804//13
f 650//6 649//6 671//6 1803//6
f 651//4 670//4 660//4
f 2052//94 675//94 674//94
f 659//94 675//94 2052//94
f 1692//4 672//4 1693//4
f 663//14 1072//14 118//14
f 666//14 663//14 118//14
f 673//4 672//4 1692//4
f 668//10 1078//10 669//10
f 669//10 1078//10 1802//10
f 653//4 670//4 651//4
f 1804//13 1091//13 643//13
f 643//13 1090//13 641//13
f 1805//94 682//94 681//94
f 1813//109 839//109 131//109 130//109
f 1813//109 840//109 839//109
f 684//109 1813//109 130//109
f 1807//107 709//107 1809//107
f 1810//6 1938//6 712//6
f 1812//9 1128//9 714//9
f 703//13 702//13 698//13 700//13
f 701//6 1124//6 717//6
f 706//9 1136//9 716//9
f 714//9 1128//9 1127//9 715//9
f 715//9 1127//9 1808//9
f 716//9 1135//9 699//9
f 699//9 1135//9 697//9
f 710//107 709//107 1807//107
f 712//6 1938//6 1937//6 713//6
f 713//6 1937//6 1811//6
f 1806//94 682//94 1805//94
f 717//6 1124//6 708//6
f 708//6 1123//6 705//6
f 1833//109 745//109 95//109
f 776//111 162//111 771//111
f 777//111 2008//111 776//111
f 782//111 2008//111 777//111
f 783//111 2008//111 782//111
f 788//111 505//111 783//111
f 1072//14 663//14 1069//14
f 2008//111 783//111 505//111
f 748//109 1797//109 745//109
f 1030//109 1797//109 748//109
f 1037//6 1799//6 1038//6
f 1069//14 663//14 1927//14
f 1078//10 668//10 1079//10
f 1090//13 643//13 1091//13
f 840//109 1813//109 1131//109
f 1123//6 708//6 1124//6
f 1135//9 716//9 1136//9
f 1172//13 588//13 1173//13
f 1947//10 577//10 1948//10
f 1188//10 578//10 1189//10
f 1949//13 1790//13 1950//13
f 1999//1 1697//1 129//1 342//1
f 1667//1 1668//1 117//1 1679//1
f 58//1 61//1 101//1 1749//1
f 1687//108 447//108 2025//108
f 70//108 2026//108 89//108
f 1672//14 407//14 1673//14
f 1750//14 2001//14 352//14
f 1750//14 352//14 351//14
f 1676//1 105//1 109//1 1690//1
f 1680//1 121//1 1695//1 2004//1
f 1683//1 133//1 1699//1 1700//1
f 89//108 2026//108 448//108 88//108
f 1673//14 406//14 352//14 2001//14
f 1686//151 1702//151 75//151 74//151
f 88//108 447//108 1687//108
f 105//1 106//1 109//1
f 105//1 515//1 106//1
f 61//1 106//1 101//1
f 106//1 503//1 101//1
f 121//1 1694//1 1695//1
f 121//1 518//1 1694//1
f 2000//19 1701//19 114//19 113//19
f 1694//1 117//1 1668//1
f 1694//1 505//1 117//1
f 133//1 508//1 1698//1
f 128//9 127//9 1703//9 1998//9
f 1697//1 1698//1 129//1
f 1698//1 507//1 129//1
f 1698//1 508//1 507//1
f 1699//1 133//1 1698//1
f 147//108 771//108 148//108
f 150//109 1828//109 151//109
f 161//17 1824//17 2006//17
f 156//8 818//8 2010//8
f 179//108 1862//108 182//108
f 179//108 736//108 1862//108
f 182//108 2051//108 183//108
f 182//108 1862//108 2051//108
f 1705//109 761//109 150//109
f 194//108 797//108 147//108
f 195//109 806//109 827//109
f 195//109 827//109 198//109
f 198//109 706//109 199//109
f 198//109 827//109 706//109
f 1765//14 407//14 1672//14
f 73//108 2026//108 70//108
f 447//108 88//108 448//108
f 406//14 1673//14 407//14
f 181//108 736//108 179//108
f 87//108 86//108 1170//108
f 87//108 1170//108 1814//108
f 502//8 2056//8 187//8
f 103//8 1825//8 515//8
f 145//8 813//8 156//8
f 197//109 806//109 195//109
f 507//8 1848//8 123//8
f 514//17 718//17 501//17
f 503//1 106//1 515//1
f 515//8 1827//8 2079//8
f 505//1 1694//1 518//1
f 1789//108 1170//108 86//108
f 559//108 1789//108 86//108
f 1792//108 723//108 582//108
f 561//108 1792//108 582//108 562//108
f 1793//108 1864//108 1794//108
f 1793//108 1172//108 1944//108
f 571//108 1793//108 1794//108 572//108
f 639//109 761//109 1705//109
f 639//109 762//109 761//109
f 597//109 639//109 1705//109
f 598//109 607//109 606//109 608//109
f 608//109 757//109 598//109
f 608//109 758//109 757//109
f 1797//9 1030//9 631//9
f 631//9 1030//9 632//9
f 632//9 1029//9 1796//9
f 641//108 797//108 194//108
f 641//108 798//108 797//108
f 193//108 641//108 194//108
f 1801//108 644//108 1803//108 679//108
f 679//108 1841//108 1801//108
f 679//108 1842//108 1841//108
f 651//108 660//108 659//108 2052//108
f 654//14 661//14 658//14 657//14
f 654//14 2057//14 661//14
f 2052//108 793//108 651//108
f 2052//108 1928//108 1839//108
f 1813//4 683//4 711//4
f 684//4 683//4 1813//4
f 1809//10 709//10 686//10 685//10
f 1808//109 1859//109 1807//109
f 1808//109 1860//109 1859//109
f 692//109 1808//109 1807//109 1809//109
f 1170//108 1789//108 1167//108
f 718//17 514//17 1816//17
f 1815//108 1866//108 723//108 726//108
f 1866//108 582//108 723//108
f 1866//108 1950//108 582//108
f 1816//17 2006//17 2054//17
f 723//108 1792//108 1945//108
f 2054//17 2006//17 1818//17
f 1864//108 1793//108 1944//108
f 1864//108 1863//108 1794//108
f 1818//17 2006//17 1824//17
f 1944//108 731//108 2053//108 1864//108
f 1944//108 1172//108 1943//108
f 1824//17 161//17 1823//17
f 1862//108 1861//108 2051//108
f 1823//17 161//17 154//17
f 2006//17 1816//17 514//17
f 1827//8 515//8 1825//8
f 739//8 2079//8 1827//8
f 744//8 2079//8 739//8
f 2055//8 2079//8 744//8
f 2056//8 502//8 2055//8
f 1829//109 1834//109 757//109 1830//109
f 1834//109 598//109 757//109
f 1834//109 599//109 598//109
f 761//109 1828//109 150//109
f 2079//8 2055//8 502//8
f 1777//14 850//14 2057//14 765//14
f 776//108 1838//108 1841//108 777//108
f 782//108 793//108 1839//108 783//108
f 1839//108 1928//108 1840//108
f 793//108 2052//108 1839//108
f 1838//108 1801//108 1841//108
f 1838//108 1091//108 1801//108
f 797//108 771//108 147//108
f 850//14 661//14 2057//14
f 850//14 2073//14 661//14
f 2057//14 654//14 1925//14
f 2010//8 1847//8 507//8
f 1846//109 835//109 1859//109 807//109
f 818//8 156//8 813//8
f 2058//8 2010//8 818//8
f 2059//8 2010//8 2058//8
f 1847//8 2010//8 2059//8
f 1848//8 507//8 1847//8
f 835//109 1807//109 1859//109
f 835//109 1132//109 1807//109
f 762//109 639//109 638//109
f 1835//109 599//109 1834//109
f 758//109 608//109 1025//109
f 1029//9 632//9 1030//9
f 1925//14 654//14 1074//14
f 849//14 2073//14 850//14
f 2071//108 1091//108 1838//108
f 798//108 641//108 1090//108
f 796//108 651//108 793//108
f 1842//108 679//108 677//108
f 652//108 651//108 796//108
f 838//109 1132//109 835//109
f 1860//109 1808//109 1127//109
f 830//109 706//109 827//109
f 1136//109 706//109 830//109
f 1945//108 1792//108 1180//108
f 1865//108 1950//108 1866//108
f 1167//108 1789//108 1949//108
f 1173//108 2051//108 1861//108
f 1181//108 1794//108 1863//108
f 1998//5 1684//5 122//5 128//5
f 1700//217 1999//218 1979//219 1982//220
f 1700//217 136//36 135//36 1999//218
f 54//5 1678//5 110//5 116//5
f 2004//221 1667//222 1989//223 1992//224
f 2004//221 142//33 141//33 1667//222
f 1690//225 58//226 19//227 23//228
f 1690//225 1689//35 59//35 58//226
f 93//229 1674//230 33//231 37//232
f 93//229 92//34 1675//34 1674//230
f 1750//233 33//231 1674//230
f 1749//234 19//227 58//226
f 1679//235 1989//223 1667//222
f 342//236 1979//219 1999//218
f 1673//237 501//237 78//237
f 2001//237 501//237 1673//237
f 113//5 116//5 110//5 112//5
f 113//5 112//5 118//5
f 118//5 120//5 2000//5 113//5
f 2000//5 120//5 2002//5 57//5
f 128//5 122//5 124//5 125//5
f 125//5 124//5 130//5
f 125//5 130//5 132//5 53//5
f 53//5 132//5 1682//5 50//5
f 144//110 813//110 145//110
f 153//14 1823//14 154//14
f 185//14 1821//14 153//14
f 186//110 2056//110 1868//110
f 186//110 1868//110 1704//110
f 1704//110 1798//110 594//110
f 1704//110 1868//110 1798//110
f 188//14 1776//14 1872//14
f 188//14 1872//14 191//14
f 191//14 1800//14 192//14
f 191//14 1872//14 1800//14
f 201//110 1855//110 144//110
f 202//241 206//242 3//243
f 207//244 202//241 3//243 2//245
f 207//244 5//246 1769//246 209//247
f 2//245 5//246 207//244
f 1980//248 342//236 209//247
f 209//247 1769//246 1980//248
f 1979//219 342//236 1980//248
f 1982//220 1683//249 1700//217
f 1983//250 1683//249 1982//220
f 1983//250 9//251 2003//252
f 2003//252 1683//249 1983//250
f 2003//252 9//251 464//251 2014//253
f 2014//253 464//251 1985//254
f 1985//254 1984//255 2015//256 2014//253
f 2015//256 1624//257 1774//257 2016//258
f 1984//255 1624//257 2015//256
f 2016//258 1774//257 1987//259
f 1987//259 1986//260 2017//261 2016//258
f 2017//261 13//262 460//262 2018//263
f 1986//260 13//262 2017//261
f 1990//264 1679//235 2018//263
f 2018//263 460//262 1990//264
f 1989//223 1679//235 1990//264
f 1992//224 1680//265 2004//221
f 1993//266 1680//265 1992//224
f 1993//266 476//267 1681//268
f 1681//268 1680//265 1993//266
f 1681//268 476//267 479//267 1706//269
f 1706//269 479//267 1995//270
f 1707//271 1706//269 1995//270 1994//272
f 1707//271 17//273 472//273 1708//274
f 1994//272 17//273 1707//271
f 1708//274 472//273 1629//275
f 1709//276 1708//274 1629//275 1628//277
f 1709//276 1630//278 211//278 1710//279
f 1628//277 1630//278 1709//276
f 20//280 1749//234 1710//279
f 1710//279 211//278 20//280
f 19//227 1749//234 20//280
f 23//228 1676//281 1690//225
f 25//282 1676//281 23//228
f 25//282 26//283 1677//284
f 1677//284 1676//281 25//282
f 1677//284 26//283 212//283 1711//285
f 1711//285 212//283 29//286
f 29//286 28//287 1712//288 1711//285
f 1712//288 31//289 468//289 1713//290
f 28//287 31//289 1712//288
f 1713//290 468//289 1633//291
f 1714//292 1713//290 1633//291 1632//293
f 1714//292 457//294 213//294 1715//295
f 1632//293 457//294 1714//292
f 34//296 1750//233 1715//295
f 1715//295 213//294 34//296
f 33//231 1750//233 34//296
f 37//232 70//297 93//229
f 39//298 70//297 37//232
f 39//298 40//299 71//300
f 71//300 70//297 39//298
f 71//300 40//299 216//299 214//301
f 214//301 216//299 43//302
f 43//302 42//303 205//304 214//301
f 205//304 45//242 206//242 202//241
f 42//303 45//242 205//304
f 500//111 736//111 181//111
f 501//237 2001//237 514//237
f 187//110 2056//110 186//110
f 103//110 102//110 1919//110
f 103//110 1919//110 1825//110
f 190//14 1776//14 188//14
f 506//112 806//112 197//112
f 131//112 1845//112 508//112
f 508//112 1846//112 2042//112
f 563//14 1791//14 564//14 560//14
f 1791//14 727//14 564//14
f 1791//14 1188//14 719//14
f 567//14 566//14 573//14 570//14
f 566//14 1817//14 573//14
f 566//14 1942//14 1817//14
f 184//14 575//14 185//14
f 575//14 1821//14 185//14
f 575//14 1822//14 1821//14
f 587//4 183//4 2051//4
f 588//4 587//4 2051//4
f 611//109 613//109 624//109 1796//109
f 614//110 1917//110 618//110
f 1796//109 753//109 611//109
f 1796//109 1029//109 749//109
f 618//110 621//110 617//110 614//110
f 636//110 1919//110 102//110
f 628//110 636//110 102//110
f 679//94 671//94 678//94
f 1803//94 671//94 679//94
f 661//10 2073//10 680//10
f 1692//13 1929//13 673//13
f 1693//5 666//5 118//5 112//5
f 673//13 1928//13 674//13
f 674//13 1928//13 2052//13
f 680//10 2073//10 665//10
f 665//10 1927//10 663//10
f 681//5 684//5 130//5 124//5
f 200//110 705//110 201//110
f 705//110 1855//110 201//110
f 705//110 1856//110 1855//110
f 1814//111 511//111 87//111
f 1815//111 511//111 1814//111
f 1815//111 2040//111 511//111
f 719//14 1816//14 2054//14 727//14
f 719//14 1188//14 720//14
f 727//14 1791//14 719//14
f 726//111 2040//111 1815//111
f 1817//14 1818//14 1824//14 1819//14
f 2053//111 2040//111 726//111
f 731//111 2040//111 2053//111
f 1819//14 573//14 1817//14
f 1819//14 1948//14 573//14
f 1821//14 1823//14 153//14
f 736//111 500//111 731//111
f 2040//111 731//111 500//111
f 1827//110 846//110 1917//110 739//110
f 1831//109 753//109 749//109 1832//109
f 749//109 1029//109 750//109
f 753//109 1796//109 749//109
f 1919//110 636//110 1918//110
f 846//110 618//110 1917//110
f 846//110 619//110 618//110
f 1917//110 614//110 1916//110
f 1868//110 1867//110 1798//110
f 1872//14 1871//14 1800//14
f 2042//112 801//112 506//112
f 806//112 506//112 801//112
f 801//112 2042//112 812//112
f 812//112 2042//112 807//112
f 807//112 2042//112 1846//112
f 1846//112 508//112 1845//112
f 1855//110 813//110 144//110
f 1916//110 614//110 1033//110
f 1918//110 636//110 635//110
f 845//110 619//110 846//110
f 756//109 611//109 753//109
f 1026//109 611//109 756//109
f 1038//110 1798//110 1867//110
f 1079//14 1800//14 1871//14
f 1928//13 673//13 1929//13
f 1927//10 665//10 2073//10
f 1856//110 705//110 1123//110
f 1820//14 1948//14 1819//14
f 1822//14 575//14 1947//14
f 730//14 564//14 727//14
f 1942//14 566//14 1184//14
f 1185//14 564//14 730//14
f 124//110 1805//110 681//110
f 124//110 819//110 1805//110
f 157//112 1829//112 2078//112
f 151//112 1828//112 157//112
f 123//110 819//110 124//110
f 503//112 1833//112 95//112
f 601//110 1870//110 630//110
f 601//110 1037//110 1915//110
f 630//110 605//110 604//110 601//110
f 1802//14 648//14 650//14 647//14
f 1802//14 2060//14 648//14
f 1802//14 1078//14 2072//14
f 685//110 687//110 1810//110 689//110
f 687//110 1851//110 1810//110
f 687//110 1143//110 1849//110
f 696//110 1811//110 701//110 703//110
f 1811//110 823//110 701//110
f 1811//110 824//110 823//110
f 697//109 1857//109 1812//109
f 697//109 1135//109 831//109
f 700//109 697//109 1812//109 693//109
f 744//110 1870//110 1915//110 2055//110
f 1829//112 157//112 1828//112
f 1830//112 2078//112 1829//112
f 1831//112 2078//112 1830//112
f 1832//112 2078//112 1831//112
f 1833//112 503//112 1832//112
f 1870//110 601//110 1915//110
f 1870//110 1869//110 630//110
f 1915//110 1037//110 1914//110
f 2078//112 1832//112 503//112
f 770//14 2060//14 2072//14 1837//14
f 2060//14 1802//14 2072//14
f 2060//14 1924//14 648//14
f 2072//14 1078//14 1926//14
f 812//109 1857//109 831//109 801//109
f 818//110 1853//110 823//110 2058//110
f 2059//110 1851//110 1849//110 1847//110
f 1848//110 819//110 123//110
f 1849//110 1143//110 1850//110
f 1851//110 687//110 1849//110
f 1853//110 701//110 823//110
f 1853//110 1124//110 701//110
f 831//109 1135//109 832//109
f 1857//109 697//109 831//109
f 1034//110 630//110 1869//110
f 1075//14 648//14 1924//14
f 1858//109 1812//109 1857//109
f 1854//110 1124//110 1853//110
f 1852//110 1810//110 1851//110
f 824//110 1811//110 1937//110
f 822//110 1805//110 819//110
f 1128//109 1812//109 1858//109
f 1938//110 1810//110 1852//110
f 1144//110 1805//110 822//110
usemtl metal
f 152//5 158//5 159//5 160//5
f 163//33 164//33 165//33 166//33
f 167//34 168//34 169//34 170//34
f 171//35 172//35 173//35 174//35
f 175//36 176//36 177//36 178//36
f 277//42 278//42 279//43 280//43
f 280//43 279//43 281//44 282//44
f 282//44 281//44 283//45 284//45
f 284//45 283//45 285//46 286//46
f 286//46 285//46 287//47 288//47
f 288//47 287//47 289//48 290//48
f 290//48 289//48 291//49 292//49
f 292//49 291//49 293//50 294//50
f 294//50 293//50 295//51 296//51
f 296//51 295//51 297//52 298//52
f 298//52 297//52 299//53 300//53
f 300//53 299//53 301//54 302//54
f 302//54 301//54 303//55 304//55
f 304//55 303//55 305//56 306//56
f 306//56 305//56 307//57 308//57
f 308//57 307//57 309//58 310//58
f 310//58 309//58 311//59 312//59
f 312//59 311//59 313//60 314//60
f 314//60 313//60 315//61 316//61
f 316//61 315//61 317//62 318//62
f 318//62 317//62 319//63 320//63
f 320//63 319//63 321//64 322//64
f 322//64 321//64 323//65 324//65
f 324//65 323//65 325//66 326//66
f 326//66 325//66 327//67 328//67
f 328//67 327//67 329//68 330//68
f 330//68 329//68 331//69 332//69
f 332//69 331//69 333//70 334//70
f 334//70 333//70 335//71 336//71
f 336//71 335//71 337//72 338//72
f 338//72 337//72 339//73 340//73
f 340//73 339//73 278//42 277//42
f 343//1 344//1 345//1 346//1
f 347//1 348//1 349//1 350//1
f 351//1 352//1 353//1 354//1
f 354//1 353//1 355//1 356//1
f 356//1 355//1 357//1 358//1
f 358//1 357//1 359//1 360//1
f 360//1 359//1 361//1 362//1
f 362//1 361//1 363//1 364//1
f 364//1 363//1 365//1 366//1
f 350//1 349//1 367//1 368//1
f 368//1 367//1 369//1 370//1
f 370//1 369//1 371//1 372//1
f 372//1 371//1 373//1 374//1
f 374//1 373//1 375//1 376//1
f 376//1 375//1 377//1 378//1
f 346//1 345//1 379//1 380//1
f 381//5 382//5 383//5 384//5
f 380//1 379//1 385//1 386//1
f 382//5 387//5 388//5 383//5
f 386//1 385//1 389//1 390//1
f 387//5 391//5 392//5 388//5
f 390//1 389//1 393//1 394//1
f 394//1 393//1 395//1 396//1
f 397//5 398//5 399//5 400//5
f 398//5 401//5 402//5 399//5
f 396//1 395//1 403//1 404//1
f 405//75 406//76 407//76 408//77
f 408//77 409//63 410//63 405//75
f 409//63 411//64 412//64 410//63
f 411//64 413//65 414//65 412//64
f 413//65 415//66 416//66 414//65
f 415//66 417//78 418//78 416//66
f 417//78 419//79 420//79 418//78
f 384//5 421//5 422//5 381//5
f 400//5 392//5 391//5 397//5
f 423//80 424//81 425//81 426//82
f 426//82 427//71 428//71 423//80
f 427//71 429//72 430//72 428//71
f 429//72 431//73 432//73 430//72
f 431//73 433//42 434//42 432//73
f 433//42 435//83 436//83 434//42
f 435//83 437//84 438//84 436//83
f 439//57 440//56 441//56 442//57
f 442//57 443//58 444//58 439//57
f 443//58 445//85 446//85 444//58
f 445//85 447//86 448//86 446//85
f 449//87 450//88 451//88 452//89
f 452//89 453//55 454//55 449//87
f 453//55 441//56 440//56 454//55
f 508//97 509//97 510//97 507//97
f 511//98 512//98 513//98 514//98
f 515//99 516//99 517//99 503//99
f 518//100 519//100 520//100 505//100
f 521//7 522//7 523//7 524//7
f 525//101 526//101 527//101 528//101
f 529//102 530//102 531//102 532//102
f 1003//8 1004//8 1005//8 874//8
f 1006//112 1007//112 1008//112 934//112
f 1020//9 1021//9 1022//9 1023//9
f 1024//5 1025//5 1026//5 1027//5
f 1028//5 1029//5 1030//5 1031//5
f 1032//5 1033//5 1034//5 1035//5
f 1036//5 1037//5 1038//5 1039//5
f 1040//17 1041//17 1042//17 1043//17
f 1044//17 1045//17 1046//17 898//17
f 1047//17 1048//17 1049//17 1050//17
f 1051//111 1052//111 1053//111 1054//111
f 1073//5 1074//5 1075//5 1076//5
f 1077//5 1078//5 1079//5 1080//5
f 1081//13 1082//13 1083//13 1084//13
f 1085//13 1086//13 1087//13 1088//13
f 1089//5 1090//5 1091//5 1092//5
f 1093//10 1094//10 1095//10 1096//10
f 1098//112 1099//112 1100//112 914//112
f 1101//8 1102//8 1103//8 910//8
f 1104//8 1105//8 1106//8 1107//8
f 1108//112 1109//112 1110//112 1111//112
f 1122//5 1123//5 1124//5 1125//5
f 1126//5 1127//5 1128//5 1129//5
f 1130//5 1131//5 1132//5 1133//5
f 1134//5 1135//5 1136//5 1137//5
f 1138//6 1139//6 1140//6 1141//6
f 1142//5 1143//5 1144//5 1145//5
f 1146//17 1147//17 1148//17 886//17
f 1149//17 1150//17 1151//17 902//17
f 1152//111 1153//111 1154//111 950//111
f 1171//5 1172//5 1173//5 1174//5
f 1175//10 1176//10 1177//10 1178//10
f 1179//5 1180//5 1181//5 1182//5
f 1183//5 1184//5 1185//5 1186//5
f 1187//5 1188//5 1189//5 1190//5
f 1191//13 1192//13 1193//13 1194//13
f 1213//1 1214//1 1215//1 946//1
f 947//109 1224//109 1225//109 1226//109
f 1229//8 1230//8 1231//8 1232//8
f 1233//8 1234//8 1235//8 1236//8
f 1237//112 1238//112 1239//112 1240//112
f 1241//8 1242//8 1243//8 1244//8
f 1245//112 1246//112 1247//112 1248//112
f 1249//1 1250//1 1251//1 938//1
f 1252//1 1253//1 1254//1 882//1
f 1255//1 1256//1 1257//1 1258//1
f 1259//1 1260//1 1261//1 870//1
f 1262//109 1263//109 1264//109 733//109
f 871//108 1270//108 1271//108 1272//108
f 883//14 1275//14 1276//14 1277//14
f 1280//14 1281//14 1282//14 1283//14
f 734//110 1286//110 1287//110 1265//110
f 939//108 1288//108 1289//108 1290//108
f 1297//111 1298//111 1299//111 1300//111
f 1301//1 1302//1 1303//1 930//1
f 1304//1 1305//1 1306//1 854//1
f 1313//108 1314//108 1315//108 1316//108
f 1317//1 1318//1 1319//1 878//1
f 855//110 1320//110 1321//110 1322//110
f 879//110 1325//110 1326//110 1327//110
f 931//110 1334//110 1335//110 1336//110
f 1343//112 1344//112 1345//112 1346//112
f 1347//112 1348//112 1349//112 1350//112
f 1351//109 1352//109 1353//109 779//109
f 1377//109 1378//109 1379//109 1380//109
f 780//110 1385//110 1386//110 1354//110
f 1387//17 1388//17 1389//17 1390//17
f 1391//111 1392//111 1393//111 1394//111
f 1395//111 1396//111 1397//111 1398//111
f 1399//17 1400//17 1401//17 1402//17
f 1403//109 1404//109 1405//109 1406//109
f 1407//110 1408//110 1409//110 1410//110
f 1411//108 1412//108 1413//108 1414//108
f 1415//14 1416//14 1417//14 1418//14
f 1419//14 1420//14 1421//14 1422//14
f 1423//110 1424//110 1425//110 1426//110
f 1427//110 1428//110 1429//110 1430//110
f 1431//109 1432//109 1433//109 1434//109
f 1435//109 1436//109 1437//109 1438//109
f 1439//14 1440//14 1441//14 1442//14
f 1443//14 1444//14 1445//14 1446//14
f 1447//109 1448//109 1449//109 1450//109
f 1451//110 1452//110 1453//110 1454//110
f 1455//109 1456//109 1457//109 1458//109
f 1459//110 1460//110 1461//110 1462//110
f 1463//108 1464//108 1465//108 1466//108
f 1467//14 1468//14 1469//14 1470//14
f 1471//108 1472//108 1473//108 1474//108
f 1475//14 1476//14 1477//14 1478//14
f 1479//108 1480//108 1481//108 1482//108
f 1483//14 1484//14 1485//14 1486//14
f 1487//14 1488//14 1489//14 1490//14
f 1491//108 1492//108 1493//108 1494//108
f 1495//110 1496//110 1497//110 1498//110
f 1499//109 1500//109 1501//109 1502//109
f 1503//109 1504//109 1505//109 1506//109
f 1507//110 1508//110 1509//110 1510//110
f 1511//110 1512//110 1513//110 1514//110
f 1515//109 1516//109 1517//109 1518//109
f 1519//108 1520//108 1521//108 1522//108
f 1523//14 1524//14 1525//14 1526//14
f 1527//14 1528//14 1529//14 1530//14
f 1531//108 1532//108 1533//108 1534//108
f 1535//14 1536//14 1537//14 1538//14
f 1539//108 1540//108 1541//108 1542//108
f 1543//109 1544//109 1545//109 1546//109
f 1547//110 1548//110 1549//110 1550//110
f 1551//110 1552//110 1553//110 1554//110
f 1555//109 1556//109 1557//109 1558//109
f 1559//110 1560//110 1561//110 1562//110
f 1563//109 1564//109 1565//109 1566//109
f 1567//14 1568//14 1569//14 1570//14
f 1571//108 1572//108 1573//108 1574//108
f 1575//14 1576//14 1577//14 1578//14
f 1579//108 1580//108 1581//108 1582//108
f 1583//110 1584//110 1585//110 1586//110
f 1587//109 1588//109 1589//109 1590//109
f 1591//109 1592//109 1593//109 1594//109
f 1595//110 1596//110 1597//110 1598//110
f 1599//109 1600//109 1601//109 1602//109
f 1603//110 1604//110 1605//110 1606//110
f 1607//113 1608//113 1609//113 1610//113
f 1611//116 1612//116 1613//116 1614//116
f 1615//114 1616//114 1617//114 1618//114
f 1619//115 1620//115 1621//115 1622//115
f 1635//5 338//5 340//5 1636//5
f 1637//5 336//5 338//5 1635//5
f 1638//5 334//5 336//5 1637//5
f 1639//5 332//5 334//5 1638//5
f 1640//5 330//5 332//5 1639//5
f 1641//5 328//5 330//5 1640//5
f 1642//5 326//5 328//5 1641//5
f 1643//5 324//5 326//5 1642//5
f 1644//5 322//5 324//5 1643//5
f 1645//5 320//5 322//5 1644//5
f 1646//5 318//5 320//5 1645//5
f 1647//5 316//5 318//5 1646//5
f 1648//5 314//5 316//5 1647//5
f 1649//5 312//5 314//5 1648//5
f 1650//5 310//5 312//5 1649//5
f 1651//5 308//5 310//5 1650//5
f 1652//5 306//5 308//5 1651//5
f 1653//5 304//5 306//5 1652//5
f 1654//5 302//5 304//5 1653//5
f 1655//5 300//5 302//5 1654//5
f 1656//5 298//5 300//5 1655//5
f 1657//5 296//5 298//5 1656//5
f 1658//5 294//5 296//5 1657//5
f 1659//5 292//5 294//5 1658//5
f 1660//5 290//5 292//5 1659//5
f 1661//5 288//5 290//5 1660//5
f 1662//5 286//5 288//5 1661//5
f 1663//5 284//5 286//5 1662//5
f 1664//5 282//5 284//5 1663//5
f 1665//5 280//5 282//5 1664//5
f 1666//5 277//5 280//5 1665//5
f 1636//5 340//5 277//5 1666//5
f 146//5 531//5 530//5 196//5
f 155//5 525//5 528//5 180//5
f 163//29 166//29 522//29 521//29
f 167//32 170//32 527//32 526//32
f 175//27 178//27 529//27 532//27
f 1751//5 1752//5 409//5 408//5
f 1752//5 1753//5 411//5 409//5
f 1753//5 1754//5 413//5 411//5
f 1755//5 1756//5 417//5 415//5
f 1756//5 1757//5 419//5 417//5
f 1758//5 1759//5 427//5 426//5
f 1759//5 1760//5 429//5 427//5
f 1760//5 1761//5 431//5 429//5
f 1762//5 1763//5 435//5 433//5
f 1763//5 1764//5 437//5 435//5
f 353//135 405//135 410//134 355//134
f 355//134 410//134 412//133 357//133
f 357//133 412//133 414//132 359//132
f 359//132 414//132 416//131 361//131
f 361//131 416//131 418//121 363//121
f 349//130 423//130 428//129 367//129
f 367//129 428//129 430//128 369//128
f 369//128 430//128 432//127 371//127
f 371//127 432//127 434//126 373//126
f 373//126 434//126 436//123 375//123
f 352//137 406//137 405//135 353//135
f 365//120 363//121 418//121 420//120
f 348//136 424//136 423//130 349//130
f 377//122 375//123 436//123 438//122
f 408//5 407//5 1765//5 1751//5
f 415//5 413//5 1754//5 1755//5
f 426//5 425//5 1766//5 1758//5
f 433//5 431//5 1761//5 1762//5
f 159//119 158//119 1779//119 1780//119
f 976//8 1435//8 1438//8 977//8
f 981//8 1431//8 1434//8 982//8
f 1010//112 1423//112 1426//112 1884//112
f 1023//5 638//5 599//5 1020//5
f 1920//6 1425//6 1424//6 1921//6
f 1027//9 1433//9 1432//9 1024//9
f 1031//9 1437//9 1436//9 1028//9
f 1035//6 1922//6 1923//6 1032//6
f 1039//6 1429//6 1428//6 1036//6
f 858//109 1076//109 859//109
f 858//109 1441//109 1076//109
f 859//109 1076//109 1075//109 1924//109
f 1055//110 1925//110 1074//110 1073//110
f 1059//110 1926//110 1078//110 1077//110
f 1070//110 1069//110 1927//110 1096//110
f 1073//110 1056//110 1055//110
f 1073//110 1440//110 1056//110
f 1077//110 1060//110 1059//110
f 1077//110 1444//110 1060//110
f 1084//5 677//5 652//5 1081//5
f 1088//5 1928//5 1929//5 1085//5
f 1092//13 1930//13 1931//13 1089//13
f 1096//110 1051//110 1070//110
f 1096//110 1095//110 1051//110
f 964//108 1137//108 829//108
f 964//108 1406//108 1137//108
f 1107//108 1133//108 837//108
f 1107//108 1933//108 1133//108
f 837//108 1133//108 1132//108 838//108
f 829//108 1137//108 1136//108 830//108
f 833//14 832//14 1135//14 1134//14
f 1125//6 1409//6 1408//6 1122//6
f 1129//9 1935//9 1936//9 1126//9
f 1134//14 963//14 833//14
f 1134//14 1405//14 963//14
f 1141//5 1937//5 1938//5 1138//5
f 1145//6 1939//6 1940//6 1142//6
f 961//111 1418//111 1417//111 958//111
f 1159//110 1942//110 1184//110 1183//110
f 1178//5 1947//5 1948//5 1175//5
f 1182//13 1414//13 1413//13 1179//13
f 1183//110 1160//110 1159//110
f 1183//110 1421//110 1160//110
f 1190//10 1416//10 1415//10 1187//10
f 1194//5 1949//5 1950//5 1191//5
f 1195//1 1242//1 1241//1 1196//1
f 1201//1 1230//1 1229//1 1202//1
f 1207//1 1246//1 1245//1 1208//1
f 942//14 1233//14 1236//14 943//14
f 1217//1 1238//1 1237//1 918//1
f 803//110 1244//110 1243//110 804//110
f 815//109 1248//109 1247//109 816//109
f 809//110 1232//110 1231//110 810//110
f 919//109 1240//109 1239//109 1216//109
f 1220//108 1235//108 1234//108 1221//108
f 1215//112 1214//112 1225//112 1224//112
f 938//110 1251//110 1288//110 939//110
f 1265//1 1287//1 1263//1 1262//1
f 954//110 1297//110 1300//110 955//110
f 1283//110 1282//110 1256//110 1255//110
f 733//14 1264//14 1286//14 734//14
f 1290//109 1289//109 1250//109 1249//109
f 1293//109 1299//109 1298//109 1294//109
f 1261//111 1260//111 1271//111 1270//111
f 1254//17 1253//17 1276//17 1275//17
f 930//14 1303//14 1334//14 931//14
f 854//14 1306//14 1320//14 855//14
f 1307//1 1348//1 1347//1 1308//1
f 878//14 1319//14 1325//14 879//14
f 1322//108 1321//108 1305//108 1304//108
f 1327//108 1326//108 1318//108 1317//108
f 923//109 1346//109 1345//109 1330//109
f 1336//108 1335//108 1302//108 1301//108
f 741//109 1350//109 1349//109 742//109
f 1339//14 1966//14 1967//14 1340//14
f 1360//109 1387//109 1390//109 773//109
f 890//110 1391//110 1394//110 891//110
f 1365//1 1396//1 1395//1 1366//1
f 1371//1 1400//1 1399//1 1372//1
f 767//108 1398//108 1397//108 768//108
f 1381//109 1393//109 1392//109 1382//109
f 774//110 1389//110 1388//110 1359//110
f 785//14 1402//14 1401//14 786//14
f 1352//17 1386//17 1385//17 1353//17
f 1970//111 1379//111 1378//111 1971//111
f 1933//108 1107//108 1106//108
f 1406//108 964//108 1403//108
f 1404//14 963//14 1405//14
f 1140//110 1139//110 1100//110 1099//110
f 1151//108 1150//108 1972//108 1973//108
f 1147//108 1193//108 1192//108 1148//108
f 1154//14 1153//14 1177//14 1176//14
f 1420//110 1160//110 1421//110
f 1004//109 1022//109 1021//109 1005//109
f 1442//109 1441//109 858//109
f 1439//110 1056//110 1440//110
f 1052//110 1051//110 1095//110
f 1443//110 1060//110 1444//110
f 1048//108 1087//108 1086//108 1049//108
f 1041//108 1083//108 1082//108 1042//108
f 998//108 1619//108 1622//108 994//108
f 995//14 1621//14 1620//14 1000//14
f 1450//14 1449//14 1452//14 1451//14
f 1454//108 1453//108 1448//108 1447//108
f 990//14 1615//14 1618//14 986//14
f 987//108 1617//108 1616//108 992//108
f 1466//109 1465//109 1468//109 1467//109
f 1470//110 1469//110 1464//110 1463//110
f 1478//110 1477//110 1472//110 1471//110
f 1474//109 1473//109 1476//109 1475//109
f 1974//14 1611//14 1614//14 1975//14
f 1976//108 1613//108 1612//108 1977//108
f 1482//109 1481//109 1484//109 1483//109
f 1486//110 1485//110 1480//110 1479//110
f 1490//110 1489//110 1492//110 1491//110
f 1494//109 1493//109 1488//109 1487//109
f 1502//14 1501//14 1496//14 1495//14
f 1498//108 1497//108 1500//108 1499//108
f 1510//108 1509//108 1504//108 1503//108
f 1506//14 1505//14 1508//14 1507//14
f 1514//108 1513//108 1516//108 1515//108
f 1518//14 1517//14 1512//14 1511//14
f 1526//110 1525//110 1520//110 1519//110
f 1522//109 1521//109 1524//109 1523//109
f 1530//110 1529//110 1532//110 1531//110
f 1534//109 1533//109 1528//109 1527//109
f 1538//110 1537//110 1540//110 1539//110
f 1542//109 1541//109 1536//109 1535//109
f 1550//108 1549//108 1544//108 1543//108
f 1546//14 1545//14 1548//14 1547//14
f 1554//108 1553//108 1556//108 1555//108
f 1558//14 1557//14 1552//14 1551//14
f 1566//14 1565//14 1560//14 1559//14
f 1562//108 1561//108 1564//108 1563//108
f 968//14 1610//14 1609//14 969//14
f 974//108 1608//108 1607//108 972//108
f 1578//110 1577//110 1580//110 1579//110
f 1582//109 1581//109 1576//109 1575//109
f 1602//14 1601//14 1604//14 1603//14
f 1606//108 1605//108 1600//108 1599//108
f 1592//113 1597//113 1596//113 1593//113
f 1584//113 1589//113 1588//113 1585//113
f 1568//114 1573//114 1572//114 1569//114
f 1456//116 1461//116 1460//116 1457//116
f 161//153 525//30 155//30
f 161//153 2005//154 167//155
f 161//153 2006//156 2007//157
f 156//158 531//32 146//32
f 156//158 2009//159 175//160
f 156//158 2010//161 2011//162
f 196//29 530//29 506//163
f 180//27 528//27 500//164
f 149//5 524//5 523//5 189//5
f 170//165 2012//166 500//164
f 171//30 174//30 1780//30 1779//30
f 178//167 2013//168 506//163
f 341//1 1685//1 2019//1 210//1
f 204//1 2020//1 2021//1 215//1
f 215//1 2021//1 2022//1 72//1
f 2023//5 2024//5 445//5 443//5
f 2024//5 2025//5 447//5 445//5
f 72//1 2022//1 2026//1 73//1
f 210//1 2019//1 2027//1 208//1
f 2028//5 2029//5 453//5 452//5
f 208//1 2027//1 2030//1 203//1
f 203//1 2030//1 2020//1 204//1
f 2031//5 2032//5 442//5 441//5
f 345//173 2033//173 2034//172 379//172
f 379//172 2034//172 2035//171 385//171
f 385//171 2035//171 2036//170 389//170
f 389//170 2036//170 2037//169 393//169
f 393//169 2037//169 2038//150 395//150
f 403//149 395//150 2038//150 1696//149
f 344//174 1691//174 2033//173 345//173
f 443//5 442//5 2032//5 2023//5
f 452//5 451//5 1748//5 2028//5
f 441//5 453//5 2029//5 2031//5
f 500//164 527//27 170//165
f 500//164 2039//179 2040//180
f 506//163 529//29 178//167
f 506//163 2041//181 2042//182
f 507//110 510//183 2010//161
f 508//109 2042//182 509//184
f 514//14 513//185 2006//156
f 511//108 2040//180 512//186
f 519//1 2043//1 2044//1 520//1
f 512//186 2040//180 2039//179
f 516//1 2045//1 2046//1 517//1
f 509//184 2042//182 2041//181
f 527//27 500//164 528//27
f 526//30 161//153 167//155
f 525//30 161//153 526//30
f 529//29 506//163 530//29
f 532//32 156//158 175//160
f 531//32 156//158 532//32
f 165//1 164//1 2047//1 2048//1
f 168//187 167//155 2005//154
f 173//1 172//1 2049//1 2050//1
f 176//188 175//160 2009//159
f 2009//159 156//158 2011//162
f 2011//162 2010//161 510//183
f 2013//168 178//167 177//189
f 2041//181 506//163 2013//168
f 2049//1 556//1 549//1 2050//1
f 2046//1 553//1 556//1 2049//1
f 2050//1 549//1 552//1 2045//1
f 2045//1 552//1 553//1 2046//1
f 2005//154 161//153 2007//157
f 2007//157 2006//156 513//185
f 2012//166 170//165 169//190
f 2039//179 500//164 2012//166
f 2047//1 537//1 540//1 2048//1
f 2044//1 536//1 537//1 2047//1
f 2048//1 540//1 533//1 2043//1
f 2043//1 533//1 536//1 2044//1
f 926//14 1039//14 927//14
f 926//14 1429//14 1039//14
f 982//108 1027//108 755//108
f 982//108 1433//108 1027//108
f 874//108 1020//108 875//108
f 874//108 1021//108 1020//108
f 1884//14 1920//14 844//14
f 1884//14 1425//14 1920//14
f 934//14 1035//14 935//14
f 934//14 1922//14 1035//14
f 1009//108 1918//108 635//108 1921//108
f 844//14 1920//14 619//14 845//14
f 1013//108 1914//108 1037//108 1036//108
f 927//14 1039//14 1038//14 1867//14
f 751//14 750//14 1029//14 1028//14
f 759//14 758//14 1025//14 1024//14
f 755//108 1027//108 1026//108 756//108
f 1017//108 1916//108 1033//108 1032//108
f 935//14 1035//14 1034//14 1869//14
f 763//14 762//14 638//14 1023//14
f 875//108 1020//108 599//108 1835//108
f 1023//14 1003//14 763//14
f 1023//14 1022//14 1003//14
f 1921//108 1010//108 1009//108
f 1921//108 1424//108 1010//108
f 1024//14 981//14 759//14
f 1024//14 1432//14 981//14
f 1028//14 976//14 751//14
f 1028//14 1436//14 976//14
f 1032//108 1006//108 1017//108
f 1032//108 1923//108 1006//108
f 1036//108 1014//108 1013//108
f 1036//108 1428//108 1014//108
f 1043//110 1081//110 795//110
f 1043//110 1082//110 1081//110
f 1056//111 1439//111 1442//111 858//111
f 898//110 1092//110 899//110
f 898//110 1930//110 1092//110
f 1050//110 1085//110 791//110
f 1050//110 1086//110 1085//110
f 1060//111 1443//111 1446//111 866//111
f 899//110 1092//110 1091//110 2071//110
f 791//110 1085//110 1929//110 792//110
f 1063//109 1840//109 1928//109 1088//109
f 795//110 1081//110 652//110 796//110
f 1066//109 1842//109 677//109 1084//109
f 1076//10 1441//10 1440//10 1073//10
f 1080//10 1445//10 1444//10 1077//10
f 1084//109 1040//109 1066//109
f 1084//109 1083//109 1040//109
f 1088//109 1047//109 1063//109
f 1088//109 1087//109 1047//109
f 1096//5 1927//5 2073//5 1093//5
f 963//8 1404//8 1403//8 964//8
f 906//14 1125//14 907//14
f 906//14 1409//14 1125//14
f 914//14 1138//14 915//14
f 914//14 1139//14 1138//14
f 910//108 1129//108 911//108
f 910//108 1935//108 1129//108
f 1112//108 1850//108 1143//108 1142//108
f 907//14 1125//14 1124//14 1854//14
f 1115//108 1856//108 1123//108 1122//108
f 911//108 1129//108 1128//108 1858//108
f 1119//14 1860//14 1127//14 1126//14
f 915//14 1138//14 1938//14 1852//14
f 1122//108 1116//108 1115//108
f 1122//108 1408//108 1116//108
f 1126//14 1101//14 1119//14
f 1126//14 1936//14 1101//14
f 1133//9 1933//9 2074//9 1130//9
f 1137//9 1406//9 1405//9 1134//9
f 1142//108 1108//108 1112//108
f 1142//108 1940//108 1108//108
f 886//110 1191//110 887//110
f 886//110 1192//110 1191//110
f 1879//109 1186//109 729//109
f 1879//109 1422//109 1186//109
f 902//110 1174//110 903//110
f 902//110 1973//110 1174//110
f 950//109 1175//109 951//109
f 950//109 1176//109 1175//109
f 958//109 1190//109 1885//109
f 958//109 1416//109 1190//109
f 894//110 1182//110 895//110
f 894//110 1414//110 1182//110
f 951//109 1175//109 1948//109 1820//109
f 1156//110 1822//110 1947//110 1178//110
f 1885//109 1190//109 1189//109 1166//109
f 721//110 720//110 1188//110 1187//110
f 887//110 1191//110 1950//110 1865//110
f 1168//109 1167//109 1949//109 1194//109
f 729//109 1186//109 1185//109 730//109
f 903//110 1174//110 1173//110 1861//110
f 1163//109 1943//109 1172//109 1171//109
f 895//110 1182//110 1181//110 1863//110
f 1946//109 1945//109 1180//109 1179//109
f 1171//109 1149//109 1163//109
f 1171//109 1972//109 1149//109
f 1178//110 1152//110 1156//110
f 1178//110 1177//110 1152//110
f 1179//109 1893//109 1946//109
f 1179//109 1413//109 1893//109
f 1187//110 961//110 721//110
f 1187//110 1415//110 961//110
f 1194//109 1146//109 1168//109
f 1194//109 1193//109 1146//109
f 1196//14 1241//14 1244//14 803//14
f 1202//14 1229//14 1232//14 809//14
f 1208//108 1245//108 1248//108 815//108
f 1221//1 1234//1 1233//1 942//1
f 946//108 1215//108 1224//108 947//108
f 918//108 1237//108 1240//108 919//108
f 804//108 1243//108 1242//108 1195//108
f 816//14 1247//14 1246//14 1207//14
f 810//108 1231//108 1230//108 1201//108
f 1216//14 1239//14 1238//14 1217//14
f 943//110 1236//110 1235//110 1220//110
f 1226//14 1225//14 1214//14 1213//14
f 882//109 1254//109 1275//109 883//109
f 870//110 1261//110 1270//110 871//110
f 1294//1 1298//1 1297//1 954//1
f 1272//109 1271//109 1260//109 1259//109
f 1277//110 1276//110 1253//110 1252//110
f 955//108 1300//108 1299//108 1293//108
f 1257//17 1256//17 1282//17 1281//17
f 1251//111 1250//111 1289//111 1288//111
f 1263//17 1287//17 1286//17 1264//17
f 1308//108 1347//108 1350//108 741//108
f 922//108 1343//108 1346//108 923//108
f 1330//14 1345//14 1344//14 1331//14
f 742//14 1349//14 1348//14 1307//14
f 1306//8 1305//8 1321//8 1320//8
f 1314//112 1967//112 1966//112 1315//112
f 1319//8 1318//8 1326//8 1325//8
f 1303//8 1302//8 1335//8 1334//8
f 1354//1 1386//1 1352//1 1351//1
f 1359//1 1388//1 1387//1 1360//1
f 1382//1 1392//1 1391//1 890//1
f 862//110 1970//110 1971//110 863//110
f 1366//110 1395//110 1398//110 767//110
f 1372//109 1399//109 1402//109 785//109
f 768//109 1397//109 1396//109 1365//109
f 891//108 1394//108 1393//108 1381//108
f 773//14 1390//14 1389//14 774//14
f 786//110 1401//110 1400//110 1371//110
f 779//14 1353//14 1385//14 780//14
f 1102//14 1101//14 1936//14
f 1935//108 910//108 1103//108
f 1109//108 1108//108 1940//108
f 1410//14 1409//14 906//14
f 1407//108 1116//108 1408//108
f 1139//14 914//14 1100//14
f 1414//110 894//110 1411//110
f 1412//109 1893//109 1413//109
f 1973//110 902//110 1151//110
f 1150//109 1149//109 1972//109
f 1148//110 1192//110 886//110
f 1147//109 1146//109 1193//109
f 1418//110 961//110 1415//110
f 1416//109 958//109 1417//109
f 1176//109 950//109 1154//109
f 1153//110 1152//110 1177//110
f 1422//109 1879//109 1419//109
f 1008//14 1922//14 934//14
f 1007//108 1006//108 1923//108
f 1426//14 1425//14 1884//14
f 1423//108 1010//108 1424//108
f 1430//14 1429//14 926//14
f 1427//108 1014//108 1428//108
f 1434//108 1433//108 982//108
f 1431//14 981//14 1432//14
f 1435//14 976//14 1436//14
f 1005//108 1021//108 874//108
f 1004//14 1003//14 1022//14
f 1052//14 1095//14 1094//14 1053//14
f 1049//110 1086//110 1050//110
f 1048//109 1047//109 1087//109
f 1046//110 1930//110 898//110
f 1042//110 1082//110 1043//110
f 1041//109 1040//109 1083//109
f 994//109 1622//109 1621//109 995//109
f 1000//110 1620//110 1619//110 998//110
f 1458//14 1457//14 1460//14 1459//14
f 1462//108 1461//108 1456//108 1455//108
f 986//110 1618//110 1617//110 987//110
f 992//109 1616//109 1615//109 990//109
f 1975//110 1614//110 1613//110 1976//110
f 1977//109 1612//109 1611//109 1974//109
f 972//109 1607//109 1610//109 968//109
f 969//110 1609//110 1608//110 974//110
f 1570//110 1569//110 1572//110 1571//110
f 1574//109 1573//109 1568//109 1567//109
f 1586//108 1585//108 1588//108 1587//108
f 1590//14 1589//14 1584//14 1583//14
f 1594//14 1593//14 1596//14 1595//14
f 1598//108 1597//108 1592//108 1591//108
f 1600//115 1605//115 1604//115 1601//115
f 1576//114 1581//114 1580//114 1577//114
f 1565//116 1564//116 1561//116 1560//116
f 1552//114 1557//114 1556//114 1553//114
f 1549//113 1548//113 1545//113 1544//113
f 1536//115 1541//115 1540//115 1537//115
f 1528//114 1533//114 1532//114 1529//114
f 1525//115 1524//115 1521//115 1520//115
f 1512//115 1517//115 1516//115 1513//115
f 1509//115 1508//115 1505//115 1504//115
f 1501//114 1500//114 1497//114 1496//114
f 1488//116 1493//116 1492//116 1489//116
f 1480//116 1485//116 1484//116 1481//116
f 1477//113 1476//113 1473//113 1472//113
f 1464//116 1469//116 1468//116 1465//116
f 1448//113 1453//113 1452//113 1449//113
f 157//191 158//29 152//29
f 157//191 2049//192 171//193
f 157//191 2078//194 2046//195
f 162//196 524//27 149//27
f 162//196 2047//197 163//198
f 162//196 2008//199 2044//200
f 189//30 523//30 504//201
f 166//202 2048//203 504//201
f 2033//204 1691//205 421//205 384//206
f 384//206 383//47 2034//47 2033//204
f 383//47 388//48 2035//48 2034//47
f 388//48 392//49 2036//49 2035//48
f 392//49 400//50 2037//50 2036//49
f 400//50 399//207 2038//207 2037//50
f 399//207 402//208 1696//208 2038//207
f 504//201 522//30 166//202
f 504//201 2043//209 1778//210
f 503//109 517//211 2078//194
f 505//108 520//212 2008//199
f 518//14 1778//210 519//213
f 519//213 1778//210 2043//209
f 512//1 2039//1 2007//1 513//1
f 509//1 2041//1 2011//1 510//1
f 522//30 504//201 523//30
f 521//27 162//196 163//198
f 524//27 162//196 521//27
f 1779//29 157//191 171//193
f 158//29 157//191 1779//29
f 164//214 163//198 2047//197
f 169//1 168//1 2005//1 2012//1
f 172//215 171//193 2049//192
f 177//1 176//1 2009//1 2013//1
f 2009//1 1784//1 1781//1 2013//1
f 2011//1 1783//1 1784//1 2009//1
f 2013//1 1781//1 1782//1 2041//1
f 2041//1 1782//1 1783//1 2011//1
f 2049//192 157//191 2046//195
f 2046//195 2078//194 517//211
f 2005//1 1788//1 1785//1 2012//1
f 2007//1 1787//1 1788//1 2005//1
f 2012//1 1785//1 1786//1 2039//1
f 2039//1 1786//1 1787//1 2007//1
f 2047//197 162//196 2044//200
f 2044//200 2008//199 520//212
f 2048//203 166//202 165//216
f 2043//209 504//201 2048//203
f 977//108 1031//108 747//108
f 977//108 1437//108 1031//108
f 1014//112 1427//112 1430//112 926//112
f 747//108 1031//108 1030//108 748//108
f 1921//5 635//5 619//5 1920//5
f 866//109 1080//109 867//109
f 866//109 1445//109 1080//109
f 867//109 1080//109 1079//109 1871//109
f 1116//112 1407//112 1410//112 906//112
f 1111//14 1145//14 821//14
f 1111//14 1939//14 1145//14
f 821//14 1145//14 1144//14 822//14
f 841//14 840//14 1131//14 1130//14
f 825//108 824//108 1937//108 1141//108
f 1130//14 1104//14 841//14
f 1130//14 2074//14 1104//14
f 1141//108 1098//108 825//108
f 1141//108 1140//108 1098//108
f 1160//111 1420//111 1419//111 1879//111
f 1893//17 1412//17 1411//17 894//17
f 1174//13 1973//13 1972//13 1171//13
f 1186//10 1422//10 1421//10 1183//10
f 1258//109 1257//109 1281//109 1280//109
f 1340//1 1967//1 1314//1 1313//1
f 1331//1 1344//1 1343//1 922//1
f 1316//109 1315//109 1966//109 1339//109
f 1380//1 1379//1 1970//1 862//1
f 863//108 1971//108 1378//108 1377//108
f 1936//109 1935//109 1103//109 1102//109
f 1105//14 1104//14 2074//14
f 1939//14 1111//14 1110//14
f 1099//108 1098//108 1140//108
f 1007//110 1923//110 1922//110 1008//110
f 1438//108 1437//108 977//108
f 1446//109 1445//109 866//109
f 1045//108 1931//108 1930//108 1046//108
f 160//32 159//32 502//238
f 174//239 2050//240 502//238
f 2020//38 439//38 444//41 2021//41
f 2021//41 444//41 446//12 2022//12
f 2019//40 449//40 454//39 2027//39
f 2027//39 454//39 440//37 2030//37
f 2030//37 440//37 439//38 2020//38
f 1685//74 450//74 449//40 2019//40
f 2026//11 2022//12 446//12 448//11
f 502//238 1780//32 174//239
f 502//238 2045//305 2079//306
f 515//110 2079//306 516//307
f 516//307 2079//306 2045//305
f 1780//32 502//238 159//32
f 2050//240 174//239 173//308
f 2045//305 502//238 2050//240
f 1054//109 1093//109 848//109
f 1054//109 1094//109 1093//109
f 799//109 798//109 1090//109 1089//109
f 848//109 1093//109 2073//109 849//109
f 1089//109 1044//109 799//109
f 1089//109 1931//109 1044//109
f 1933//109 1106//109 1105//109 2074//109
f 1939//110 1110//110 1109//110 1940//110
f 1053//109 1094//109 1054//109
f 1045//109 1044//109 1931//109
f 1635//37 1636//38 2032//38 2031//37
f 1638//309 1684//74 1639//310
f 1639//310 1684//74 1998//311
f 1640//312 1682//149 1641//313
f 1641//313 1682//149 401//149 398//150
f 1646//314 1678//174 1647//315
f 1647//315 1678//174 54//316
f 1648//317 2002//122 1649//318
f 1649//318 2002//122 1764//122 1763//123
f 1654//319 1670//136 1655//320
f 1655//320 1670//136 1669//321
f 1656//322 1688//120 1657//323
f 1657//323 1688//120 1757//120 1756//121
f 1662//324 1672//137 1663//325
f 1663//325 1672//137 77//326
f 1664//327 1687//11 1665//328
f 1665//328 1687//11 2025//11 2024//12
f 1998//311 50//329 1640//312 1639//310
f 50//329 1682//149 1640//312
f 54//316 57//330 1648//317 1647//315
f 57//330 2002//122 1648//317
f 1669//321 62//331 1656//322 1655//320
f 62//331 1688//120 1656//322
f 77//326 66//332 1664//327 1663//325
f 66//332 1687//11 1664//327
f 2023//41 2032//38 1636//38 1666//41
f 2024//12 2023//41 1666//41 1665//328
f 1751//135 1765//137 1672//137 1662//324
f 1752//134 1751//135 1662//324 1661//134
f 1753//133 1752//134 1661//134 1660//133
f 1754//132 1753//133 1660//133 1659//132
f 1755//131 1754//132 1659//132 1658//131
f 1756//121 1755//131 1658//131 1657//323
f 1758//130 1766//136 1670//136 1654//319
f 1759//129 1758//130 1654//319 1653//129
f 1760//128 1759//129 1653//129 1652//128
f 1761//127 1760//128 1652//128 1651//127
f 1762//126 1761//127 1651//127 1650//126
f 1763//123 1762//126 1650//126 1649//318
f 381//173 422//174 1678//174 1646//314
f 382//172 381//173 1646//314 1645//172
f 387//171 382//172 1645//172 1644//171
f 391//170 387//171 1644//171 1643//170
f 397//169 391//170 1643//170 1642//169
f 398//150 397//169 1642//169 1641//313
f 2028//40 1748//74 1684//74 1638//309
f 2029//39 2028//40 1638//309 1637//39
f 2031//37 2029//39 1637//39 1635//37
usemtl grate
f 278//5 339//5 1716//5 1717//5
f 1717//5 1718//5 279//5 278//5
f 1718//5 1719//5 281//5 279//5
f 1719//5 1720//5 283//5 281//5
f 1720//5 1721//5 285//5 283//5
f 1721//5 1722//5 287//5 285//5
f 1722//5 1723//5 289//5 287//5
f 1723//5 1724//5 291//5 289//5
f 1724//5 1725//5 293//5 291//5
f 1725//5 1726//5 295//5 293//5
f 1726//5 1727//5 297//5 295//5
f 1727//5 1728//5 299//5 297//5
f 1728//5 1729//5 301//5 299//5
f 1729//5 1730//5 303//5 301//5
f 1730//5 1731//5 305//5 303//5
f 1731//5 1732//5 307//5 305//5
f 1732//5 1733//5 309//5 307//5
f 1733//5 1734//5 311//5 309//5
f 1734//5 1735//5 313//5 311//5
f 1735//5 1736//5 315//5 313//5
f 1736//5 1737//5 317//5 315//5
f 1737//5 1738//5 319//5 317//5
f 1738//5 1739//5 321//5 319//5
f 1739//5 1740//5 323//5 321//5
f 1740//5 1741//5 325//5 323//5
f 1741//5 1742//5 327//5 325//5
f 1742//5 1743//5 329//5 327//5
f 1743//5 1744//5 331//5 329//5
f 1744//5 1745//5 333//5 331//5
f 1745//5 1746//5 335//5 333//5
f 1746//5 1747//5 337//5 335//5
f 1747//5 1716//5 339//5 337//5
usemtl base
f 46//5 47//5 48//5 49//5
f 217//5 48//5 47//5 218//5
f 219//5 217//5 218//5 220//5
f 221//5 219//5 220//5 222//5
f 223//5 221//5 222//5 224//5
f 225//5 223//5 224//5 226//5
f 227//5 225//5 226//5 228//5
f 229//5 227//5 228//5 230//5
f 231//5 229//5 230//5 232//5
f 233//5 231//5 232//5 234//5
f 235//5 233//5 234//5 236//5
f 237//5 235//5 236//5 238//5
f 239//5 237//5 238//5 240//5
f 241//5 239//5 240//5 242//5
f 243//5 241//5 242//5 244//5
f 245//5 243//5 244//5 246//5
f 247//5 245//5 246//5 248//5
f 249//5 247//5 248//5 250//5
f 251//5 249//5 250//5 252//5
f 253//5 251//5 252//5 254//5
f 255//5 253//5 254//5 256//5
f 257//5 255//5 256//5 258//5
f 259//5 257//5 258//5 260//5
f 261//5 259//5 260//5 262//5
f 263//5 261//5 262//5 264//5
f 265//5 263//5 264//5 266//5
f 267//5 265//5 266//5 268//5
f 269//5 267//5 268//5 270//5
f 271//5 269//5 270//5 272//5
f 273//5 271//5 272//5 274//5
f 275//5 273//5 274//5 276//5
f 49//5 275//5 276//5 46//5
f 48//58 1717//58 1716//57 49//57
f 217//59 1718//59 1717//58 48//58
f 219//60 1719//60 1718//59 217//59
f 221//61 1720//61 1719//60 219//60
f 223//62 1721//62 1720//61 221//61
f 225//63 1722//63 1721//62 223//62
f 227//64 1723//64 1722//63 225//63
f 229//65 1724//65 1723//64 227//64
f 231//66 1725//66 1724//65 229//65
f 233//67 1726//67 1725//66 231//66
f 235//68 1727//68 1726//67 233//67
f 237//69 1728//69 1727//68 235//68
f 239//70 1729//70 1728//69 237//69
f 241//71 1730//71 1729//70 239//70
f 243//72 1731//72 1730//71 241//71
f 245//73 1732//73 1731//72 243//72
f 247//42 1733//42 1732//73 245//73
f 249//43 1734//43 1733//42 247//42
f 251//44 1735//44 1734//43 249//43
f 253//45 1736//45 1735//44 251//44
f 255//46 1737//46 1736//45 253//45
f 257//47 1738//47 1737//46 255//46
f 259//48 1739//48 1738//47 257//47
f 261//49 1740//49 1739//48 259//48
f 263//50 1741//50 1740//49 261//49
f 265//51 1742//51 1741//50 263//50
f 267//52 1743//52 1742//51 265//51
f 269//53 1744//53 1743//52 267//52
f 271//54 1745//54 1744//53 269//53
f 273//55 1746//55 1745//54 271//54
f 275//56 1747//56 1746//55 273//55
f 49//57 1716//57 1747//56 275//56
usemtl diffuse2
f 6//2 7//2 8//2 9//2
f 10//3 11//3 12//3 13//3
f 14//4 15//4 16//4 17//4
f 45//90 455//90 456//90 206//90
f 457//91 458//91 459//91 213//91
f 460//92 461//92 462//92 463//92
f 464//93 465//93 466//93 467//93
f 468//94 469//94 470//94 471//94
f 472//95 473//95 474//95 475//95
f 476//96 477//96 478//96 479//96
f 480//1 481//1 482//1 483//1
f 484//1 485//1 486//1 487//1
f 488//1 489//1 490//1 491//1
f 492//1 493//1 494//1 495//1
f 496//1 497//1 498//1 499//1
f 719//5 720//5 721//5 722//5
f 723//109 724//109 725//109 726//109
f 727//5 728//5 729//5 730//5
f 731//1 732//1 733//1
f 724//109 737//109 738//109 725//109
f 744//1 742//1 743//1
f 745//5 746//5 747//5 748//5
f 749//5 750//5 751//5 752//5
f 753//5 754//5 755//5 756//5
f 757//5 758//5 759//5 760//5
f 761//5 762//5 763//5 764//5
f 770//1 768//1 769//1
f 771//1 772//1 773//1
f 777//1 778//1 779//1
f 783//1 784//1 785//1
f 789//5 790//5 791//5 792//5
f 793//5 794//5 795//5 796//5
f 797//5 798//5 799//5 800//5
f 806//1 804//1 805//1
f 807//1 808//1 809//1 810//1 811//1 812//1
f 813//1 814//1 815//1
f 819//5 820//5 821//5 822//5
f 823//5 824//5 825//5 826//5
f 827//5 828//5 829//5 830//5
f 831//5 832//5 833//5 834//5
f 835//5 836//5 837//5 838//5
f 839//5 840//5 841//5 842//5
f 843//5 844//5 845//5 846//5
f 847//5 848//5 849//5 850//5
f 737//109 851//109 852//109 738//109
f 853//8 854//8 855//8 856//8
f 857//10 858//10 859//10 860//10
f 861//111 862//111 863//111 864//111
f 865//10 866//10 867//10 868//10
f 869//111 870//111 871//111 872//111
f 873//9 874//9 875//9 876//9
f 877//8 878//8 879//8 880//8
f 881//17 882//17 883//17 884//17
f 885//13 886//13 887//13 888//13
f 889//111 890//111 891//111 892//111
f 893//13 894//13 895//13 896//13
f 897//13 898//13 899//13 900//13
f 901//13 902//13 903//13 904//13
f 905//6 906//6 907//6 908//6
f 909//9 910//9 911//9 912//9
f 913//6 914//6 915//6 916//6
f 917//112 918//112 919//112 920//112
f 921//112 922//112 923//112 924//112
f 925//6 926//6 927//6 928//6
f 929//8 930//8 931//8 932//8
f 933//6 934//6 935//6 936//6
f 937//111 938//111 939//111 940//111
f 941//8 942//8 943//8 944//8
f 945//112 946//112 947//112 948//112
f 949//10 950//10 951//10 952//10
f 953//111 954//111 955//111 956//111
f 957//14 958//14 959//14
f 960//14 961//14 958//14 957//14
f 962//109 963//109 964//109 965//109
f 965//109 964//109 966//109
f 967//113 968//113 969//113 970//113
f 971//113 972//113 968//113 967//113
f 973//113 974//113 972//113 971//113
f 970//113 969//113 974//113 973//113
f 975//109 976//109 977//109 978//109
f 978//109 977//109 979//109
f 980//109 981//109 982//109 983//109
f 983//109 982//109 984//109
f 985//114 986//114 987//114 988//114
f 989//114 990//114 986//114 985//114
f 991//114 992//114 990//114 989//114
f 988//114 987//114 992//114 991//114
f 993//115 994//115 995//115 996//115
f 997//115 998//115 994//115 993//115
f 999//115 1000//115 998//115 997//115
f 996//115 995//115 1000//115 999//115
f 976//109 975//109 1001//109
f 981//109 980//109 1002//109
f 1009//6 1010//6 1011//6 1012//6
f 1013//6 1014//6 1015//6 1016//6
f 1017//6 1006//6 1018//6 1019//6
f 1055//10 1056//10 1057//10 1058//10
f 1059//10 1060//10 1061//10 1062//10
f 1063//13 1047//13 1064//13 1065//13
f 1066//13 1040//13 1067//13 1068//13
f 1069//5 1070//5 1071//5 1072//5
f 963//109 962//109 1097//109
f 1112//6 1108//6 1113//6 1114//6
f 1115//6 1116//6 1117//6 1118//6
f 1119//9 1101//9 1120//9 1121//9
f 961//14 960//14 1155//14
f 1156//10 1152//10 1157//10 1158//10
f 1159//10 1160//10 1161//10 1162//10
f 1163//13 1149//13 1164//13 1165//13
f 1167//5 1168//5 1169//5 1170//5
f 1196//110 1197//110 1198//110
f 1201//110 1202//110 1203//110 1204//110 1205//110 1206//110
f 1208//109 1209//109 1210//109
f 1216//112 1217//112 1218//112 1219//112
f 1220//8 1221//8 1222//8 1223//8
f 1226//112 1213//112 1227//112 1228//112
f 1262//14 1266//14 1267//14
f 1272//111 1259//111 1273//111 1274//111
f 1277//17 1252//17 1278//17 1279//17
f 1283//17 1255//17 1284//17 1285//17
f 1290//111 1249//111 1291//111 1292//111
f 1293//111 1294//111 1295//111 1296//111
f 1308//109 1309//109 1310//109
f 1322//8 1304//8 1323//8 1324//8
f 1327//8 1317//8 1328//8 1329//8
f 1330//112 1331//112 1332//112 1333//112
f 1336//8 1301//8 1337//8 1338//8
f 1339//112 1340//112 1341//112 1342//112
f 1351//14 1355//14 1356//14
f 1360//14 1361//14 1362//14
f 1366//108 1367//108 1368//108
f 1372//14 1373//14 1374//14
f 1381//111 1382//111 1383//111 1384//111
f 1//117 496//117 499//117 5//117
f 1623//94 484//94 487//94 1624//94
f 1625//118 1626//118 477//118 476//118
f 24//93 480//93 483//93 26//93
f 41//95 1634//95 455//95 45//95
f 206//4 456//4 1767//4 4//4
f 213//3 459//3 1768//3 35//3
f 1769//138 498//138 497//138 1770//138
f 9//139 8//139 465//139 464//139
f 31//140 1771//140 469//140 468//140
f 17//141 16//141 473//141 472//141
f 479//142 478//142 1772//142 1773//142
f 1774//107 486//107 485//107 1775//107
f 40//143 495//143 494//143 216//143
f 212//2 482//2 481//2 30//2
f 1630//144 491//144 490//144 211//144
f 11//1 462//1 461//1 12//1
f 1814//1 884//1 883//1
f 1816//1 940//1 939//1
f 1817//110 1162//110 872//110 1818//110
f 1819//5 952//5 951//5 1820//5
f 1821//5 1822//5 1156//5 1158//5
f 1823//1 956//1 955//1
f 1162//110 1161//110 869//110 872//110
f 1827//1 1339//1 1342//1
f 1828//1 880//1 879//1
f 1830//1 856//1 855//1
f 1832//1 932//1 931//1
f 1834//5 876//5 875//5 1835//5
f 776//110 775//110 900//110 1838//110
f 1839//5 1840//5 1063//5 1065//5
f 1841//5 1842//5 1066//5 1068//5
f 797//109 800//109 772//109 771//109
f 1072//110 1071//110 892//110 1836//110
f 1071//110 1843//110 889//110 892//110
f 800//109 1844//109 1361//109 772//109
f 1846//1 1220//1 1223//1
f 1847//1 948//1 947//1
f 1849//5 1850//5 1112//5 1114//5
f 1851//5 916//5 915//5 1852//5
f 1853//5 908//5 907//5 1854//5
f 1855//5 1856//5 1115//5 1118//5
f 1857//5 912//5 911//5 1858//5
f 1859//5 1860//5 1119//5 1121//5
f 904//5 903//5 1861//5 1862//5
f 896//5 895//5 1863//5 1864//5
f 888//5 887//5 1865//5 1866//5
f 928//5 927//5 1867//5 1868//5
f 936//5 935//5 1869//5 1870//5
f 868//5 867//5 1871//5 1872//5
f 775//110 1364//110 897//110 900//110
f 1161//110 1873//110 1874//110 869//110
f 1843//110 1875//110 1876//110 889//110
f 1844//109 1877//109 1362//109 1361//109
f 984//9 982//9 755//9 754//9
f 1367//111 1366//111 767//111 766//111
f 1197//8 1196//8 803//8 802//8
f 1878//10 1879//10 729//10 728//10
f 1880//10 1054//10 848//10 847//10
f 738//17 1258//17 1280//17 725//17
f 1364//110 1363//110 1881//110 897//110
f 1266//17 1262//17 733//17 732//17
f 1209//112 1208//112 815//112 814//112
f 1203//8 1202//8 809//8 808//8
f 1373//17 1372//17 785//17 784//17
f 979//9 977//9 747//9 746//9
f 1309//112 1308//112 741//112 740//112
f 1882//13 1043//13 795//13 794//13
f 1355//17 1351//17 779//17 778//17
f 1883//6 1884//6 844//6 843//6
f 959//10 958//10 1885//10 1886//10
f 1356//113 1594//113 1595//113 1357//113
f 1887//113 1591//113 1594//113 1356//113
f 1888//113 1598//113 1591//113 1887//113
f 1357//113 1595//113 1598//113 1888//113
f 1889//109 1101//109 910//109 1890//109
f 1890//109 910//109 909//109
f 1891//110 906//110 905//110
f 1892//110 1116//110 906//110 1891//110
f 851//108 1893//108 894//108 1894//108
f 1894//108 894//108 893//108
f 1895//14 1060//14 866//14 1896//14
f 1896//14 866//14 865//14
f 1897//14 1056//14 858//14 1898//14
f 1898//14 858//14 857//14
f 1899//110 1111//110 1900//110
f 1901//110 1108//110 1111//110 1899//110
f 1902//110 1098//110 914//110 1903//110
f 1903//110 914//110 913//110
f 1904//110 934//110 933//110
f 1905//110 1006//110 934//110 1904//110
f 1906//108 902//108 901//108
f 1907//108 1149//108 902//108 1906//108
f 1908//110 1014//110 926//110 1909//110
f 1909//110 926//110 925//110
f 1910//108 1047//108 1050//108 1911//108
f 1911//108 1050//108 1912//108
f 999//14 1152//14 950//14 996//14
f 996//14 950//14 949//14
f 1014//110 1908//110 1015//110
f 1006//110 1905//110 1018//110
f 751//9 976//9 1001//9 752//9
f 759//9 981//9 1002//9 760//9
f 763//9 1003//9 1913//9 764//9
f 1914//5 1013//5 1016//5 1915//5
f 1916//5 1017//5 1019//5 1917//5
f 1918//5 1009//5 1012//5 1919//5
f 1056//14 1897//14 1057//14
f 1047//108 1910//108 1064//108
f 1060//14 1895//14 1061//14
f 1116//110 1892//110 1117//110
f 1098//110 1902//110 1932//110
f 1101//109 1889//109 1120//109
f 1108//110 1901//110 1113//110
f 841//9 1104//9 1934//9 842//9
f 1149//108 1907//108 1164//108
f 1152//14 999//14 1157//14
f 1893//108 851//108 737//108
f 721//10 961//10 1155//10 722//10
f 1168//13 1146//13 1941//13 1169//13
f 1943//5 1163//5 1165//5 1944//5
f 1945//5 1946//5 724//5 723//5
f 942//110 941//110 1951//110
f 946//109 945//109 1953//109
f 804//8 1195//8 1200//8 805//8
f 816//112 1207//112 1212//112 817//112
f 810//8 1201//8 1206//8 811//8
f 938//108 937//108 1955//108
f 882//14 881//14 967//14
f 954//108 953//108 997//108
f 734//17 1265//17 1269//17 735//17
f 930//110 929//110 1957//110
f 854//110 853//110 1959//110
f 1313//109 1961//109 1962//109
f 878//110 877//110 985//110
f 922//109 921//109 1964//109
f 742//112 1307//112 1312//112 743//112
f 768//111 1365//111 1370//111 769//111
f 1377//111 1380//111 1968//111 1969//111
f 786//17 1371//17 1376//17 787//17
f 780//17 1354//17 1358//17 781//17
f 1627//138 488//138 491//138 1630//138
f 27//107 1996//107 1771//107 31//107
f 1631//92 1997//92 458//92 457//92
f 38//142 492//142 495//142 40//142
f 13//175 12//175 461//175 460//175
f 5//176 499//176 498//176 1769//176
f 1624//177 487//177 486//177 1774//177
f 216//118 494//118 493//118 44//118
f 26//178 483//178 482//178 212//178
f 211//117 490//117 489//117 21//117
f 15//1 474//1 473//1 16//1
f 1626//1 1772//1 478//1 477//1
f 1634//1 1767//1 456//1 455//1
f 7//1 466//1 465//1 8//1
f 1170//109 1169//109 884//109 1814//109
f 718//109 1292//109 1886//109 81//109
f 1815//110 1279//110 888//110 1866//110
f 719//110 722//110 940//110 1816//110
f 1817//5 1942//5 1159//5 1162//5
f 2053//110 1285//110 896//110 1864//110
f 1818//1 872//1 871//1
f 1944//109 1165//109 732//109 731//109
f 1824//109 1296//109 952//109 1819//109
f 1821//110 1158//110 956//110 1823//110
f 736//110 735//110 904//110 1862//110
f 1158//110 1157//110 953//110 956//110
f 1165//109 1164//109 1266//109 732//109
f 722//110 1155//110 937//110 940//110
f 1169//109 1941//109 881//109 884//109
f 744//14 743//14 936//14 1870//14
f 2056//1 1330//1 1333//1
f 1829//108 1329//108 876//108 1834//108
f 1831//108 1324//108 754//108 753//108
f 757//14 760//14 856//14 1830//14
f 761//14 764//14 880//14 1828//14
f 1917//108 1019//108 740//108 739//108
f 1019//108 1018//108 1309//108 740//108
f 764//14 1913//14 877//14 880//14
f 760//14 1002//14 853//14 856//14
f 1777//109 1384//109 847//109 850//109
f 1776//1 1377//1 1969//1
f 782//110 781//110 794//110 793//110
f 788//110 787//110 790//110 789//110
f 1839//109 1065//109 784//109 783//109
f 1841//109 1068//109 778//109 777//109
f 2057//110 1058//110 766//110 765//110
f 1058//110 1057//110 1367//110 766//110
f 1068//109 1067//109 1355//109 778//109
f 1065//109 1064//109 1373//109 784//109
f 806//108 805//108 828//108 827//108
f 812//108 811//108 912//108 1857//108
f 1846//108 1223//108 836//108 835//108
f 818//14 817//14 908//14 1853//14
f 2058//1 920//1 919//1
f 1849//108 1114//108 948//108 1847//108
f 1855//108 1118//108 814//108 813//108
f 1859//14 1121//14 808//14 807//14
f 1121//14 1120//14 1203//14 808//14
f 1118//108 1117//108 1209//108 814//108
f 1114//108 1113//108 945//108 948//108
f 1296//109 1295//109 949//109 952//109
f 735//110 1269//110 901//110 904//110
f 1285//110 1284//110 893//110 896//110
f 1292//109 1291//109 959//109 1886//109
f 1279//110 1278//110 885//110 888//110
f 743//14 1312//14 933//14 936//14
f 1329//108 1328//108 873//108 876//108
f 1324//108 1323//108 984//108 754//108
f 860//5 859//5 1924//5 2060//5
f 1384//109 1383//109 1880//109 847//109
f 781//110 1358//110 1882//110 794//110
f 787//110 1376//110 1912//110 790//110
f 1223//108 1222//108 2061//108 836//108
f 811//108 1206//108 909//108 912//108
f 805//108 1200//108 966//108 828//108
f 817//14 1212//14 905//14 908//14
f 1002//14 980//14 1959//14 853//14
f 1057//110 1897//110 1368//110 1367//110
f 1913//14 989//14 985//14 877//14
f 1941//109 971//109 967//109 881//109
f 1164//109 1907//109 1267//109 1266//109
f 1117//108 1892//108 1210//108 1209//108
f 1120//14 1889//14 1204//14 1203//14
f 1064//109 1910//109 1374//109 1373//109
f 1018//108 1905//108 1310//108 1309//108
f 1067//109 1887//109 1356//109 1355//109
f 1155//110 960//110 1955//110 937//110
f 1113//108 1901//108 1953//108 945//108
f 1157//110 999//110 997//110 953//110
f 1323//108 1960//108 983//108 984//108
f 1200//108 1199//108 965//108 966//108
f 1328//108 988//108 991//108 873//108
f 1278//110 970//110 973//110 885//110
f 1383//109 2062//109 2063//109 1880//109
f 1284//110 2064//110 1894//110 893//110
f 1361//17 1360//17 773//17 772//17
f 1269//110 1268//110 1906//110 901//110
f 1212//14 1211//14 1891//14 905//14
f 1206//108 1205//108 1890//108 909//108
f 1376//110 1375//110 1911//110 1912//110
f 1312//14 1311//14 1904//14 933//14
f 1358//110 1357//110 1888//110 1882//110
f 1961//112 1313//112 1316//112 1826//112
f 1291//109 1956//109 957//109 959//109
f 1222//108 1952//108 2065//108 2061//108
f 1900//6 1111//6 821//6 820//6
f 1295//109 993//109 996//109 949//109
f 1958//114 1554//114 1555//114 978//114
f 1957//114 1551//114 1554//114 1958//114
f 975//114 1558//114 1551//114 1957//114
f 978//114 1555//114 1558//114 975//114
f 2066//115 1519//115 1522//115 2067//115
f 1895//115 1526//115 1519//115 2066//115
f 1896//115 1523//115 1526//115 1895//115
f 2067//115 1522//115 1523//115 1896//115
f 1873//14 1160//14 1879//14 2068//14
f 2068//14 1879//14 1878//14
f 2069//110 1010//110 1884//110 2070//110
f 2070//110 1884//110 1883//110
f 1010//110 2069//110 1011//110
f 799//13 1044//13 1844//13 800//13
f 1070//10 1051//10 1843//10 1071//10
f 1926//5 1059//5 1062//5 2072//5
f 825//6 1098//6 1932//6 826//6
f 833//9 963//9 1097//9 834//9
f 1160//14 1873//14 1161//14
f 918//109 917//109 2075//109
f 870//108 869//108 1874//108
f 774//17 1359//17 1364//17 775//17
f 1997//1 1768//1 459//1 458//1
f 1996//1 470//1 469//1 1771//1
f 81//5 1886//5 1885//5 1166//5
f 726//1 725//1 1280//1
f 2054//109 1274//109 728//109 727//109
f 1827//14 1342//14 843//14 846//14
f 1833//108 1338//108 746//108 745//108
f 749//14 752//14 932//14 1832//14
f 1919//108 1012//108 1826//108 1825//108
f 1012//108 1011//108 1961//108 1826//108
f 752//14 1001//14 929//14 932//14
f 1836//1 892//1 891//1
f 1776//109 1969//109 868//109 1872//109
f 2072//110 1062//110 864//110 1837//110
f 1062//110 1061//110 861//110 864//110
f 831//14 834//14 802//14 801//14
f 839//14 842//14 944//14 1845//14
f 842//14 1934//14 941//14 944//14
f 834//14 1097//14 1197//14 802//14
f 1274//109 1273//109 1878//109 728//109
f 1342//14 1341//14 1883//14 843//14
f 1338//108 1337//108 979//108 746//108
f 1969//109 1968//109 865//109 868//109
f 1097//14 962//14 1198//14 1197//14
f 1061//110 1895//110 2066//110 861//110
f 1001//14 975//14 1957//14 929//14
f 1011//108 2069//108 1962//108 1961//108
f 1934//14 2080//14 1951//14 941//14
f 966//9 964//9 829//9 828//9
f 1968//109 2067//109 1896//109 865//109
f 1273//109 2077//109 2068//109 1878//109
f 1912//13 1050//13 791//13 790//13
f 1337//108 1958//108 978//108 979//108
f 1341//14 1963//14 2070//14 1883//14
f 2061//9 1107//9 837//9 836//9
f 957//115 1602//115 1603//115 960//115
f 1956//115 1599//115 1602//115 957//115
f 1955//115 1606//115 1599//115 1956//115
f 960//115 1603//115 1606//115 1955//115
f 1887//108 1040//108 1043//108 1888//108
f 1888//108 1043//108 1882//108
f 1881//113 1586//113 1587//113 1877//113
f 1363//113 1583//113 1586//113 1881//113
f 1362//113 1590//113 1583//113 1363//113
f 1877//113 1587//113 1590//113 1362//113
f 1204//114 1570//114 1571//114 1205//114
f 1889//114 1567//114 1570//114 1204//114
f 1890//114 1574//114 1567//114 1889//114
f 1205//114 1571//114 1574//114 1890//114
f 971//108 1146//108 886//108 973//108
f 973//108 886//108 885//108
f 1891//116 1559//116 1562//116 1892//116
f 1211//116 1566//116 1559//116 1891//116
f 1210//116 1563//116 1566//116 1211//116
f 1892//116 1562//116 1563//116 1210//116
f 851//113 1543//113 1546//113 852//113
f 1894//113 1550//113 1543//113 851//113
f 2064//113 1547//113 1550//113 1894//113
f 852//113 1546//113 1547//113 2064//113
f 1875//115 1538//115 1539//115 1876//115
f 2063//115 1535//115 1538//115 1875//115
f 2062//115 1542//115 1535//115 2063//115
f 1876//115 1539//115 1542//115 2062//115
f 1959//114 1530//114 1531//114 1960//114
f 980//114 1527//114 1530//114 1959//114
f 983//114 1534//114 1527//114 980//114
f 1960//114 1531//114 1534//114 983//114
f 1368//115 1514//115 1515//115 1369//115
f 1897//115 1511//115 1514//115 1368//115
f 1898//115 1518//115 1511//115 1897//115
f 1369//115 1515//115 1518//115 1898//115
f 1899//116 1490//116 1491//116 1901//116
f 1954//116 1487//116 1490//116 1899//116
f 1953//116 1494//116 1487//116 1954//116
f 1901//116 1491//116 1494//116 1953//116
f 2075//116 1482//116 1483//116 2076//116
f 1902//116 1479//116 1482//116 2075//116
f 1903//116 1486//116 1479//116 1902//116
f 2076//116 1483//116 1486//116 1903//116
f 1904//116 1975//116 1976//116 1905//116
f 1311//116 1974//116 1975//116 1904//116
f 1310//116 1977//116 1974//116 1311//116
f 1905//116 1976//116 1977//116 1310//116
f 1906//113 1471//113 1474//113 1907//113
f 1268//113 1478//113 1471//113 1906//113
f 1267//113 1475//113 1478//113 1268//113
f 1907//113 1474//113 1475//113 1267//113
f 989//109 1003//109 874//109 991//109
f 991//109 874//109 873//109
f 1965//116 1458//116 1459//116 1909//116
f 1964//116 1455//116 1458//116 1965//116
f 1908//116 1462//116 1455//116 1964//116
f 1909//116 1459//116 1462//116 1908//116
f 1374//113 1450//113 1451//113 1375//113
f 1910//113 1447//113 1450//113 1374//113
f 1911//113 1454//113 1447//113 1910//113
f 1375//113 1451//113 1454//113 1911//113
f 1003//109 989//109 1913//109
f 1040//108 1887//108 1067//108
f 1146//108 971//108 1941//108
f 1946//13 1893//13 737//13 724//13
f 1915//108 1016//108 924//108 2055//108
f 1016//108 1015//108 921//108 924//108
f 770//109 769//109 860//109 2060//109
f 1838//5 900//5 899//5 2071//5
f 2059//14 1219//14 916//14 1851//14
f 1848//14 1228//14 820//14 819//14
f 823//108 826//108 920//108 2058//108
f 826//108 1932//108 917//108 920//108
f 769//109 1370//109 857//109 860//109
f 1219//14 1218//14 913//14 916//14
f 1228//14 1227//14 1900//14 820//14
f 1932//108 1902//108 2075//108 917//108
f 1015//108 1908//108 1964//108 921//108
f 1370//109 1369//109 1898//109 857//109
f 1218//14 2076//14 1903//14 913//14
f 1227//14 1954//14 1899//14 1900//14
f 1881//108 898//108 897//108
f 1877//108 1044//108 898//108 1881//108
f 1198//114 1578//114 1579//114 1199//114
f 962//114 1575//114 1578//114 1198//114
f 965//114 1582//114 1575//114 962//114
f 1199//114 1579//114 1582//114 965//114
f 1875//14 1051//14 1054//14 2063//14
f 2063//14 1054//14 1880//14
f 2077//115 1503//115 1506//115 2068//115
f 1874//115 1510//115 1503//115 2077//115
f 1873//115 1507//115 1510//115 1874//115
f 2068//115 1506//115 1507//115 1873//115
f 2080//109 1104//109 1107//109 2065//109
f 2065//109 1107//109 2061//109
f 1962//116 1466//116 1467//116 1963//116
f 2069//116 1463//116 1466//116 1962//116
f 2070//116 1470//116 1463//116 2069//116
f 1963//116 1467//116 1470//116 2070//116
f 1044//108 1877//108 1844//108
f 1051//14 1875//14 1843//14
f 1925//5 1055//5 1058//5 2057//5
f 1104//109 2080//109 1934//109
f 1258//14 738//14 852//14
f 890//108 889//108 1876//108
f 862//108 861//108 2066//108
f 2056//14 1333//14 928//14 1868//14
f 1333//14 1332//14 925//14 928//14
f 1332//14 1965//14 1909//14 925//14
f 1951//114 1495//114 1498//114 1952//114
f 2080//114 1502//114 1495//114 1951//114
f 2065//114 1499//114 1502//114 2080//114
f 1952//114 1498//114 1499//114 2065//114
f 1312//109 1307//109 1311//109
f 1307//109 1308//109 1310//109 1311//109
f 739//1 740//1 741//1
f 744//1 739//1 741//1 742//1
f 1331//109 922//109 1964//109 1965//109
f 1332//109 1331//109 1965//109
f 2055//1 924//1 923//1
f 2056//1 2055//1 923//1 1330//1
f 1829//1 1828//1 879//1 1327//1
f 1329//1 1829//1 1327//1
f 1317//110 878//110 985//110 988//110
f 1328//110 1317//110 988//110
f 1304//110 854//110 1959//110 1960//110
f 1323//110 1304//110 1960//110
f 1301//110 930//110 1957//110 1958//110
f 1337//110 1301//110 1958//110
f 1340//109 1313//109 1962//109 1963//109
f 1341//109 1340//109 1963//109
f 1825//1 1826//1 1316//1
f 1827//1 1825//1 1316//1 1339//1
f 1833//1 1832//1 931//1 1336//1
f 1338//1 1833//1 1336//1
f 1831//1 1830//1 855//1 1322//1
f 1324//1 1831//1 1322//1
f 1837//1 864//1 863//1
f 1776//1 1837//1 863//1 1377//1
f 1968//108 1380//108 2067//108
f 1380//108 862//108 2066//108 2067//108
f 776//1 771//1 773//1 774//1
f 775//1 776//1 774//1
f 1359//14 1360//14 1362//14 1363//14
f 1364//14 1359//14 1363//14
f 782//1 777//1 779//1 780//1
f 781//1 782//1 780//1
f 1358//14 1354//14 1357//14
f 1354//14 1351//14 1356//14 1357//14
f 1371//14 1372//14 1374//14 1375//14
f 1376//14 1371//14 1375//14
f 788//1 783//1 785//1 786//1
f 787//1 788//1 786//1
f 1777//1 1836//1 891//1 1381//1
f 1384//1 1777//1 1381//1
f 765//1 766//1 767//1
f 770//1 765//1 767//1 768//1
f 1383//108 1382//108 2062//108
f 1382//108 890//108 1876//108 2062//108
f 1370//108 1365//108 1369//108
f 1365//108 1366//108 1368//108 1369//108
f 1200//110 1195//110 1199//110
f 1195//110 1196//110 1198//110 1199//110
f 801//1 802//1 803//1
f 806//1 801//1 803//1 804//1
f 818//1 813//1 815//1 816//1
f 817//1 818//1 816//1
f 1207//109 1208//109 1210//109 1211//109
f 1212//109 1207//109 1211//109
f 2059//1 2058//1 919//1 1216//1
f 1219//1 2059//1 1216//1
f 1217//109 918//109 2075//109 2076//109
f 1218//109 1217//109 2076//109
f 1222//110 1221//110 1952//110
f 1221//110 942//110 1951//110 1952//110
f 1845//1 944//1 943//1
f 1846//1 1845//1 943//1 1220//1
f 1848//1 1847//1 947//1 1226//1
f 1228//1 1848//1 1226//1
f 1213//109 946//109 1953//109 1954//109
f 1227//109 1213//109 1954//109
f 1249//108 938//108 1955//108 1956//108
f 1291//108 1249//108 1956//108
f 718//1 1816//1 939//1 1290//1
f 1292//1 718//1 1290//1
f 1815//1 1814//1 883//1 1277//1
f 1279//1 1815//1 1277//1
f 1278//14 1252//14 970//14
f 1252//14 882//14 967//14 970//14
f 1284//14 1255//14 2064//14
f 1255//14 1258//14 852//14 2064//14
f 2053//1 726//1 1280//1 1283//1
f 1285//1 2053//1 1283//1
f 2054//1 1818//1 871//1 1272//1
f 1274//1 2054//1 1272//1
f 1259//108 870//108 1874//108 2077//108
f 1273//108 1259//108 2077//108
f 1295//108 1294//108 993//108
f 1294//108 954//108 997//108 993//108
f 1269//14 1265//14 1268//14
f 1265//14 1262//14 1267//14 1268//14
f 736//1 731//1 733//1 734//1
f 735//1 736//1 734//1
f 1824//1 1823//1 955//1 1293//1
f 1296//1 1824//1 1293//1
usemtl Panels_2
f 134//1 135//1 136//1 137//1 138//1
f 139//1 140//1 141//1 142//1 143//1
f 114//5 1701//5 56//5 55//5 115//5
f 75//5 1702//5 68//5 67//5 76//5
f 126//5 52//5 51//5 1703//5 127//5
f 107//1 60//1 59//1 1689//1 108//1
f 92//1 91//1 84//1 83//1 1675//1
f 64//5 63//5 1671//5 99//5 98//5
usemtl diffuse3
f 533//103 534//103 535//103 536//103
f 537//104 538//104 539//104 540//104
f 541//1 542//1 543//1 544//1
f 545//1 546//1 547//1 548//1
f 549//105 550//105 551//105 552//105
f 553//106 554//106 555//106 556//106
f 557//14 578//14 579//14 580//14
f 583//108 584//108 585//108 586//108
f 587//108 588//108 589//108 590//108
f 615//5 612//5 609//5 629//5
f 626//109 631//109 632//109 623//109
f 667//14 668//14 669//14 646//14
f 655//5 670//5 671//5 649//5
f 672//108 673//108 674//108 675//108
f 709//109 710//109 711//109 683//109
f 690//110 712//110 713//110 695//110
f 694//109 714//109 715//109 691//109
f 698//5 702//5 704//5 707//5
f 540//145 539//145 534//145 533//145
f 536//146 535//146 538//146 537//146
f 1781//106 541//106 544//106 1782//106
f 1783//105 543//105 542//105 1784//105
f 1785//146 545//146 548//146 1786//146
f 1787//145 547//145 546//145 1788//145
f 556//147 555//147 550//147 549//147
f 552//148 551//148 554//148 553//148
f 558//5 557//5 580//5 581//5
f 586//5 565//5 568//5 583//5
f 574//14 591//14 577//14 576//14
f 602//5 1795//5 596//5 595//5
f 612//109 633//109 610//109 609//109
f 622//110 620//110 634//110 627//110
f 646//5 645//5 642//5 667//5
f 670//108 653//108 678//108 671//108
f 662//14 680//14 665//14 664//14
f 683//5 682//5 686//5 709//5
f 691//5 690//5 695//5 694//5
f 702//110 717//110 708//110 704//110
f 707//109 716//109 699//109 698//109
f 539//1 538//1 535//1 534//1
f 1782//147 544//147 543//147 1783//147
f 1784//148 542//148 541//148 1781//148
f 1786//104 548//104 547//104 1787//104
f 1788//103 546//103 545//103 1785//103
f 555//1 554//1 551//1 550//1
f 565//14 592//14 569//14 568//14
f 1795//109 600//109 637//109 596//109
f 629//110 640//110 616//110 615//110
f 627//5 626//5 623//5 622//5
f 649//14 676//14 656//14 655//14
f 664//5 672//5 675//5 662//5
f 581//108 593//108 1790//108 558//108
f 590//5 574//5 576//5 587//5
f 595//110 1799//110 603//110 602//110
f 645//108 1804//108 643//108 642//108
f 682//110 1806//110 688//110 686//110
o Ring_HD
v 8.324985 4.800000 0.423973
v 8.324985 4.800000 -0.423971
v 8.247735 4.800000 -1.208298
v 8.082310 4.800001 -2.039948
v 8.082310 4.800000 2.039950
v 8.247735 4.800000 1.208299
v 7.529036 4.800000 3.577533
v 7.853530 4.800000 2.794135
v 6.686426 4.799999 4.977634
v 7.157517 4.800000 4.272595
v 5.586860 4.799999 6.186447
v 6.186446 4.799999 5.586861
v 4.272594 4.799999 7.157518
v 4.977633 4.799999 6.686427
v 2.794135 4.799999 7.853531
v 3.577533 4.799999 7.529037
v 1.208299 4.799999 8.247736
v 2.039949 4.799999 8.082311
v -0.423972 4.799999 8.324986
v 0.423972 4.799999 8.324986
v -2.039949 4.799999 8.082311
v -1.208299 4.799999 8.247736
v -3.577533 4.799999 7.529037
v -2.794135 4.799999 7.853531
v -4.977633 4.799999 6.686427
v -4.272594 4.799999 7.157518
v -6.186446 4.799999 5.586861
v -5.586860 4.799999 6.186447
v -7.157517 4.800000 4.272595
v -6.686426 4.799999 4.977634
v -7.853530 4.800000 2.794135
v -7.529036 4.800000 3.577533
v -8.247735 4.800000 1.208299
v -8.082310 4.800000 2.039950
v -8.324985 4.800000 -0.423971
v -8.324985 4.800000 0.423973
v -8.082310 4.800001 -2.039948
v -8.247735 4.800000 -1.208298
v -7.529036 4.800001 -3.577532
v -7.853530 4.800001 -2.794134
v -6.686426 4.800001 -4.977633
v -7.157517 4.800001 -4.272593
v -5.586860 4.800001 -6.186445
v -6.186446 4.800001 -5.586859
v -4.272594 4.800001 -7.157516
v -4.977633 4.800001 -6.686425
v -2.794135 4.800002 -7.853529
v -3.577533 4.800002 -7.529035
v -1.208299 4.800002 -8.247734
v -2.039949 4.800002 -8.082309
v 0.423972 4.800002 -8.324984
v -0.423972 4.800002 -8.324984
v 2.039949 4.800002 -8.082309
v 1.208299 4.800002 -8.247734
v 3.577533 4.800002 -7.529035
v 2.794135 4.800002 -7.853529
v 4.977633 4.800001 -6.686425
v 4.272594 4.800001 -7.157516
v 6.186446 4.800001 -5.586859
v 5.586860 4.800001 -6.186445
v 7.157517 4.800001 -4.272593
v 6.686426 4.800001 -4.977633
v 7.853530 4.800001 -2.794134
v 7.529036 4.800001 -3.577532
v 6.817727 3.800000 -0.423971
v 6.817727 3.800000 0.423972
v 8.324985 3.800000 -0.423971
v 8.324985 3.800000 0.423972
v 8.082310 3.800000 2.039950
v 8.247735 3.800000 1.208299
v 6.769439 3.800000 0.914248
v 6.604013 3.800000 1.745898
v 7.853530 3.799999 2.794135
v 7.529036 3.799999 3.577533
v 6.461005 3.799999 2.217333
v 6.136511 3.799999 3.000731
v 7.157517 3.799999 4.272595
v 6.686426 3.799999 4.977634
v 5.904278 3.799999 3.435207
v 5.433186 3.799999 4.140246
v 6.186446 3.799999 5.586860
v 5.586860 3.799999 6.186447
v 5.120654 3.799999 4.521068
v 4.521067 3.799999 5.120654
v 4.977633 3.799999 6.686426
v 4.272594 3.799999 7.157518
v 4.140245 3.799999 5.433187
v 3.435206 3.799999 5.904279
v 3.577533 3.799999 7.529036
v 2.794135 3.799999 7.853530
v 3.000730 3.799999 6.136511
v 2.217332 3.799999 6.461006
v 2.039949 3.799999 8.082311
v 1.208299 3.799999 8.247736
v 1.745898 3.799999 6.604013
v 0.914247 3.799999 6.769439
v -0.423972 3.799999 8.324986
v 0.423972 3.799999 8.324986
v 0.423972 3.799999 6.817727
v -0.423972 3.799999 6.817727
v -1.208299 3.799999 8.247736
v -2.039949 3.799999 8.082311
v -0.914247 3.799999 6.769439
v -1.745898 3.799999 6.604013
v -3.577533 3.799999 7.529036
v -2.794135 3.799999 7.853530
v -2.217332 3.799999 6.461006
v -3.000730 3.799999 6.136511
v -4.272594 3.799999 7.157518
v -4.977633 3.799999 6.686426
v -3.435206 3.799999 5.904279
v -4.140245 3.799999 5.433187
v -6.186446 3.799999 5.586860
v -5.586860 3.799999 6.186447
v -4.521068 3.799999 5.120654
v -5.120654 3.799999 4.521068
v -6.686426 3.799999 4.977634
v -7.157517 3.799999 4.272595
v -5.433186 3.799999 4.140246
v -5.904278 3.799999 3.435207
v -7.853530 3.799999 2.794135
v -7.529036 3.799999 3.577533
v -6.136511 3.799999 3.000731
v -6.461005 3.799999 2.217333
v -8.082310 3.800000 2.039950
v -8.247735 3.800000 1.208299
v -6.604013 3.800000 1.745898
v -6.769439 3.800000 0.914248
v -8.324985 3.800000 -0.423971
v -8.324985 3.800000 0.423972
v -6.817727 3.800000 0.423972
v -6.817727 3.800000 -0.423971
v -8.082310 3.800000 -2.039948
v -8.247735 3.800000 -1.208298
v -6.769439 3.800000 -0.914246
v -6.604013 3.800000 -1.745897
v -7.529036 3.800000 -3.577532
v -7.853530 3.800000 -2.794134
v -6.461005 3.800000 -2.217331
v -6.136511 3.800000 -3.000729
v -6.686426 3.800001 -4.977633
v -7.157517 3.800001 -4.272594
v -5.904278 3.800000 -3.435206
v -5.433186 3.800001 -4.140245
v -5.586860 3.800001 -6.186446
v -6.186446 3.800001 -5.586859
v -5.120654 3.800001 -4.521067
v -4.521067 3.800001 -5.120653
v -4.272594 3.800001 -7.157517
v -4.977633 3.800001 -6.686425
v -4.140245 3.800001 -5.433186
v -3.435206 3.800001 -5.904278
v -2.794135 3.800001 -7.853529
v -3.577533 3.800001 -7.529035
v -3.000730 3.800001 -6.136510
v -2.217332 3.800001 -6.461005
v -2.039949 3.800001 -8.082309
v -1.208299 3.800001 -8.247734
v -1.745898 3.800001 -6.604012
v -0.914247 3.800001 -6.769438
v 0.423972 3.800001 -8.324984
v -0.423972 3.800001 -8.324984
v -0.423972 3.800001 -6.817726
v 0.423972 3.800001 -6.817726
v 2.039949 3.800001 -8.082309
v 1.208299 3.800001 -8.247734
v 0.914247 3.800001 -6.769438
v 1.745898 3.800001 -6.604012
v 3.577533 3.800001 -7.529035
v 2.794135 3.800001 -7.853529
v 2.217332 3.800001 -6.461005
v 3.000730 3.800001 -6.136510
v 4.272594 3.800001 -7.157517
v 4.977633 3.800001 -6.686425
v 3.435206 3.800001 -5.904278
v 4.140245 3.800001 -5.433186
v 6.186446 3.800001 -5.586859
v 5.586860 3.800001 -6.186446
v 4.521068 3.800001 -5.120653
v 5.120654 3.800001 -4.521067
v 7.157517 3.800001 -4.272594
v 6.686426 3.800001 -4.977633
v 5.433186 3.800001 -4.140245
v 5.904278 3.800000 -3.435206
v 7.853530 3.800000 -2.794134
v 7.529036 3.800000 -3.577532
v 6.136511 3.800000 -3.000729
v 6.461005 3.800000 -2.217331
v 8.082310 3.800000 -2.039948
v 8.247735 3.800000 -1.208298
v 6.604013 3.800000 -1.745897
v 6.769439 3.800000 -0.914246
v 8.082310 4.633331 2.039950
v 8.082310 3.966665 2.039950
v 8.247735 3.966665 1.208299
v 8.247735 4.633332 1.208299
v -0.423972 4.633329 8.324986
v -0.423972 3.966662 8.324986
v 0.423972 3.966662 8.324986
v 0.423972 4.633329 8.324986
v -3.577533 4.633329 7.529037
v -3.577533 3.966663 7.529036
v -2.794135 3.966663 7.853530
v -2.794135 4.633329 7.853531
v -5.586860 3.966663 6.186447
v -5.586860 4.633330 6.186447
v 7.157517 4.633333 -4.272593
v 7.157517 3.966667 -4.272594
v 6.686426 3.966667 -4.977633
v 6.686426 4.633334 -4.977633
v 5.586860 4.633330 6.186447
v 5.586860 3.966663 6.186447
v 6.186446 3.966663 5.586860
v 6.186446 4.633330 5.586861
v 2.794135 4.633329 7.853531
v 2.794135 3.966663 7.853530
v 3.577533 3.966663 7.529036
v 3.577533 4.633329 7.529037
v 7.529036 4.633331 3.577533
v 7.529036 3.966664 3.577533
v 7.853530 3.966664 2.794135
v 7.853530 4.633331 2.794135
v 1.208299 4.633329 8.247736
v 1.208299 3.966662 8.247736
v 2.039949 3.966662 8.082311
v 2.039949 4.633329 8.082311
v 8.247735 4.633332 -1.208298
v 8.247735 3.966666 -1.208298
v 8.082310 3.966666 -2.039948
v 8.082310 4.633333 -2.039948
v -4.977633 4.633330 6.686427
v -4.977633 3.966663 6.686426
v -4.272594 3.966663 7.157518
v -4.272594 4.633330 7.157518
v 6.186446 4.633334 -5.586859
v 6.186446 3.966667 -5.586859
v -2.039949 4.633329 8.082311
v -2.039949 3.966662 8.082311
v -1.208299 3.966662 8.247736
v -1.208299 4.633329 8.247736
v 8.324985 4.633332 0.423973
v 8.324985 3.966665 0.423972
v 8.324985 3.966665 -0.423971
v 8.324985 4.633332 -0.423971
v 7.853530 4.633333 -2.794134
v 7.853530 3.966666 -2.794134
v 7.529036 3.966666 -3.577532
v 7.529036 4.633333 -3.577532
v 4.272594 4.633330 7.157518
v 4.272594 3.966663 7.157518
v 4.977633 3.966663 6.686426
v 4.977633 4.633330 6.686427
v 6.686426 4.633330 4.977634
v 6.686426 3.966664 4.977634
v 7.157517 3.966664 4.272595
v 7.157517 4.633331 4.272595
v -4.272625 4.633334 -7.157568
v -4.246889 4.583334 -7.114630
v -4.246889 4.016667 -7.114631
v -4.272625 3.966668 -7.157569
v -4.977669 3.966668 -6.686474
v -4.947848 4.016667 -6.646265
v -4.947848 4.583334 -6.646265
v -4.977669 4.633334 -6.686473
v -6.686474 4.633334 -4.977668
v -6.646266 4.583334 -4.947847
v -6.646266 4.016667 -4.947848
v -6.686474 3.966666 -4.977668
v -7.157569 3.966666 -4.272624
v -7.114631 4.016666 -4.246889
v -7.114631 4.583333 -4.246888
v -7.157569 4.633333 -4.272624
v 8.033808 4.583331 2.027801
v 8.033808 4.016665 2.027801
v 8.198277 4.016665 1.200963
v 8.198277 4.583332 1.200963
v -0.421518 4.583329 8.275045
v -0.421518 4.016663 8.275045
v 0.421518 4.016663 8.275045
v 0.421518 4.583329 8.275045
v -1.208308 4.633335 -8.247794
v -1.200962 4.583335 -8.198276
v -1.200962 4.016668 -8.198276
v -1.208308 3.966668 -8.247794
v -2.039964 3.966668 -8.082366
v -2.027800 4.016668 -8.033807
v -2.027800 4.583335 -8.033807
v -2.039964 4.633335 -8.082367
v -3.556155 4.583329 7.483837
v -3.556155 4.016663 7.483837
v -2.777290 4.016663 7.806453
v -2.777290 4.583329 7.806454
v -6.186491 4.633330 5.586902
v -6.149399 4.583330 5.553283
v -6.149399 4.016664 5.553282
v -6.186491 3.966663 5.586901
v -5.553282 4.016664 6.149399
v -5.553282 4.583330 6.149400
v -8.082367 4.633333 -2.039963
v -8.033808 4.583333 -2.027799
v -8.033808 4.016666 -2.027799
v -8.082368 3.966666 -2.039963
v -8.247795 3.966666 -1.208307
v -8.198277 4.016665 -1.200961
v -8.198277 4.583332 -1.200961
v -8.247795 4.633332 -1.208307
v -7.853586 4.633331 2.794155
v -7.806453 4.583331 2.777291
v -7.806453 4.016665 2.777291
v -7.853586 3.966664 2.794155
v -7.529090 3.966664 3.577559
v -7.483836 4.016665 3.556155
v -7.483836 4.583331 3.556155
v -7.529090 4.633331 3.577559
v -8.325045 4.633332 -0.423974
v -8.275044 4.583332 -0.421518
v -8.275044 4.016665 -0.421518
v -8.325045 3.966665 -0.423974
v -8.325045 3.966665 0.423975
v -8.275044 4.016665 0.421519
v -8.275044 4.583332 0.421519
v -8.325045 4.633332 0.423975
v 7.114631 4.583333 -4.246888
v 7.114631 4.016666 -4.246889
v 6.646266 4.016667 -4.947848
v 6.646266 4.583334 -4.947847
v 4.977669 4.633334 -6.686473
v 4.947848 4.583334 -6.646265
v 4.947848 4.016667 -6.646265
v 4.977669 3.966667 -6.686473
v 4.272625 3.966667 -7.157568
v 4.246889 4.016667 -7.114631
v 4.246889 4.583334 -7.114630
v 4.272625 4.633334 -7.157568
v 5.553282 4.583330 6.149400
v 5.553282 4.016664 6.149399
v 6.149399 4.016664 5.553282
v 6.149399 4.583330 5.553283
v 2.039964 4.633335 -8.082366
v 2.027800 4.583335 -8.033807
v 2.027800 4.016668 -8.033807
v 2.039964 3.966668 -8.082367
v 1.208308 3.966668 -8.247794
v 1.200962 4.016668 -8.198276
v 1.200962 4.583335 -8.198276
v 1.208308 4.633335 -8.247794
v 2.777290 4.583329 7.806454
v 2.777290 4.016663 7.806453
v 3.556155 4.016663 7.483837
v 3.556155 4.583329 7.483837
v 7.483836 4.583331 3.556155
v 7.483836 4.016665 3.556155
v 7.806453 4.016665 2.777291
v 7.806453 4.583331 2.777291
v -5.586901 4.633334 -6.186490
v -5.553282 4.583334 -6.149398
v -5.553282 4.016667 -6.149398
v -5.586900 3.966667 -6.186491
v -6.186491 3.966667 -5.586900
v -6.149399 4.016667 -5.553281
v -6.149399 4.583334 -5.553281
v -6.186491 4.633334 -5.586899
v -2.794155 4.633335 -7.853585
v -2.777290 4.583335 -7.806452
v -2.777290 4.016668 -7.806452
v -2.794155 3.966668 -7.853585
v -3.577558 3.966668 -7.529089
v -3.556155 4.016668 -7.483836
v -3.556155 4.583335 -7.483835
v -3.577558 4.633335 -7.529089
v 1.200962 4.583329 8.198277
v 1.200962 4.016663 8.198277
v 2.027800 4.016663 8.033809
v 2.027800 4.583329 8.033809
v -7.529090 4.633333 -3.577558
v -7.483836 4.583333 -3.556154
v -7.483836 4.016666 -3.556154
v -7.529090 3.966666 -3.577558
v -7.853586 3.966666 -2.794154
v -7.806453 4.016666 -2.777289
v -7.806453 4.583333 -2.777289
v -7.853586 4.633333 -2.794154
v 0.423975 4.633335 -8.325044
v 0.421519 4.583335 -8.275043
v 0.421518 4.016668 -8.275043
v 0.423975 3.966668 -8.325044
v -0.423975 3.966668 -8.325044
v -0.421518 4.016668 -8.275043
v -0.421518 4.583335 -8.275043
v -0.423975 4.633335 -8.325044
v 8.198277 4.583332 -1.200961
v 8.198277 4.016665 -1.200961
v 8.033808 4.016666 -2.027799
v 8.033808 4.583333 -2.027799
v 3.577558 4.633335 -7.529089
v 3.556155 4.583335 -7.483835
v 3.556155 4.016668 -7.483836
v 3.577558 3.966668 -7.529089
v 2.794155 3.966667 -7.853586
v 2.777290 4.016668 -7.806452
v 2.777290 4.583335 -7.806452
v 2.794155 4.633335 -7.853585
v -7.157569 4.633331 4.272626
v -7.114631 4.583331 4.246890
v -7.114631 4.016664 4.246890
v -7.157569 3.966664 4.272626
v -6.686474 3.966664 4.977670
v -6.646266 4.016664 4.947849
v -6.646266 4.583330 4.947849
v -6.686474 4.633330 4.977670
v -4.947848 4.583330 6.646266
v -4.947848 4.016663 6.646266
v -4.246889 4.016663 7.114632
v -4.246889 4.583330 7.114632
v 6.149399 4.583334 -5.553281
v 6.149399 4.016667 -5.553281
v 5.586901 3.966667 -6.186491
v 5.553282 4.016667 -6.149398
v 5.553282 4.583334 -6.149398
v 5.586900 4.633334 -6.186490
v -2.027800 4.583329 8.033809
v -2.027800 4.016663 8.033809
v -1.200962 4.016663 8.198277
v -1.200962 4.583329 8.198277
v -8.247795 4.633332 1.208308
v -8.198277 4.583332 1.200963
v -8.198277 4.016665 1.200963
v -8.247795 3.966665 1.208308
v -8.082367 3.966665 2.039964
v -8.033808 4.016665 2.027801
v -8.033808 4.583331 2.027801
v -8.082368 4.633331 2.039964
v 8.275044 4.583332 0.421519
v 8.275044 4.016665 0.421519
v 8.275044 4.016665 -0.421518
v 8.275044 4.583332 -0.421518
v 7.806453 4.583333 -2.777289
v 7.806453 4.016666 -2.777289
v 7.483836 4.016666 -3.556154
v 7.483836 4.583333 -3.556154
v 4.246889 4.583330 7.114632
v 4.246889 4.016663 7.114632
v 4.947848 4.016663 6.646266
v 4.947848 4.583330 6.646266
v 6.646266 4.583330 4.947849
v 6.646266 4.016664 4.947849
v 7.114631 4.016664 4.246890
v 7.114631 4.583331 4.246890
vn -0.0000 -1.0000 -0.0000
vn 0.9988 -0.0000 -0.0491
vn 0.9892 -0.0000 -0.1467
vn 0.9040 -0.0000 0.4276
vn 0.8577 -0.0000 0.5141
vn 0.8032 -0.0000 0.5957
vn 0.7410 -0.0000 0.6716
vn 0.6716 -0.0000 0.7410
vn 0.5957 -0.0000 0.8032
vn 0.5141 -0.0000 0.8577
vn 0.4276 -0.0000 0.9040
vn 0.3369 -0.0000 0.9415
vn 0.2430 -0.0000 0.9700
vn 0.1467 -0.0000 0.9892
vn 0.0491 -0.0000 0.9988
vn -0.0491 -0.0000 0.9988
vn -0.1467 -0.0000 0.9892
vn -0.2430 -0.0000 0.9700
vn -0.3369 -0.0000 0.9415
vn -0.4276 -0.0000 0.9040
vn -0.5141 -0.0000 0.8577
vn -0.5957 -0.0000 0.8032
vn -0.6715 -0.0001 0.7410
vn -0.7409 -0.0003 0.6716
vn -0.8032 -0.0004 0.5957
vn -0.8577 -0.0004 0.5141
vn -0.9040 -0.0004 0.4276
vn -0.9415 -0.0004 0.3369
vn -0.9700 -0.0004 0.2430
vn -0.9892 -0.0004 0.1467
vn -0.9988 -0.0004 0.0491
vn -0.9988 -0.0004 -0.0491
vn -0.9892 -0.0004 -0.1467
vn -0.9700 -0.0004 -0.2430
vn -0.9415 -0.0004 -0.3369
vn -0.9040 -0.0004 -0.4276
vn -0.8577 -0.0004 -0.5141
vn -0.8032 -0.0004 -0.5957
vn -0.7410 -0.0004 -0.6716
vn -0.6716 -0.0004 -0.7410
vn -0.5957 -0.0004 -0.8032
vn -0.5141 -0.0004 -0.8577
vn -0.4276 -0.0004 -0.9040
vn -0.3369 -0.0004 -0.9415
vn -0.2430 -0.0004 -0.9700
vn -0.1467 -0.0004 -0.9892
vn -0.0491 -0.0004 -0.9988
vn 0.0491 -0.0004 -0.9988
vn 0.1467 -0.0004 -0.9892
vn 0.2430 -0.0004 -0.9700
vn 0.3369 -0.0004 -0.9415
vn 0.4276 -0.0004 -0.9040
vn 0.5141 -0.0004 -0.8577
vn 0.5957 -0.0004 -0.8032
vn 0.6716 -0.0003 -0.7409
vn 0.7410 -0.0001 -0.6715
vn 0.8032 -0.0000 -0.5957
vn 0.8577 -0.0000 -0.5141
vn 0.9040 -0.0000 -0.4276
vn 0.9700 -0.0000 0.2430
vn 0.9415 -0.0000 0.3369
vn 0.9415 -0.0000 -0.3369
vn 0.9700 -0.0000 -0.2430
vn 0.9892 -0.0000 0.1467
vn 0.9988 -0.0000 0.0491
vn -0.7410 -0.0000 0.6716
vn -0.6716 -0.0000 0.7410
vn -0.9892 0.0004 0.1467
vn -0.9700 0.0004 0.2430
vn 0.7410 0.0001 -0.6715
vn 0.6716 0.0003 -0.7409
vn -0.1467 -0.0000 -0.9892
vn -0.0491 -0.0000 -0.9988
vn -0.8577 0.0004 0.5141
vn -0.8032 0.0004 0.5957
vn 0.4276 0.0004 -0.9040
vn 0.3369 0.0004 -0.9415
vn 0.0491 0.0004 -0.9988
vn -0.0491 0.0004 -0.9988
vn -0.9040 0.0004 -0.4276
vn -0.9415 0.0004 -0.3369
vn -0.3369 0.0004 -0.9415
vn -0.4276 0.0004 -0.9040
vn -0.6716 0.0004 -0.7410
vn -0.7410 0.0004 -0.6716
vn 0.2430 0.0004 -0.9700
vn 0.1467 0.0004 -0.9892
vn -0.8032 -0.0000 0.5957
vn 0.5957 0.0004 -0.8032
vn 0.5141 0.0004 -0.8577
vn -0.8577 -0.0000 0.5141
vn -0.9040 -0.0000 0.4276
vn -0.9988 0.0004 -0.0491
vn -0.9988 0.0004 0.0491
vn -0.9415 0.0004 0.3369
vn -0.9040 0.0004 0.4276
vn -0.9988 -0.0000 -0.0491
vn -0.9988 -0.0000 0.0491
vn -0.9700 0.0004 -0.2430
vn -0.9892 0.0004 -0.1467
vn -0.9700 -0.0000 -0.2430
vn -0.9415 -0.0000 -0.3369
vn -0.7409 0.0003 0.6716
vn -0.6715 0.0001 0.7410
vn -0.1467 0.0004 -0.9892
vn -0.2430 0.0004 -0.9700
vn -0.9415 -0.0000 0.3369
vn -0.9700 -0.0000 0.2430
vn -0.9892 -0.0000 0.1467
vn -0.8032 0.0004 -0.5957
vn -0.8577 0.0004 -0.5141
vn -0.5141 0.0004 -0.8577
vn -0.5957 0.0004 -0.8032
vn -0.9892 -0.0000 -0.1467
vn 0.5957 -0.0000 -0.8032
vn 0.6716 -0.0000 -0.7410
vn -0.9040 -0.0000 -0.4276
vn -0.8577 -0.0000 -0.5141
vn -0.8032 -0.0000 -0.5957
vn 0.2430 -0.0000 -0.9700
vn 0.3369 -0.0000 -0.9415
vn -0.6716 -0.0000 -0.7410
vn -0.5957 -0.0000 -0.8032
vn -0.5141 -0.0000 -0.8577
vn -0.3369 -0.0000 -0.9415
vn -0.2430 -0.0000 -0.9700
vn -0.4276 -0.0000 -0.9040
vn -0.7410 -0.0000 -0.6716
vn 0.4276 -0.0000 -0.9040
vn 0.7410 -0.0000 -0.6716
vn 0.5141 -0.0000 -0.8577
vn 0.1467 -0.0000 -0.9892
vn 0.0491 -0.0000 -0.9988
vn 0.6995 -0.7071 0.1038
vn 0.7063 -0.7071 0.0347
vn 0.6995 0.7071 0.1038
vn 0.7063 0.7071 0.0347
vn 0.5680 -0.7071 0.4212
vn 0.6065 -0.7071 0.3635
vn 0.5680 0.7071 0.4212
vn 0.6065 0.7071 0.3635
vn 0.3635 -0.7071 0.6065
vn 0.4212 -0.7071 0.5680
vn 0.3635 0.7071 0.6065
vn 0.4212 0.7071 0.5680
vn 0.6658 -0.7071 -0.2382
vn 0.6392 -0.7071 -0.3023
vn 0.6658 0.7071 -0.2382
vn 0.6392 0.7071 -0.3023
vn 0.7063 -0.7071 -0.0347
vn 0.7063 0.7071 -0.0347
vn -0.6990 -0.7075 0.1037
vn -0.6855 -0.7075 0.1717
vn -0.6990 0.7075 0.1037
vn -0.6855 0.7075 0.1717
vn -0.1718 -0.7071 0.6859
vn -0.1038 -0.7071 0.6995
vn -0.1718 0.7071 0.6859
vn -0.1038 0.7071 0.6995
vn 0.5239 -0.7072 -0.4748
vn 0.4747 -0.7074 -0.5237
vn 0.5239 0.7072 -0.4748
vn 0.4747 0.7074 -0.5237
vn -0.4212 -0.7071 0.5680
vn -0.3635 -0.7071 0.6065
vn -0.4212 0.7071 0.5680
vn -0.3635 0.7071 0.6065
vn -0.6061 -0.7075 0.3633
vn -0.5676 -0.7075 0.4210
vn -0.6061 0.7075 0.3633
vn -0.5676 0.7075 0.4210
vn 0.3021 -0.7075 -0.6388
vn 0.2381 -0.7075 -0.6654
vn 0.3021 0.7075 -0.6388
vn 0.2381 0.7075 -0.6654
vn 0.6995 -0.7071 -0.1038
vn 0.6859 -0.7071 -0.1718
vn 0.6995 0.7071 -0.1038
vn 0.6859 0.7071 -0.1718
vn 0.0347 -0.7075 -0.7058
vn -0.0347 -0.7075 -0.7058
vn 0.0347 0.7075 -0.7058
vn -0.0347 0.7075 -0.7058
vn -0.6388 -0.7075 -0.3021
vn -0.6654 -0.7075 -0.2381
vn -0.6388 0.7075 -0.3021
vn -0.6654 0.7075 -0.2381
vn 0.1038 -0.7071 0.6995
vn 0.1718 -0.7071 0.6859
vn 0.1038 0.7071 0.6995
vn 0.1718 0.7071 0.6859
vn -0.2381 -0.7075 -0.6654
vn -0.3021 -0.7075 -0.6388
vn -0.2381 0.7075 -0.6654
vn -0.3021 0.7075 -0.6388
vn -0.4746 -0.7075 -0.5236
vn -0.5236 -0.7075 -0.4746
vn -0.4746 0.7075 -0.5236
vn -0.5236 0.7075 -0.4746
vn 0.6392 -0.7071 0.3023
vn 0.6658 -0.7071 0.2382
vn 0.6392 0.7071 0.3023
vn 0.6658 0.7071 0.2382
vn 0.2382 -0.7071 0.6658
vn 0.3023 -0.7071 0.6392
vn 0.2382 0.7071 0.6658
vn 0.3023 0.7071 0.6392
vn 0.1717 -0.7075 -0.6855
vn 0.1037 -0.7075 -0.6990
vn 0.1717 0.7075 -0.6855
vn 0.1037 0.7075 -0.6990
vn 0.4749 -0.7071 0.5239
vn 0.5239 -0.7071 0.4749
vn 0.4749 0.7071 0.5239
vn 0.5239 0.7071 0.4749
vn 0.4210 -0.7075 -0.5676
vn 0.3633 -0.7075 -0.6061
vn 0.4210 0.7075 -0.5676
vn 0.3633 0.7075 -0.6061
vn 0.6065 -0.7071 -0.3635
vn 0.5680 -0.7071 -0.4212
vn 0.6065 0.7071 -0.3635
vn 0.5680 0.7071 -0.4212
vn -0.7058 -0.7075 -0.0347
vn -0.7058 -0.7075 0.0347
vn -0.7058 0.7075 -0.0347
vn -0.7058 0.7075 0.0347
vn -0.6654 -0.7075 0.2381
vn -0.6388 -0.7075 0.3021
vn -0.6654 0.7075 0.2381
vn -0.6388 0.7075 0.3021
vn -0.6855 -0.7075 -0.1717
vn -0.6990 -0.7075 -0.1037
vn -0.6855 0.7075 -0.1717
vn -0.6990 0.7075 -0.1037
vn -0.5237 -0.7074 0.4747
vn -0.4748 -0.7072 0.5239
vn -0.5237 0.7074 0.4747
vn -0.4748 0.7072 0.5239
vn -0.3023 -0.7071 0.6392
vn -0.2382 -0.7071 0.6658
vn -0.3023 0.7071 0.6392
vn -0.2382 0.7071 0.6658
vn -0.1037 -0.7075 -0.6990
vn -0.1717 -0.7075 -0.6855
vn -0.1037 0.7075 -0.6990
vn -0.1717 0.7075 -0.6855
vn -0.0347 -0.7071 0.7063
vn 0.0347 -0.7071 0.7063
vn -0.0347 0.7071 0.7063
vn 0.0347 0.7071 0.7063
vn 0.6859 -0.7071 0.1718
vn 0.6859 0.7071 0.1718
vn -0.5676 -0.7075 -0.4210
vn -0.6061 -0.7075 -0.3633
vn -0.5676 0.7075 -0.4210
vn -0.6061 0.7075 -0.3633
vn -0.3633 -0.7075 -0.6061
vn -0.4210 -0.7075 -0.5676
vn -0.3633 0.7075 -0.6061
vn -0.4210 0.7075 -0.5676
s 1
usemtl base
f 2272//333 2270//333 2147//333 2145//333
f 2156//333 2154//333 2157//333 2159//333
f 2160//333 2158//333 2161//333 2163//333
f 2164//333 2162//333 2165//333 2167//333
f 2168//333 2166//333 2169//333 2171//333
f 2172//333 2170//333 2173//333 2175//333
f 2176//333 2174//333 2178//333 2179//333
f 2180//333 2177//333 2181//333 2183//333
f 2184//333 2182//333 2186//333 2187//333
f 2188//333 2185//333 2189//333 2191//333
f 2192//333 2190//333 2194//333 2195//333
f 2196//333 2193//333 2197//333 2199//333
f 2200//333 2198//333 2202//333 2203//333
f 2204//333 2201//333 2205//333 2207//333
f 2208//333 2206//333 2210//333 2211//333
f 2212//333 2209//333 2214//333 2215//333
f 2216//333 2213//333 2218//333 2219//333
f 2220//333 2217//333 2222//333 2223//333
f 2224//333 2221//333 2226//333 2227//333
f 2228//333 2225//333 2230//333 2231//333
f 2232//333 2229//333 2234//333 2235//333
f 2236//333 2233//333 2237//333 2239//333
f 2240//333 2238//333 2242//333 2243//333
f 2244//333 2241//333 2246//333 2247//333
f 2248//333 2245//333 2250//333 2251//333
f 2252//333 2249//333 2253//333 2255//333
f 2256//333 2254//333 2258//333 2259//333
f 2260//333 2257//333 2262//333 2263//333
f 2264//333 2261//333 2266//333 2267//333
f 2268//333 2265//333 2269//333 2271//333
f 2152//333 2149//333 2153//333 2155//333
f 2324//334 2307//335 2083//335 2082//334
f 2300//336 2335//337 2157//337 2154//336
f 2334//338 2293//339 2161//339 2158//338
f 2292//340 2331//341 2165//341 2162//340
f 2330//342 2297//343 2169//343 2166//342
f 2296//344 2305//345 2173//345 2170//344
f 2304//346 2279//347 2178//347 2174//346
f 2278//348 2319//349 2181//349 2177//348
f 2318//350 2283//351 2186//351 2182//350
f 2282//352 2313//353 2189//353 2185//352
f 2312//354 2285//355 2194//355 2190//354
f 2376//356 2487//357 2197//357 2193//356
f 2486//358 2391//359 2202//359 2198//358
f 2390//360 2509//361 2205//361 2201//360
f 2508//362 2399//363 2210//363 2206//362
f 2398//364 2383//365 2214//365 2209//364
f 2382//366 2459//367 2218//367 2213//366
f 2458//368 2349//369 2222//369 2217//368
f 2348//370 2439//371 2226//371 2221//370
f 2438//372 2341//373 2230//373 2225//372
f 2340//374 2447//375 2234//375 2229//374
f 2446//376 2365//377 2237//377 2233//376
f 2364//378 2467//379 2242//379 2238//378
f 2466//380 2423//381 2246//381 2241//380
f 2422//382 2479//383 2250//383 2245//382
f 2478//384 2411//385 2253//385 2249//384
f 2410//386 2497//387 2258//387 2254//386
f 2316//388 2289//389 2262//389 2257//388
f 2288//390 2327//391 2266//391 2261//390
f 2146//333 2148//333 2150//333 2151//333
f 2274//392 2301//393 2153//393 2149//392
f 2326//394 2309//395 2269//395 2265//394
f 2162//333 2164//333 2163//333 2161//333
f 2170//333 2172//333 2171//333 2169//333
f 2154//333 2156//333 2155//333 2153//333
f 2340//374 2229//374 2230//373 2341//373
f 2348//370 2221//370 2222//369 2349//369
f 2274//392 2149//392 2150//396 2275//396
f 2278//348 2177//348 2178//347 2279//347
f 2145//333 2147//333 2148//333 2146//333
f 2238//333 2240//333 2239//333 2237//333
f 2364//378 2238//378 2237//377 2365//377
f 2282//352 2185//352 2186//351 2283//351
f 2229//333 2232//333 2231//333 2230//333
f 2221//333 2224//333 2223//333 2222//333
f 2190//333 2192//333 2191//333 2189//333
f 2376//356 2193//356 2194//355 2285//355
f 2182//333 2184//333 2183//333 2181//333
f 2382//366 2213//366 2214//365 2383//365
f 2254//333 2256//333 2255//333 2253//333
f 2390//360 2201//360 2202//359 2391//359
f 2213//333 2216//333 2215//333 2214//333
f 2398//364 2209//364 2210//363 2399//363
f 2198//333 2200//333 2199//333 2197//333
f 2288//390 2261//390 2262//389 2289//389
f 2410//386 2254//386 2253//385 2411//385
f 2292//340 2162//340 2161//339 2293//339
f 2422//382 2245//382 2246//381 2423//381
f 2206//333 2208//333 2207//333 2205//333
f 2296//344 2170//344 2169//343 2297//343
f 2245//333 2248//333 2247//333 2246//333
f 2166//333 2168//333 2167//333 2165//333
f 2270//333 2272//333 2271//333 2269//333
f 2300//336 2154//336 2153//393 2301//393
f 2261//333 2264//333 2263//333 2262//333
f 2174//333 2176//333 2175//333 2173//333
f 2158//333 2160//333 2159//333 2157//333
f 2438//372 2225//372 2226//371 2439//371
f 2149//333 2152//333 2151//333 2150//333
f 2446//376 2233//376 2234//375 2447//375
f 2304//346 2174//346 2173//345 2305//345
f 2458//368 2217//368 2218//367 2459//367
f 2225//333 2228//333 2227//333 2226//333
f 2466//380 2241//380 2242//379 2467//379
f 2233//333 2236//333 2235//333 2234//333
f 2217//333 2220//333 2219//333 2218//333
f 2308//335 2270//335 2269//395 2309//395
f 2478//384 2249//384 2250//383 2479//383
f 2185//333 2188//333 2187//333 2186//333
f 2486//358 2198//358 2197//357 2487//357
f 2209//333 2212//333 2211//333 2210//333
f 2312//354 2190//354 2189//353 2313//353
f 2249//333 2252//333 2251//333 2250//333
f 2316//388 2257//388 2258//387 2497//387
f 2318//350 2182//350 2181//349 2319//349
f 2508//362 2206//362 2205//361 2509//361
f 2322//397 2148//397 2147//334 2323//334
f 2177//333 2180//333 2179//333 2178//333
f 2326//394 2265//394 2266//391 2327//391
f 2330//342 2166//342 2165//341 2331//341
f 2241//333 2244//333 2243//333 2242//333
f 2334//338 2158//338 2157//337 2335//337
f 2193//333 2196//333 2195//333 2194//333
f 2201//333 2204//333 2203//333 2202//333
f 2257//333 2260//333 2259//333 2258//333
f 2265//333 2268//333 2267//333 2266//333
f 2322//397 2275//396 2150//396 2148//397
f 2081//397 2086//396 2276//396 2321//397
f 2089//338 2333//338 2336//337 2090//337
f 2093//342 2329//342 2332//341 2094//341
f 2143//394 2325//394 2328//391 2144//391
f 2081//397 2321//397 2324//334 2082//334
f 2113//400 2505//400 2512//401 2114//401
f 2101//350 2317//350 2320//349 2102//349
f 2139//402 2315//402 2500//403 2140//403
f 2105//354 2311//354 2314//353 2106//353
f 2109//406 2483//406 2490//407 2110//407
f 2135//408 2475//408 2482//409 2136//409
f 2083//335 2307//335 2310//395 2084//395
f 2131//410 2463//410 2470//411 2132//411
f 2119//412 2455//412 2462//413 2120//413
f 2097//346 2303//346 2306//345 2098//345
f 2127//414 2443//414 2450//415 2128//415
f 2123//416 2435//416 2442//417 2124//417
f 2087//336 2299//336 2302//393 2088//393
f 2095//344 2295//344 2298//343 2096//343
f 2133//418 2419//418 2426//419 2134//419
f 2091//340 2291//340 2294//339 2092//339
f 2137//421 2407//421 2414//422 2138//422
f 2141//390 2287//390 2290//389 2142//389
f 2115//425 2395//425 2402//426 2116//426
f 2111//427 2387//427 2394//428 2112//428
f 2117//431 2379//431 2386//432 2118//432
f 2107//435 2373//435 2286//436 2108//436
f 2103//352 2281//352 2284//351 2104//351
f 2129//437 2361//437 2368//438 2130//438
f 2099//348 2277//348 2280//347 2100//347
f 2085//392 2273//392 2276//396 2086//396
f 2121//442 2345//442 2352//443 2122//443
f 2125//444 2337//444 2344//445 2126//445
f 2143//394 2084//395 2310//395 2325//394
f 2085//392 2088//393 2302//393 2273//392
f 2141//390 2144//391 2328//391 2287//390
f 2139//402 2142//389 2290//389 2315//402
f 2137//421 2140//403 2500//403 2407//421
f 2135//408 2138//422 2414//422 2475//408
f 2133//418 2136//409 2482//409 2419//418
f 2131//410 2134//419 2426//419 2463//410
f 2129//437 2132//411 2470//411 2361//437
f 2127//414 2130//438 2368//438 2443//414
f 2125//444 2128//415 2450//415 2337//444
f 2123//416 2126//445 2344//445 2435//416
f 2121//442 2124//417 2442//417 2345//442
f 2119//412 2122//443 2352//443 2455//412
f 2117//431 2120//413 2462//413 2379//431
f 2115//425 2118//432 2386//432 2395//425
f 2113//400 2116//426 2402//426 2505//400
f 2111//427 2114//401 2512//401 2387//427
f 2109//406 2112//428 2394//428 2483//406
f 2107//435 2110//407 2490//407 2373//435
f 2105//354 2108//436 2286//436 2311//354
f 2103//352 2106//353 2314//353 2281//352
f 2101//350 2104//351 2284//351 2317//350
f 2099//348 2102//349 2320//349 2277//348
f 2097//346 2100//347 2280//347 2303//346
f 2095//344 2098//345 2306//345 2295//344
f 2093//342 2096//343 2298//343 2329//342
f 2091//340 2094//341 2332//341 2291//340
f 2089//338 2092//339 2294//339 2333//338
f 2087//336 2090//337 2336//337 2299//336
f 2147//334 2270//335 2308//335 2323//334
f 2356//466 2513//467 2321//467 2276//466
f 2275//468 2322//469 2514//469 2355//468
f 2525//470 2528//471 2336//471 2333//470
f 2334//472 2335//473 2527//473 2526//472
f 2521//474 2524//475 2332//475 2329//474
f 2330//476 2331//477 2523//477 2522//476
f 2517//478 2520//479 2328//479 2325//478
f 2326//480 2327//481 2519//481 2518//480
f 2513//467 2516//482 2324//482 2321//467
f 2322//469 2323//483 2515//483 2514//469
f 2506//484 2511//485 2512//485 2505//484
f 2508//486 2509//487 2510//487 2507//486
f 2501//488 2504//489 2320//489 2317//488
f 2318//490 2319//491 2503//491 2502//490
f 2495//492 2499//493 2500//493 2315//492
f 2316//494 2497//495 2498//495 2496//494
f 2491//496 2494//497 2314//497 2311//496
f 2312//498 2313//499 2493//499 2492//498
f 2484//500 2489//501 2490//501 2483//500
f 2486//502 2487//503 2488//503 2485//502
f 2476//504 2481//505 2482//505 2475//504
f 2478//506 2479//507 2480//507 2477//506
f 2471//508 2474//509 2310//509 2307//508
f 2308//510 2309//511 2473//511 2472//510
f 2464//512 2469//513 2470//513 2463//512
f 2466//514 2467//515 2468//515 2465//514
f 2456//516 2461//517 2462//517 2455//516
f 2458//518 2459//519 2460//519 2457//518
f 2451//520 2454//521 2306//521 2303//520
f 2304//522 2305//523 2453//523 2452//522
f 2444//524 2449//525 2450//525 2443//524
f 2446//526 2447//527 2448//527 2445//526
f 2436//528 2441//529 2442//529 2435//528
f 2438//530 2439//531 2440//531 2437//530
f 2431//532 2434//533 2302//533 2299//532
f 2300//534 2301//535 2433//535 2432//534
f 2427//536 2430//537 2298//537 2295//536
f 2296//538 2297//539 2429//539 2428//538
f 2420//540 2425//541 2426//541 2419//540
f 2422//542 2423//543 2424//543 2421//542
f 2415//544 2418//545 2294//545 2291//544
f 2292//546 2293//547 2417//547 2416//546
f 2408//548 2413//549 2414//549 2407//548
f 2410//550 2411//551 2412//551 2409//550
f 2403//552 2406//553 2290//553 2287//552
f 2288//554 2289//555 2405//555 2404//554
f 2396//556 2401//557 2402//557 2395//556
f 2398//558 2399//559 2400//559 2397//558
f 2388//560 2393//561 2394//561 2387//560
f 2390//562 2391//563 2392//563 2389//562
f 2380//564 2385//565 2386//565 2379//564
f 2382//566 2383//567 2384//567 2381//566
f 2374//568 2378//569 2286//569 2373//568
f 2376//570 2285//571 2377//571 2375//570
f 2369//572 2372//573 2284//573 2281//572
f 2282//574 2283//575 2371//575 2370//574
f 2362//576 2367//577 2368//577 2361//576
f 2364//578 2365//579 2366//579 2363//578
f 2357//580 2360//581 2280//581 2277//580
f 2278//582 2279//583 2359//583 2358//582
f 2353//584 2356//466 2276//466 2273//584
f 2274//585 2275//468 2355//468 2354//585
f 2346//586 2351//587 2352//587 2345//586
f 2348//588 2349//589 2350//589 2347//588
f 2338//590 2343//591 2344//591 2337//590
f 2340//592 2341//593 2342//593 2339//592
f 2474//509 2517//478 2325//478 2310//509
f 2309//511 2326//480 2518//480 2473//511
f 2434//533 2353//584 2273//584 2302//533
f 2301//535 2274//585 2354//585 2433//535
f 2520//479 2403//552 2287//552 2328//479
f 2327//481 2288//554 2404//554 2519//481
f 2406//553 2495//492 2315//492 2290//553
f 2289//555 2316//494 2496//494 2405//555
f 2499//493 2408//548 2407//548 2500//493
f 2497//495 2410//550 2409//550 2498//495
f 2413//549 2476//504 2475//504 2414//549
f 2411//551 2478//506 2477//506 2412//551
f 2481//505 2420//540 2419//540 2482//505
f 2479//507 2422//542 2421//542 2480//507
f 2425//541 2464//512 2463//512 2426//541
f 2423//543 2466//514 2465//514 2424//543
f 2469//513 2362//576 2361//576 2470//513
f 2467//515 2364//578 2363//578 2468//515
f 2367//577 2444//524 2443//524 2368//577
f 2365//579 2446//526 2445//526 2366//579
f 2449//525 2338//590 2337//590 2450//525
f 2447//527 2340//592 2339//592 2448//527
f 2343//591 2436//528 2435//528 2344//591
f 2341//593 2438//530 2437//530 2342//593
f 2441//529 2346//586 2345//586 2442//529
f 2439//531 2348//588 2347//588 2440//531
f 2351//587 2456//516 2455//516 2352//587
f 2349//589 2458//518 2457//518 2350//589
f 2461//517 2380//564 2379//564 2462//517
f 2459//519 2382//566 2381//566 2460//519
f 2385//565 2396//556 2395//556 2386//565
f 2383//567 2398//558 2397//558 2384//567
f 2401//557 2506//484 2505//484 2402//557
f 2399//559 2508//486 2507//486 2400//559
f 2511//485 2388//560 2387//560 2512//485
f 2509//487 2390//562 2389//562 2510//487
f 2393//561 2484//500 2483//500 2394//561
f 2391//563 2486//502 2485//502 2392//563
f 2489//501 2374//568 2373//568 2490//501
f 2487//503 2376//570 2375//570 2488//503
f 2378//569 2491//496 2311//496 2286//569
f 2285//571 2312//498 2492//498 2377//571
f 2494//497 2369//572 2281//572 2314//497
f 2313//499 2282//574 2370//574 2493//499
f 2372//573 2501//488 2317//488 2284//573
f 2283//575 2318//490 2502//490 2371//575
f 2504//489 2357//580 2277//580 2320//489
f 2319//491 2278//582 2358//582 2503//491
f 2360//581 2451//520 2303//520 2280//581
f 2279//583 2304//522 2452//522 2359//583
f 2454//521 2427//536 2295//536 2306//521
f 2305//523 2296//538 2428//538 2453//523
f 2430//537 2521//474 2329//474 2298//537
f 2297//539 2330//476 2522//476 2429//539
f 2524//475 2415//544 2291//544 2332//475
f 2331//477 2292//546 2416//546 2523//477
f 2418//545 2525//470 2333//470 2294//545
f 2293//547 2334//472 2526//472 2417//547
f 2528//471 2431//532 2299//532 2336//471
f 2335//473 2300//534 2432//534 2527//473
f 2472//510 2515//483 2323//483 2308//510
f 2307//508 2324//482 2516//482 2471//508
usemtl glass.001
f 2374//398 2375//398 2377//399 2378//399
f 2521//342 2522//342 2523//341 2524//341
f 2357//348 2504//349 2503//349 2358//348
f 2525//338 2526//338 2527//337 2528//337
f 2362//404 2469//405 2468//405 2363//404
f 2501//350 2372//351 2371//351 2502//350
f 2369//352 2494//353 2493//353 2370//352
f 2491//354 2378//399 2377//399 2492//354
f 2374//398 2489//420 2488//420 2375//398
f 2484//423 2393//424 2392//424 2485//423
f 2357//348 2358//348 2359//347 2360//347
f 2396//429 2397//429 2400//430 2401//430
f 2380//433 2461//434 2460//434 2381//433
f 2388//439 2389//439 2392//424 2393//424
f 2388//439 2511//440 2510//440 2389//439
f 2506//441 2401//430 2400//430 2507//441
f 2396//429 2385//446 2384//446 2397//429
f 2403//390 2520//391 2519//391 2404//390
f 2380//433 2381//433 2384//446 2385//446
f 2408//447 2499//448 2498//448 2409//447
f 2456//449 2351//450 2350//450 2457//449
f 2353//392 2354//392 2355//396 2356//396
f 2415//340 2524//341 2523//341 2416//340
f 2346//451 2347//451 2350//450 2351//450
f 2420//452 2481//453 2480//453 2421//452
f 2436//454 2343//455 2342//455 2437//454
f 2427//344 2454//345 2453//345 2428//344
f 2338//456 2339//456 2342//455 2343//455
f 2431//336 2528//337 2527//337 2432//336
f 2444//457 2367//458 2366//458 2445//457
f 2444//457 2445//457 2448//459 2449//459
f 2369//352 2370//352 2371//351 2372//351
f 2451//346 2452//346 2453//345 2454//345
f 2451//346 2360//347 2359//347 2452//346
f 2353//392 2434//393 2433//393 2354//392
f 2517//394 2518//394 2519//391 2520//391
f 2513//397 2356//396 2355//396 2514//397
f 2346//451 2441//460 2440//460 2347//451
f 2513//397 2514//397 2515//334 2516//334
f 2362//404 2363//404 2366//458 2367//458
f 2338//456 2449//459 2448//459 2339//456
f 2506//441 2507//441 2510//440 2511//440
f 2427//344 2428//344 2429//343 2430//343
f 2476//461 2477//461 2480//453 2481//453
f 2501//350 2502//350 2503//349 2504//349
f 2521//342 2430//343 2429//343 2522//342
f 2495//462 2496//462 2498//448 2499//448
f 2415//340 2416//340 2417//339 2418//339
f 2403//390 2404//390 2405//389 2406//389
f 2491//354 2492//354 2493//353 2494//353
f 2525//338 2418//339 2417//339 2526//338
f 2484//423 2485//423 2488//420 2489//420
f 2431//336 2432//336 2433//393 2434//393
f 2495//462 2406//389 2405//389 2496//462
f 2515//334 2472//335 2471//335 2516//334
f 2436//454 2437//454 2440//460 2441//460
f 2408//447 2409//447 2412//463 2413//463
f 2517//394 2474//395 2473//395 2518//394
f 2471//335 2472//335 2473//395 2474//395
f 2476//461 2413//463 2412//463 2477//461
f 2420//452 2421//452 2424//464 2425//464
f 2464//465 2465//465 2468//405 2469//405
f 2456//449 2457//449 2460//434 2461//434
f 2464//465 2425//464 2424//464 2465//465
o Mesh_HD
v 8.574355 5.000000 0.000001
v 8.574355 4.800000 0.000001
v 8.409601 4.800001 -1.672773
v 8.409601 5.000000 -1.672773
v 8.409601 5.000000 1.672775
v 8.409601 4.800000 1.672775
v 7.921671 5.000000 3.281264
v 7.921671 4.800000 3.281264
v 7.129316 4.999999 4.763658
v 7.129316 4.799999 4.763658
v 6.062985 4.999999 6.062986
v 6.062985 4.799999 6.062986
v 4.763657 4.999999 7.129317
v 4.763657 4.799999 7.129317
v 3.281264 4.999999 7.921672
v 3.281264 4.799999 7.921672
v 1.672774 4.999999 8.409602
v 1.672774 4.799999 8.409602
v 0.000000 4.999999 8.574356
v 0.000000 4.799999 8.574356
v -1.672774 4.999999 8.409602
v -1.672774 4.799999 8.409602
v -3.281264 4.999999 7.921672
v -3.281264 4.799999 7.921672
v -4.763657 4.999999 7.129317
v -4.763657 4.799999 7.129317
v -6.062985 4.999999 6.062986
v -6.062985 4.799999 6.062986
v -7.129316 4.999999 4.763658
v -7.129316 4.799999 4.763658
v -7.921671 5.000000 3.281264
v -7.921671 4.800000 3.281264
v -8.409601 5.000000 1.672775
v -8.409601 4.800000 1.672775
v -8.574355 5.000000 0.000001
v -8.574355 4.800000 0.000001
v -8.409601 5.000000 -1.672773
v -8.409601 4.800001 -1.672773
v -7.921671 5.000000 -3.281263
v -7.921671 4.800001 -3.281263
v -7.129316 5.000001 -4.763656
v -7.129316 4.800001 -4.763656
v -6.062985 5.000001 -6.062984
v -6.062985 4.800001 -6.062984
v -4.763657 5.000001 -7.129315
v -4.763657 4.800001 -7.129315
v -3.281264 5.000001 -7.921670
v -3.281264 4.800002 -7.921670
v -1.672774 5.000001 -8.409600
v -1.672774 4.800002 -8.409600
v -0.000000 5.000001 -8.574354
v -0.000000 4.800002 -8.574354
v 1.672774 5.000001 -8.409600
v 1.672774 4.800002 -8.409600
v 3.281264 5.000001 -7.921670
v 3.281264 4.800002 -7.921670
v 4.763657 5.000001 -7.129315
v 4.763657 4.800001 -7.129315
v 6.062985 5.000001 -6.062984
v 6.062985 4.800001 -6.062984
v 7.129316 5.000001 -4.763656
v 7.129316 4.800001 -4.763656
v 7.921671 5.000000 -3.281263
v 7.921671 4.800001 -3.281263
v 2.405424 7.000000 0.478470
v 2.013109 7.400000 0.400434
v 1.896308 7.400000 0.785478
v 2.265859 7.000000 0.938551
v 2.452549 7.000000 0.000001
v 2.052549 7.400000 0.000001
v 2.405424 7.000000 -0.478467
v 2.013109 7.400000 -0.400431
v 2.265859 7.000000 -0.938549
v 1.896308 7.400000 -0.785475
v 2.039220 7.000000 -1.362562
v 1.706632 7.400000 -1.140334
v -1.362563 7.000000 -2.039218
v -1.491890 7.346918 -2.058186
v -1.140335 7.400001 -1.706631
v -2.039220 7.000000 -1.362562
v -2.058187 7.346918 -1.491889
v -2.390775 6.946918 -1.714117
v -2.039220 7.000000 1.362564
v -2.058187 7.346917 1.491891
v -1.706632 7.400000 1.140336
v -1.362563 7.000000 2.039221
v -1.491890 7.346917 2.058188
v -1.714118 6.946918 2.390776
v 1.362563 7.000000 2.039221
v 1.491890 7.346917 2.058188
v 1.140335 7.400000 1.706633
v 1.706632 7.400000 1.140336
v 2.039220 7.000000 1.362564
v 6.859484 4.800000 0.000001
v 6.727681 4.800000 -1.338218
v 6.727681 4.800000 1.338220
v 6.337337 4.800000 2.625012
v 5.703453 4.800000 3.810926
v 4.850388 4.799999 4.850389
v 3.810925 4.799999 5.703454
v 2.625011 4.799999 6.337338
v 1.338219 4.799999 6.727682
v 0.000000 4.799999 6.859485
v -1.338219 4.799999 6.727682
v -2.625011 4.799999 6.337338
v -3.810925 4.799999 5.703454
v -4.850388 4.799999 4.850389
v -5.703453 4.800000 3.810926
v -6.337337 4.800000 2.625012
v -6.727681 4.800000 1.338220
v -6.859484 4.800000 0.000001
v -6.727681 4.800000 -1.338218
v -6.337337 4.800001 -2.625010
v -5.703453 4.800001 -3.810925
v -4.850388 4.800001 -4.850387
v -3.810925 4.800001 -5.703452
v -2.625011 4.800001 -6.337336
v -1.338219 4.800001 -6.727680
v -0.000000 4.800001 -6.859483
v 1.338219 4.800001 -6.727680
v 2.625011 4.800001 -6.337336
v 3.810925 4.800001 -5.703452
v 4.850388 4.800001 -4.850387
v 5.703453 4.800001 -3.810925
v 6.337337 4.800001 -2.625010
v 7.532602 3.799999 4.026260
v 7.200015 3.799999 3.804032
v 7.200015 2.799999 3.804032
v 7.532602 3.199999 4.026260
v 6.602381 3.799999 5.418435
v 5.418434 3.799999 6.602382
v 5.418434 3.199999 6.602382
v 6.602381 3.199999 5.418435
v 4.026260 3.799999 7.532603
v 2.479358 3.799999 8.173350
v 2.479358 3.199999 8.173350
v 4.026260 3.199999 7.532603
v 0.837177 3.799999 8.500001
v -0.837177 3.799999 8.500001
v -0.837177 3.199999 8.500001
v 0.837177 3.199999 8.500001
v -2.479358 3.799999 8.173350
v -4.026260 3.799999 7.532603
v -4.026260 3.199999 7.532603
v -2.479358 3.199999 8.173350
v -5.418434 3.799999 6.602382
v -6.602381 3.799999 5.418435
v -6.602381 3.199999 5.418435
v -5.418434 3.199999 6.602382
v -8.173349 3.799999 2.479359
v -7.781035 3.799999 2.401323
v -7.781035 2.799999 2.401323
v -8.173349 3.200000 2.479359
v -8.500000 3.800000 -0.837176
v -8.107686 3.800000 -0.759140
v -8.107686 2.800000 -0.759140
v -8.500000 3.200000 -0.837176
v -8.173349 3.800000 -2.479358
v -7.532602 3.800001 -4.026259
v -7.532602 3.200001 -4.026259
v -8.173349 3.200001 -2.479358
v -6.602381 3.800001 -5.418434
v -5.418434 3.800001 -6.602381
v -5.418434 3.200001 -6.602381
v -6.602381 3.200001 -5.418434
v -2.479358 3.800001 -8.173348
v -2.401322 3.800001 -7.781035
v -2.401322 2.800001 -7.781035
v -2.479358 3.200001 -8.173348
v -0.837177 3.800001 -8.499999
v 0.837177 3.800001 -8.499999
v 0.837177 3.200001 -8.499999
v -0.837177 3.200001 -8.499999
v 5.418434 3.800001 -6.602381
v 6.602381 3.800001 -5.418434
v 6.602381 3.200001 -5.418434
v 5.418434 3.200001 -6.602381
v 7.532602 3.800001 -4.026259
v 8.173349 3.800000 -2.479358
v 8.173349 3.200001 -2.479358
v 7.532602 3.200001 -4.026259
v 4.129438 6.242465 0.557020
v 4.129438 5.945498 0.638698
v 4.129438 5.945498 -0.638696
v 4.129438 6.242465 -0.557018
v -0.557019 6.242465 4.129439
v -0.638697 5.945498 4.129439
v 0.638697 5.945498 4.129439
v 0.557019 6.242465 4.129439
v -4.129438 6.242465 -0.557018
v -4.129438 5.945498 -0.638696
v -4.129438 5.945498 0.638698
v -4.129438 6.242465 0.557020
v -0.557019 6.242466 -5.655512
v -0.557019 6.242466 -4.129437
v -0.597439 6.104017 -6.065903
v 0.638697 5.945499 -6.484795
v 0.638697 5.945499 -4.129437
v 0.597439 6.104017 -6.065903
v 0.557019 6.242466 -4.129437
v 0.557019 6.242466 -5.655512
v -0.638697 5.945499 -4.129437
v -0.638697 5.945499 -6.484795
v 7.781035 3.800000 -2.401322
v 8.107686 3.800000 -0.759140
v 8.107686 2.800000 -0.759140
v 7.781035 2.800000 -2.401322
v 6.269794 3.800001 -5.196206
v 7.200015 3.800001 -3.804031
v 7.200015 2.800001 -3.804031
v 6.269794 2.800001 -5.196206
v 3.804032 3.800001 -7.200014
v 5.196206 3.800001 -6.269793
v 5.196206 2.800001 -6.269793
v 3.804032 2.800001 -7.200014
v 0.759141 3.800001 -8.107685
v 2.401322 3.800001 -7.781035
v 2.401322 2.800001 -7.781035
v 0.759141 2.800001 -8.107686
v -5.196206 3.800001 -6.269793
v -3.804032 3.800001 -7.200014
v -3.804032 2.800001 -7.200014
v -5.196206 2.800001 -6.269793
v -7.200015 3.800001 -3.804031
v -6.269794 3.800001 -5.196206
v -6.269794 2.800001 -5.196206
v -7.200015 2.800001 -3.804031
v -3.804032 3.799999 7.200015
v -5.196206 3.799999 6.269794
v -5.196206 2.799999 6.269794
v -3.804032 2.799999 7.200015
v -0.759141 3.799999 8.107687
v -2.401322 3.799999 7.781036
v -2.401322 2.799999 7.781036
v -0.759141 2.799999 8.107686
v 2.401322 3.799999 7.781036
v 0.759141 3.799999 8.107687
v 0.759141 2.799999 8.107686
v 2.401322 2.799999 7.781036
v 5.196206 3.799999 6.269794
v 3.804032 3.799999 7.200015
v 3.804032 2.799999 7.200015
v 5.196206 2.799999 6.269794
v 8.500000 3.200000 -0.837176
v 8.500000 3.200000 0.837177
v 8.107686 2.800000 0.759141
v 8.173349 3.200000 2.479359
v 7.781035 2.799999 2.401323
v 7.781035 3.799999 2.401323
v 8.173349 3.799999 2.479359
v -7.532602 3.199999 4.026260
v -7.200015 2.799999 3.804032
v -7.200015 3.799999 3.804032
v -7.532602 3.799999 4.026260
v -8.500000 3.200000 0.837177
v -8.107686 2.800000 0.759141
v -8.107686 3.800000 0.759141
v -8.500000 3.800000 0.837178
v 2.479358 3.200001 -8.173348
v 4.026260 3.200001 -7.532602
v 2.121320 2.800000 2.121321
v 1.414214 1.800000 1.414214
v 1.662626 1.800000 1.110932
v 2.493939 2.800000 1.666398
v 1.148050 2.799999 2.771639
v 0.765367 1.800000 1.847759
v 1.110931 1.800000 1.662627
v 1.666397 2.799999 2.493940
v -0.000000 2.799999 3.000000
v -0.000000 1.800000 2.000000
v 0.390107 1.800000 1.961202
v 0.585161 2.799999 2.941803
v -1.148050 2.799999 2.771639
v -0.765367 1.800000 1.847759
v -0.390107 1.800000 1.961202
v -0.585161 2.799999 2.941803
v -2.121320 2.800000 2.121321
v -1.414214 1.800000 1.414214
v -1.110931 1.800000 1.662627
v -1.666397 2.799999 2.493940
v -2.771639 2.800000 1.148051
v -1.847759 1.800000 0.765367
v -1.662626 1.800000 1.110932
v -2.493939 2.800000 1.666398
v -3.000000 2.800000 0.000000
v -2.000000 1.800000 0.000000
v -1.961201 1.800000 0.390108
v -2.941802 2.800000 0.585161
v -2.771639 2.800000 -1.148050
v -1.847759 1.800000 -0.765367
v -1.961201 1.800000 -0.390107
v -2.941802 2.800000 -0.585160
v -2.121320 2.800000 -2.121320
v -1.414214 1.800000 -1.414213
v -1.662626 1.800000 -1.110931
v -2.493939 2.800000 -1.666397
v -1.148050 2.800000 -2.771638
v -0.765367 1.800000 -1.847759
v -1.110931 1.800000 -1.662626
v -1.666397 2.800000 -2.493939
v -0.000000 2.800000 -3.000000
v 0.000000 1.800000 -2.000000
v -0.390107 1.800000 -1.961201
v -0.585161 2.800000 -2.941802
v 1.148050 2.800000 -2.771638
v 0.765367 1.800000 -1.847759
v 0.390107 1.800000 -1.961201
v 0.585161 2.800000 -2.941802
v 2.121320 2.800000 -2.121320
v 1.414214 1.800000 -1.414213
v 1.110931 1.800000 -1.662626
v 1.666397 2.800000 -2.493939
v 2.771639 2.800000 -1.148050
v 1.847759 1.800000 -0.765367
v 1.662626 1.800000 -1.110931
v 2.493939 2.800000 -1.666397
v 3.000000 2.800000 0.000000
v 2.000000 1.800000 0.000000
v 1.961201 1.800000 -0.390107
v 2.941802 2.800000 -0.585160
v 2.771639 2.800000 1.148051
v 1.847759 1.800000 0.765367
v 1.961201 1.800000 0.390108
v 2.941802 2.800000 0.585161
v 1.110931 -2.200000 1.662626
v 0.888745 -2.200000 1.330101
v 1.414214 -2.200000 1.414213
v 0.765367 -2.200000 1.847759
v 0.612293 -2.200000 1.478207
v 0.390107 -2.200000 1.961201
v 0.312086 -2.200000 1.568961
v -0.000000 -2.200000 2.000000
v -0.000000 -2.200000 1.600000
v -0.390107 -2.200000 1.961201
v -0.312086 -2.200000 1.568961
v -0.765367 -2.200000 1.847759
v -1.662626 -2.200000 1.110931
v -1.330101 -2.200000 0.888745
v -1.414214 -2.200000 1.414213
v -1.847759 -2.200000 0.765366
v -1.478207 -2.200000 0.612293
v -1.961201 -2.200000 0.390107
v -1.568961 -2.200000 0.312085
v -2.000000 -2.200000 -0.000000
v -1.600000 -2.200000 -0.000000
v -1.961201 -2.200000 -0.390108
v -1.568961 -2.200000 -0.312086
v -1.847759 -2.200000 -0.765367
v -1.110931 -2.200000 -1.662627
v -0.888745 -2.200000 -1.330101
v -1.414214 -2.200000 -1.414214
v -0.765367 -2.200000 -1.847759
v -0.612293 -2.200000 -1.478208
v -0.390107 -2.200000 -1.961202
v -0.312086 -2.200000 -1.568962
v 0.000000 -2.200000 -2.000000
v 0.000000 -2.200000 -1.600000
v 0.390107 -2.200000 -1.961202
v 0.312086 -2.200000 -1.568962
v 0.765367 -2.200000 -1.847759
v 2.837605 2.799999 5.358417
v 1.782482 2.799999 5.795463
v 1.782482 2.399999 5.795463
v 2.837605 2.399999 5.358417
v 3.225438 2.799999 3.905241
v 3.481529 2.399999 4.212516
v 2.559533 2.399999 4.828573
v 2.373650 2.799999 4.474388
v 1.782482 2.800001 -5.795462
v 2.837605 2.800001 -5.358416
v 2.837605 2.400001 -5.358416
v 1.782482 2.400001 -5.795462
v 0.480693 2.800001 -5.042151
v 0.516886 2.400001 -5.440510
v 1.604453 2.400001 -5.224180
v 1.485446 2.800001 -4.842293
v 4.672183 2.799999 3.864627
v 3.864626 2.799999 4.672183
v 3.864626 2.399999 4.672183
v 4.672183 2.399999 3.864627
v 4.474388 2.799999 2.373650
v 4.828573 2.400000 2.559534
v 4.212515 2.400000 3.481529
v 3.905241 2.799999 3.225439
v 5.795462 2.800000 1.782483
v 5.358416 2.799999 2.837606
v 5.358416 2.400000 2.837606
v 5.795462 2.400000 1.782483
v 5.042151 2.800000 0.480693
v 5.440511 2.400000 0.516886
v 5.224180 2.400000 1.604454
v 4.842294 2.800000 1.485446
v 6.036436 2.800000 -0.571028
v 6.036436 2.800000 0.571029
v 6.036436 2.400000 0.571029
v 6.036436 2.400000 -0.571028
v 4.842294 2.800000 -1.485445
v 5.224180 2.400000 -1.604453
v 5.440511 2.400000 -0.516885
v 5.042151 2.800000 -0.480692
v 5.358416 2.800000 -2.837605
v 5.795462 2.800000 -1.782482
v 5.795462 2.400000 -1.782482
v 5.358416 2.400001 -2.837605
v 3.905241 2.800000 -3.225438
v 4.212515 2.400001 -3.481528
v 4.828573 2.400001 -2.559533
v 4.474388 2.800000 -2.373649
v 3.864626 2.800001 -4.672182
v 4.672183 2.800001 -3.864626
v 4.672183 2.400001 -3.864626
v 3.864626 2.400001 -4.672182
v 2.373650 2.800001 -4.474387
v 2.559533 2.400001 -4.828572
v 3.481529 2.400001 -4.212515
v 3.225438 2.800001 -3.905240
v -0.571029 2.800001 -6.036435
v 0.571029 2.800001 -6.036435
v 0.571029 2.400001 -6.036435
v -0.571029 2.400001 -6.036435
v -1.485446 2.800001 -4.842293
v -1.604453 2.400001 -5.224180
v -0.516886 2.400001 -5.440510
v -0.480693 2.800001 -5.042151
v -2.837605 2.800001 -5.358416
v -1.782482 2.800001 -5.795462
v -1.782482 2.400001 -5.795462
v -2.837605 2.400001 -5.358416
v -3.225438 2.800001 -3.905240
v -3.481529 2.400001 -4.212515
v -2.559533 2.400001 -4.828572
v -2.373650 2.800001 -4.474387
v -4.672183 2.800001 -3.864626
v -3.864626 2.800001 -4.672182
v -3.864626 2.400001 -4.672182
v -4.672183 2.400001 -3.864626
v -4.474388 2.800000 -2.373649
v -4.828573 2.400001 -2.559533
v -4.212515 2.400001 -3.481528
v -3.905241 2.800000 -3.225438
v -5.795462 2.800000 -1.782482
v -5.358416 2.800000 -2.837605
v -5.358416 2.400001 -2.837605
v -5.795462 2.400000 -1.782482
v -5.042151 2.800000 -0.480692
v -5.440511 2.400000 -0.516885
v -5.224180 2.400000 -1.604453
v -4.842294 2.800000 -1.485445
v -6.036436 2.800000 0.571029
v -6.036436 2.800000 -0.571028
v -6.036436 2.400000 -0.571028
v -6.036436 2.400000 0.571029
v -4.842294 2.800000 1.485446
v -5.224180 2.400000 1.604454
v -5.440511 2.400000 0.516886
v -5.042151 2.800000 0.480693
v -5.358416 2.799999 2.837606
v -5.795462 2.800000 1.782483
v -5.795462 2.400000 1.782483
v -5.358416 2.400000 2.837606
v -3.905241 2.799999 3.225439
v -4.212515 2.400000 3.481529
v -4.828573 2.400000 2.559534
v -4.474388 2.799999 2.373650
v -3.864626 2.799999 4.672183
v -4.672183 2.799999 3.864627
v -4.672183 2.399999 3.864627
v -3.864626 2.399999 4.672183
v -2.373650 2.799999 4.474388
v -2.559533 2.399999 4.828573
v -3.481529 2.399999 4.212516
v -3.225438 2.799999 3.905241
v -1.782482 2.799999 5.795463
v -2.837605 2.799999 5.358417
v -2.837605 2.399999 5.358417
v -1.782482 2.399999 5.795463
v -0.480693 2.799999 5.042152
v -0.516886 2.399999 5.440511
v -1.604453 2.399999 5.224181
v -1.485446 2.799999 4.842294
v 1.485446 2.799999 4.842294
v 1.604453 2.399999 5.224181
v 0.516886 2.399999 5.440511
v 0.480693 2.799999 5.042152
v 0.571029 2.799999 6.036436
v -0.571029 2.799999 6.036436
v -0.571029 2.399999 6.036436
v 0.571029 2.399999 6.036436
v 1.330101 -2.200000 -0.888745
v 1.478207 -2.200000 -0.612294
v 1.478198 -3.500000 -0.612290
v 1.330101 -3.500000 -0.888746
v 1.568961 -2.200000 -0.312086
v 1.568961 -3.500000 -0.312086
v 1.600000 -2.200000 -0.000000
v 1.599990 -3.500000 -0.000001
v 1.568961 -2.200000 0.312085
v 1.568961 -3.500000 0.312085
v 0.888745 -4.200000 1.330100
v 0.888745 -3.700000 1.330100
v 0.612289 -3.700000 1.478195
v 0.612285 -4.200000 1.478186
v -0.312086 -4.200000 1.568960
v -0.000000 -4.200000 1.599977
v -0.000000 -3.700000 1.599987
v -0.312086 -3.700000 1.568961
v -1.330101 -4.200000 0.888744
v -1.330101 -3.700000 0.888744
v -1.478196 -3.700000 0.612288
v -1.478186 -4.200000 0.612284
v -1.568961 -4.200000 -0.312086
v -1.599977 -4.200000 -0.000001
v -1.599988 -3.700000 -0.000001
v -1.568961 -3.700000 -0.312086
v 1.330101 -4.200000 -0.888746
v 1.330101 -3.700000 -0.888746
v 1.478196 -3.700000 -0.612289
v 1.478186 -4.200000 -0.612285
v 1.568961 -4.200000 0.312085
v 1.599977 -4.200000 -0.000001
v 1.599988 -3.700000 -0.000001
v 1.568961 -3.700000 0.312085
v -1.568961 -3.700000 0.312085
v -1.568961 -4.200000 0.312085
v 1.568961 -3.700000 -0.312086
v 1.568961 -4.200000 -0.312086
v 0.312086 -3.700000 1.568961
v 0.312086 -4.200000 1.568960
v -1.108655 -6.900000 0.459219
v -0.877686 -6.900000 0.363548
v -1.085514 -6.900000 0.502415
v -1.176721 -6.900000 0.234063
v -0.931571 -6.900000 0.185300
v -1.200000 -6.900000 -0.000001
v -0.950000 -6.900000 -0.000001
v -1.195150 -6.900000 -0.048765
v -0.459220 -6.900000 -1.108657
v -0.363549 -6.900000 -0.877687
v -0.502416 -6.900000 -1.085515
v -0.234064 -6.900000 -1.176722
v -0.185301 -6.900000 -0.931572
v 0.000000 -6.900000 -1.200001
v 0.000000 -6.900000 -0.950001
v 0.048763 -6.900000 -1.195151
v -0.791765 -4.200000 1.773870
v -0.816827 -4.150001 1.703719
v -0.742718 -4.150001 1.524803
v -0.679198 -4.200000 1.502109
v -0.871500 -4.200000 1.399085
v -0.855128 -4.150001 1.464580
v -0.962698 -4.150001 1.625570
v -1.034891 -4.200000 1.643617
v -1.335847 -4.200000 1.410325
v -1.261446 -4.150000 1.406635
v -1.133423 -4.150001 1.511496
v -1.122469 -4.200000 1.585099
v -0.959078 -4.200000 1.340568
v -1.025853 -4.150000 1.350505
v -1.124509 -4.150000 1.269698
v -1.127851 -4.200000 1.202329
v -1.773870 -4.200000 -0.791765
v -1.703720 -4.150000 -0.816828
v -1.524803 -4.150000 -0.742718
v -1.502110 -4.200000 -0.679199
v -1.399086 -4.200000 -0.871501
v -1.464581 -4.150000 -0.855129
v -1.625571 -4.150000 -0.962699
v -1.643618 -4.200000 -1.034892
v -1.410326 -4.200000 -1.335848
v -1.406635 -4.150000 -1.261447
v -1.511496 -4.150000 -1.133424
v -1.585100 -4.200000 -1.122470
v -1.340568 -4.200000 -0.959079
v -1.350506 -4.150000 -1.025854
v -1.269699 -4.150000 -1.124510
v -1.202330 -4.200000 -1.127852
v 0.791765 -4.199999 -1.773871
v 0.816827 -4.150000 -1.703721
v 0.742718 -4.150000 -1.524804
v 0.679198 -4.199999 -1.502111
v 0.871500 -4.200000 -1.399087
v 0.855128 -4.150000 -1.464581
v 0.962698 -4.150000 -1.625572
v 1.034891 -4.199999 -1.643619
v 1.122469 -4.199999 -1.585101
v 1.133423 -4.150000 -1.511497
v 1.025853 -4.150000 -1.350507
v 0.959078 -4.200000 -1.340569
v 1.127851 -4.200000 -1.202330
v 1.124509 -4.150000 -1.269699
v 1.261446 -4.150000 -1.406636
v 1.335847 -4.200000 -1.410327
v 1.773870 -4.200000 0.791764
v 1.703720 -4.150000 0.816827
v 1.524803 -4.150000 0.742717
v 1.502110 -4.200000 0.679197
v 1.399086 -4.200000 0.871500
v 1.464581 -4.150000 0.855127
v 1.625571 -4.150000 0.962698
v 1.643618 -4.200000 1.034891
v 1.585100 -4.200000 1.122468
v 1.511496 -4.150000 1.133422
v 1.350506 -4.150000 1.025852
v 1.340568 -4.200000 0.959077
v 1.202330 -4.200000 1.127850
v 1.269699 -4.150000 1.124508
v 1.406635 -4.150000 1.261445
v 1.410326 -4.200000 1.335847
v -0.666559 -4.539955 0.997575
v -0.848528 -4.539955 0.848527
v -0.792617 -4.539955 0.780267
v -0.617305 -4.539955 0.923862
v -1.108655 -4.539955 -0.459221
v -1.030879 -4.539955 -0.417553
v -1.030879 -6.900000 -0.417553
v -1.108655 -6.900000 -0.459221
v 0.459220 -4.539955 -1.108656
v 0.417552 -4.539955 -1.030879
v 0.417552 -6.900000 -1.030880
v 0.459220 -6.900000 -1.108657
v 1.108655 -4.539955 0.459219
v 1.030879 -4.539955 0.417551
v 1.030879 -6.900000 0.417551
v 1.108655 -6.900000 0.459219
v -0.000000 -3.500000 1.599989
v -0.312086 -3.500000 1.568961
v -0.288421 -3.500000 1.671806
v -0.000000 -3.500001 1.700482
v 0.000000 -3.500000 -1.599990
v 0.312086 -3.500000 -1.568962
v 0.288421 -3.500000 -1.671808
v 0.000000 -3.500000 -1.700483
v -0.312086 -3.700000 -1.568962
v -0.331687 -3.700000 -1.667506
v 0.000000 -3.700000 -1.700481
v 0.000000 -3.700000 -1.599988
v -0.612289 -3.700000 -1.478196
v -0.650746 -3.700000 -1.571040
v -1.599990 -3.500000 -0.000001
v -1.568961 -3.500000 -0.312086
v -1.671807 -3.500000 -0.288421
v -1.700483 -3.500000 -0.000001
v 0.312086 -3.700000 -1.568962
v 0.288421 -3.700000 -1.671808
v 0.888745 -3.500000 1.330100
v 0.612290 -3.500000 1.478197
v 0.650747 -3.500001 1.571041
v 0.906239 -3.500000 1.434174
v -0.888745 -3.500000 -1.330102
v -0.612290 -3.500000 -1.478198
v -0.650747 -3.500000 -1.571042
v -0.906239 -3.500000 -1.434175
v -0.888745 -3.700000 -1.330102
v -0.906239 -3.700000 -1.434175
v -1.330101 -3.500000 0.888744
v -1.478198 -3.500000 0.612289
v -1.571041 -3.500000 0.650746
v -1.434174 -3.500000 0.906238
v 0.331687 -3.500001 1.667505
v 0.312086 -3.500000 1.568961
v 1.009668 -3.500000 1.349457
v -1.667505 -3.500000 0.331687
v -1.568961 -3.500000 0.312085
v -1.349457 -3.500000 1.009668
v 1.700481 -3.700001 -0.000001
v 1.667505 -3.700001 -0.331688
v 1.667505 -3.500000 -0.331688
v 1.700483 -3.500000 -0.000001
v 1.671807 -3.500000 0.288420
v 1.671807 -3.700000 0.288420
v 1.571039 -3.700001 -0.650746
v 1.571041 -3.500000 -0.650747
v 1.434174 -3.700000 -0.906239
v 1.434174 -3.500000 -0.906239
v 1.633119 -3.500000 0.416396
v 1.633119 -3.700000 0.416396
v 1.349457 -3.700000 -1.009669
v 1.349457 -3.500000 -1.009669
v -0.331687 -3.500000 -1.667506
v -0.312086 -3.500000 -1.568962
v 0.416397 -3.700000 -1.633120
v -1.009668 -3.500000 -1.349458
v 0.416397 -3.500000 -1.633120
v -1.009668 -3.700000 -1.349458
v -1.633119 -3.500000 -0.416397
v -0.416397 -3.500000 1.633119
v -0.388826 -7.300000 0.581918
v -0.388826 -10.300000 0.581918
v -0.267878 -10.300000 0.646714
v -0.267878 -7.300000 0.646714
v -0.494975 -7.300000 0.494974
v -0.581919 -7.300000 0.388825
v -0.581919 -10.300000 0.388824
v -0.494975 -10.300000 0.494973
v -0.646716 -7.300000 0.267877
v -0.646716 -10.300000 0.267877
v -0.581919 -7.300000 -0.388827
v -0.581919 -10.300000 -0.388828
v -0.646716 -10.300000 -0.267880
v -0.646716 -7.300000 -0.267880
v -0.494975 -7.300000 -0.494976
v -0.388826 -7.300000 -0.581920
v -0.388826 -10.300000 -0.581921
v -0.494975 -10.300000 -0.494976
v -0.267878 -7.300000 -0.646717
v -0.267878 -10.300000 -0.646717
v 0.388826 -7.300000 -0.581920
v 0.388826 -10.300000 -0.581921
v 0.267878 -10.300000 -0.646717
v 0.267878 -7.300000 -0.646717
v 0.494975 -7.300000 -0.494976
v 0.581919 -7.300000 -0.388827
v 0.581919 -10.300000 -0.388828
v 0.494975 -10.300000 -0.494976
v 0.646716 -7.300000 -0.267880
v 0.646716 -10.300000 -0.267880
v 0.581919 -7.300000 0.388825
v 0.581919 -10.300000 0.388824
v 0.646716 -10.300000 0.267877
v 0.646716 -7.300000 0.267877
v 0.494975 -7.300000 0.494974
v 0.388826 -7.300000 0.581918
v 0.388826 -10.300000 0.581918
v 0.494975 -10.300000 0.494973
v 0.267878 -7.300000 0.646714
v 0.267878 -10.300000 0.646714
v -0.000000 -11.100000 0.699998
v -0.000000 -10.700000 0.699998
v -0.136538 -10.700000 0.686419
v -0.136538 -11.100000 0.686419
v -0.267878 -10.700000 0.646714
v -0.267878 -11.100000 0.646714
v -0.388826 -10.700000 0.581917
v -0.388826 -11.100000 0.581917
v -0.494975 -10.700000 0.494973
v -0.494975 -11.100000 0.494973
v -0.581919 -10.700000 0.388824
v -0.581919 -11.100000 0.388824
v -0.646716 -10.700000 0.267877
v -0.646716 -11.100000 0.267877
v -0.686421 -10.700000 0.136536
v -0.686421 -11.100000 0.136536
v -0.700000 -10.700000 -0.000002
v -0.700000 -11.100000 -0.000002
v -0.686421 -10.700000 -0.136539
v -0.686421 -11.100000 -0.136539
v -0.646716 -10.700000 -0.267880
v -0.646716 -11.100000 -0.267880
v -0.581919 -10.700000 -0.388828
v -0.581919 -11.100000 -0.388828
v -0.494975 -10.700000 -0.494976
v -0.494975 -11.100000 -0.494977
v -0.388826 -10.700000 -0.581921
v -0.388826 -11.100000 -0.581921
v -0.267878 -10.700000 -0.646717
v -0.267878 -11.100000 -0.646717
v -0.136538 -10.700000 -0.686422
v -0.136538 -11.100000 -0.686422
v 0.000000 -10.700000 -0.700002
v 0.000000 -11.100000 -0.700002
v 0.136538 -10.700000 -0.686422
v 0.136538 -11.100000 -0.686422
v 0.267878 -10.700000 -0.646717
v 0.267878 -11.100000 -0.646717
v 0.388826 -10.700000 -0.581921
v 0.388826 -11.100000 -0.581921
v 0.494975 -10.700000 -0.494976
v 0.494975 -11.100000 -0.494977
v 0.581919 -10.700000 -0.388828
v 0.581919 -11.100000 -0.388828
v 0.646716 -10.700000 -0.267880
v 0.646716 -11.100000 -0.267880
v 0.686421 -10.700000 -0.136539
v 0.686421 -11.100000 -0.136539
v 0.700000 -10.700000 -0.000002
v 0.700000 -11.100000 -0.000002
v 0.686421 -10.700000 0.136536
v 0.686421 -11.100000 0.136536
v 0.646716 -10.700000 0.267877
v 0.646716 -11.100000 0.267877
v 0.581919 -10.700000 0.388824
v 0.581919 -11.100000 0.388824
v 0.494975 -10.700000 0.494973
v 0.494975 -11.100000 0.494973
v 0.388826 -10.700000 0.581917
v 0.388826 -11.100000 0.581917
v 0.267878 -10.700000 0.646714
v 0.267878 -11.100000 0.646714
v 0.136538 -10.700000 0.686419
v 0.136538 -11.100000 0.686419
v -0.000000 -11.300000 0.559307
v 0.000000 -11.300000 -0.000002
v 0.109095 -11.300000 0.548457
v -0.109095 -11.300000 0.548457
v -0.214038 -11.300000 0.516733
v -0.310677 -11.300000 0.464959
v -0.395491 -11.300000 0.395490
v -0.464961 -11.300000 0.310675
v -0.516734 -11.300000 0.214037
v -0.548459 -11.300000 0.109093
v -0.559309 -11.300000 -0.000002
v -0.548459 -11.300000 -0.109097
v -0.516734 -11.300000 -0.214040
v -0.464961 -11.300000 -0.310679
v -0.395491 -11.300000 -0.395493
v -0.310677 -11.300000 -0.464963
v -0.214038 -11.300000 -0.516736
v -0.109095 -11.300000 -0.548461
v 0.000000 -11.300000 -0.559311
v 0.109095 -11.300000 -0.548461
v 0.214038 -11.300000 -0.516736
v 0.310677 -11.300000 -0.464963
v 0.395491 -11.300000 -0.395493
v 0.464961 -11.300000 -0.310679
v 0.516734 -11.300000 -0.214040
v 0.548459 -11.300000 -0.109097
v 0.559309 -11.300000 -0.000002
v 0.548459 -11.300000 0.109093
v 0.516734 -11.300000 0.214037
v 0.464961 -11.300000 0.310675
v 0.395491 -11.300000 0.395490
v 0.310677 -11.300000 0.464959
v 0.214038 -11.300000 0.516733
v -0.417552 -4.539955 1.030878
v -0.459220 -4.539955 1.108655
v 0.950000 -6.900000 -0.000001
v 1.195150 -6.900000 0.048762
v 1.176721 -7.086215 0.234063
v 0.931571 -7.086215 0.185300
v -0.686421 -7.300000 0.136536
v -0.686421 -10.300000 0.136536
v -0.700000 -7.300000 -0.000001
v -0.700000 -10.300000 -0.000002
v -0.686421 -7.300000 -0.136539
v -0.686421 -10.300000 -0.136539
v -0.931571 -7.300000 -0.185302
v -0.931571 -7.086215 -0.185302
v -1.176721 -7.086215 -0.234065
v -1.176721 -7.300000 -0.234066
v -0.000000 -7.300000 0.699999
v -0.136538 -7.300000 0.686419
v -0.136538 -10.300000 0.686419
v -0.000000 -10.300000 0.699998
v 0.136538 -7.300000 0.686419
v 0.136538 -10.300000 0.686419
v -0.185301 -7.300000 0.931570
v -0.185301 -7.086215 0.931570
v -0.234064 -7.086215 1.176720
v -0.234064 -7.300000 1.176720
v 0.686421 -7.300000 -0.136539
v 0.686421 -10.300000 -0.136539
v 0.700000 -7.300000 -0.000001
v 0.700000 -10.300000 -0.000002
v 0.686421 -7.300000 0.136536
v 0.686421 -10.300000 0.136536
v -0.136538 -7.300000 -0.686422
v -0.136538 -10.300000 -0.686422
v 0.000000 -7.300000 -0.700001
v 0.000000 -10.300000 -0.700002
v 0.136538 -7.300000 -0.686422
v 0.136538 -10.300000 -0.686422
v 0.185301 -7.300000 -0.931572
v 0.185301 -7.086215 -0.931572
v 0.234064 -7.086215 -1.176722
v 0.234064 -7.300000 -1.176722
v -0.997576 -7.086215 0.666558
v -0.789747 -7.086215 0.527691
v -0.789747 -7.300000 0.527691
v -0.997576 -7.300000 0.666558
v -0.666559 -7.086215 -0.997577
v -0.527692 -7.086215 -0.789749
v -0.527692 -7.300000 -0.789749
v -0.666559 -7.300000 -0.997577
v 0.666559 -7.086215 0.997575
v 0.502416 -6.900000 1.085513
v 0.363549 -6.900000 0.877684
v 0.527692 -7.086215 0.789746
v 0.789747 -7.086215 -0.527694
v 0.997576 -7.086215 -0.666560
v 1.085514 -6.900000 -0.502417
v 0.877686 -6.900000 -0.363550
v -1.706632 7.400000 -1.140334
v -1.140335 7.400000 1.706633
v -2.390775 6.946918 1.714119
v -1.714118 6.946918 -2.390774
v 2.085769 6.946918 -2.085768
v 1.714118 6.946918 -2.390774
v 1.491890 7.346918 -2.058186
v 1.802926 7.346918 -1.802925
v 2.058187 7.346918 -1.491889
v 2.390775 6.946918 -1.714117
v 1.714118 6.946918 2.390776
v 1.642039 7.400000 0.000001
v 1.592039 7.350000 0.000001
v 1.561448 7.350000 0.310593
v 1.610488 7.400000 0.320347
v 1.610488 7.400000 -0.320345
v 1.561448 7.350000 -0.310590
v 1.517046 7.400000 -0.628380
v 1.470852 7.350000 -0.609246
v 1.365305 7.400000 -0.912267
v 1.323732 7.350000 -0.884488
v 1.161097 7.400000 -1.161096
v 1.125741 7.350000 -1.125740
v 0.912268 7.400000 -1.365304
v 0.884489 7.350000 -1.323731
v 0.628381 7.400001 -1.517045
v 0.609247 7.350000 -1.470851
v 0.320346 7.400001 -1.610486
v 0.310591 7.350000 -1.561447
v -0.000000 7.400001 -1.642038
v -0.000000 7.350000 -1.592038
v -0.320346 7.400001 -1.610486
v -0.310591 7.350000 -1.561447
v -0.628381 7.400001 -1.517045
v -0.609247 7.350000 -1.470851
v -0.912268 7.400000 -1.365304
v -0.884489 7.350000 -1.323731
v -1.161097 7.400000 -1.161096
v -1.125741 7.350000 -1.125740
v -1.365305 7.400000 -0.912267
v -1.323732 7.350000 -0.884488
v -1.517046 7.400000 -0.628380
v -1.470852 7.350000 -0.609246
v -1.610488 7.400000 -0.320345
v -1.561448 7.350000 -0.310590
v -1.642039 7.400000 0.000001
v -1.592039 7.350000 0.000001
v -1.610488 7.400000 0.320347
v -1.561448 7.350000 0.310593
v -1.517046 7.400000 0.628382
v -1.470852 7.350000 0.609248
v -1.365305 7.400000 0.912269
v -1.323732 7.350000 0.884491
v -1.161097 7.400000 1.161098
v -1.125741 7.350000 1.125743
v -0.912268 7.400000 1.365307
v -0.884489 7.350000 1.323733
v -0.628381 7.400000 1.517047
v -0.609247 7.349999 1.470853
v -0.320346 7.400000 1.610489
v -0.310591 7.349999 1.561450
v 0.000000 7.400000 1.642040
v 0.000000 7.349999 1.592040
v 0.320346 7.400000 1.610489
v 0.310591 7.349999 1.561450
v 0.628381 7.400000 1.517047
v 0.609247 7.349999 1.470853
v 0.912268 7.400000 1.365307
v 0.884489 7.350000 1.323733
v 1.161097 7.400000 1.161098
v 1.125741 7.350000 1.125743
v 1.365305 7.400000 0.912269
v 1.323732 7.350000 0.884491
v 1.517046 7.400000 0.628382
v 1.470852 7.350000 0.609248
v 1.313631 7.400000 0.000001
v 1.363631 7.350000 0.000001
v 1.337429 7.350000 -0.266030
v 1.288390 7.400000 -0.256276
v 1.259831 7.350000 -0.521838
v 1.213637 7.400000 -0.502704
v 1.133818 7.350000 -0.757592
v 1.092244 7.400000 -0.729813
v 0.964233 7.350000 -0.964232
v 0.928877 7.400000 -0.928876
v 0.757593 7.350000 -1.133817
v 0.729814 7.400000 -1.092243
v 0.521839 7.350000 -1.259830
v 0.502705 7.400000 -1.213636
v 0.266031 7.350000 -1.337428
v 0.256277 7.400000 -1.288389
v 0.000000 7.350000 -1.363630
v 0.000000 7.400000 -1.313630
v -0.266031 7.350000 -1.337428
v -0.256277 7.400000 -1.288389
v -0.521839 7.350000 -1.259830
v -0.502705 7.400000 -1.213636
v -0.757593 7.350000 -1.133817
v -0.729814 7.400000 -1.092243
v -0.964233 7.350000 -0.964232
v -0.928877 7.400000 -0.928876
v -1.133818 7.350000 -0.757592
v -1.092244 7.400000 -0.729813
v -1.259831 7.350000 -0.521838
v -1.213637 7.400000 -0.502704
v -1.337429 7.350000 -0.266030
v -1.288390 7.400000 -0.256276
v -1.363631 7.350000 0.000001
v -1.313631 7.400000 0.000001
v -1.337429 7.350000 0.266032
v -1.288390 7.400000 0.256278
v -1.259831 7.350000 0.521840
v -1.213637 7.400000 0.502706
v -1.133818 7.350000 0.757594
v -1.092244 7.400000 0.729816
v -0.964233 7.350000 0.964234
v -0.928877 7.400000 0.928879
v -0.757593 7.350000 1.133819
v -0.729814 7.400000 1.092246
v -0.521839 7.350000 1.259832
v -0.502705 7.400000 1.213638
v -0.266031 7.350000 1.337430
v -0.256277 7.400000 1.288391
v 0.000000 7.350000 1.363632
v 0.000000 7.400000 1.313632
v 0.266031 7.350000 1.337430
v 0.256277 7.400000 1.288391
v 0.521839 7.350000 1.259832
v 0.502705 7.400000 1.213638
v 0.757593 7.350000 1.133819
v 0.729814 7.400000 1.092246
v 0.964233 7.350000 0.964234
v 0.928877 7.400000 0.928879
v 1.133818 7.350000 0.757594
v 1.092244 7.400000 0.729816
v 1.259831 7.350000 0.521840
v 1.213637 7.400000 0.502706
v 1.337429 7.350000 0.266032
v 1.288390 7.400000 0.256278
v 5.877321 2.799999 5.213992
v 5.729187 2.899999 5.220705
v 4.694557 2.899999 4.358360
v 4.688426 2.799999 4.223070
v 4.223069 2.799999 4.688426
v 4.358360 2.899999 4.694558
v 5.220705 2.899999 5.729187
v 5.213992 2.799999 5.877321
v 3.434628 2.799999 7.066254
v 3.295201 2.899999 7.015768
v 2.669333 2.899999 5.823129
v 2.715442 2.799999 5.695791
v 2.107424 2.799999 5.947640
v 2.230070 2.899999 6.005078
v 2.630837 2.899999 7.290956
v 2.567947 2.799999 7.425245
v -0.469045 2.799999 7.842743
v -0.359551 2.899999 7.742743
v 0.359551 2.899999 7.742743
v 0.469045 2.799999 7.842743
v 0.329057 2.799999 6.301379
v 0.237728 2.899999 6.401380
v -0.237728 2.899999 6.401380
v -0.329057 2.799999 6.301379
v -2.567947 2.799999 7.425245
v -2.630837 2.899999 7.290956
v -2.230070 2.899999 6.005078
v -2.107424 2.799999 5.947640
v -2.715442 2.799999 5.695791
v -2.669333 2.899999 5.823129
v -3.295201 2.899999 7.015768
v -3.434628 2.799999 7.066254
v -5.213992 2.799999 5.877321
v -5.220705 2.899999 5.729187
v -4.358360 2.899999 4.694558
v -4.223069 2.799999 4.688426
v -4.688426 2.799999 4.223070
v -4.694557 2.899999 4.358360
v -5.729187 2.899999 5.220705
v -5.877321 2.799999 5.213992
v -7.425245 2.799999 2.567947
v -7.290956 2.900000 2.630838
v -7.015767 2.900000 3.295202
v -7.066254 2.799999 3.434629
v -5.695790 2.799999 2.715443
v -5.823129 2.900000 2.669334
v -6.005077 2.900000 2.230071
v -5.947639 2.800000 2.107425
v -7.842742 2.800000 -0.469044
v -7.742743 2.900000 -0.359551
v -7.742743 2.900000 0.359551
v -7.842742 2.800000 0.469045
v -6.301379 2.800000 0.329057
v -6.401379 2.900000 0.237728
v -6.401379 2.900000 -0.237727
v -6.301379 2.800000 -0.329057
v -5.877321 2.800001 -5.213991
v -5.729187 2.900001 -5.220704
v -4.694557 2.900001 -4.358359
v -4.688426 2.800001 -4.223069
v -4.223069 2.800001 -4.688426
v -4.358360 2.900001 -4.694557
v -5.220705 2.900001 -5.729186
v -5.213992 2.800001 -5.877320
v -3.434628 2.800001 -7.066253
v -3.295201 2.900001 -7.015767
v -2.669333 2.900001 -5.823128
v -2.715442 2.800001 -5.695790
v -2.107424 2.800001 -5.947639
v -2.230070 2.900001 -6.005077
v -2.630837 2.900001 -7.290955
v -2.567947 2.800001 -7.425244
v 2.567947 2.800001 -7.425244
v 2.630837 2.900001 -7.290955
v 2.230070 2.900001 -6.005077
v 2.107424 2.800001 -5.947639
v 2.715442 2.800001 -5.695790
v 2.669333 2.900001 -5.823128
v 3.295201 2.900001 -7.015767
v 3.434628 2.800001 -7.066253
v 5.877321 2.800001 -5.213991
v 5.729187 2.900001 -5.220704
v 5.220705 2.900001 -5.729186
v 5.213992 2.800001 -5.877320
v 4.223069 2.800001 -4.688426
v 4.358360 2.900001 -4.694557
v 4.694557 2.900001 -4.358359
v 4.688426 2.800001 -4.223069
v 7.842742 2.800000 -0.469044
v 7.742743 2.900000 -0.359551
v 6.401379 2.900000 -0.237727
v 6.301379 2.800000 -0.329057
v 6.301379 2.800000 0.329057
v 6.401379 2.900000 0.237728
v 7.742743 2.900000 0.359551
v 7.842742 2.800000 0.469045
v 7.066254 2.799999 3.434629
v 7.015767 2.900000 3.295202
v 7.290956 2.900000 2.630838
v 7.425245 2.799999 2.567947
v 5.947639 2.800000 2.107425
v 6.005077 2.900000 2.230071
v 5.823129 2.900000 2.669334
v 5.695790 2.799999 2.715443
v 0.359551 2.900001 -7.742742
v 0.237728 2.900001 -6.401379
v -0.237728 2.900001 -6.401379
v -0.359551 2.900001 -7.742742
v -7.015767 2.900001 -3.295201
v -5.823129 2.900001 -2.669333
v -6.005077 2.900001 -2.230070
v -7.290956 2.900001 -2.630837
v 7.290956 2.900001 -2.630837
v 6.005077 2.900001 -2.230070
v 5.823129 2.900001 -2.669333
v 7.015767 2.900001 -3.295201
v 0.175741 -10.700000 0.883506
v 0.344793 -10.700000 0.832401
v 0.344793 -10.300000 0.832402
v 0.175741 -10.300000 0.883507
v -0.000000 -10.300000 0.900985
v -0.000000 -10.700000 0.900985
v 0.500467 -10.700000 0.749000
v 0.500467 -10.300000 0.749000
v 0.637094 -10.700000 0.637092
v 0.637094 -10.300000 0.637092
v 0.749002 -10.700000 0.500465
v 0.749002 -10.300000 0.500466
v 0.832403 -10.700000 0.344791
v 0.832403 -10.300000 0.344791
v 0.883508 -10.700000 0.175739
v 0.883508 -10.300000 0.175739
v 0.900987 -10.700000 -0.000002
v 0.900987 -10.300000 -0.000002
v 0.883508 -10.700000 -0.175742
v 0.883508 -10.300000 -0.175742
v 0.832403 -10.700000 -0.344794
v 0.832403 -10.300000 -0.344794
v 0.749002 -10.700000 -0.500469
v 0.749002 -10.300000 -0.500469
v 0.637094 -10.700000 -0.637096
v 0.637094 -10.300000 -0.637096
v 0.500467 -10.700000 -0.749004
v 0.500467 -10.300000 -0.749004
v 0.344793 -10.700000 -0.832405
v 0.344793 -10.300000 -0.832405
v 0.175741 -10.700000 -0.883510
v 0.175741 -10.300000 -0.883510
v 0.000000 -10.700000 -0.900988
v 0.000000 -10.300000 -0.900988
v -0.175741 -10.700000 -0.883510
v -0.175741 -10.300000 -0.883510
v -0.344793 -10.700000 -0.832405
v -0.344793 -10.300000 -0.832405
v -0.500467 -10.700000 -0.749004
v -0.500467 -10.300000 -0.749004
v -0.637094 -10.700000 -0.637096
v -0.637094 -10.300000 -0.637096
v -0.749002 -10.700000 -0.500469
v -0.749002 -10.300000 -0.500469
v -0.832403 -10.700000 -0.344794
v -0.832403 -10.300000 -0.344794
v -0.883508 -10.700000 -0.175742
v -0.883508 -10.300000 -0.175742
v -0.900987 -10.700000 -0.000002
v -0.900987 -10.300000 -0.000002
v -0.883508 -10.700000 0.175739
v -0.883508 -10.300000 0.175739
v -0.832403 -10.700000 0.344791
v -0.832403 -10.300000 0.344791
v -0.749002 -10.700000 0.500465
v -0.749002 -10.300000 0.500466
v -0.637094 -10.700000 0.637092
v -0.637094 -10.300000 0.637092
v -0.500467 -10.700000 0.749000
v -0.500467 -10.300000 0.749000
v -0.344793 -10.700000 0.832401
v -0.344793 -10.300000 0.832402
v -0.175741 -10.700000 0.883506
v -0.175741 -10.300000 0.883507
v 0.923863 -7.000000 0.617304
v 0.997576 -7.000000 0.666558
v 1.061432 -7.000000 0.547366
v 0.983655 -7.000000 0.505698
v 0.780268 -7.300000 0.792616
v 0.780268 -7.400000 0.792616
v 0.848528 -7.400000 0.848527
v 0.848528 -7.300000 0.848527
v 1.108655 -7.300000 0.459219
v 1.108655 -7.400000 0.459219
v 1.030879 -7.400000 0.417551
v 1.030879 -7.300000 0.417551
v 0.617305 -7.000000 -0.923864
v 0.666559 -7.000000 -0.997577
v 0.547367 -7.000000 -1.061433
v 0.505699 -7.000000 -0.983656
v 0.459220 -7.300000 -1.108657
v 0.459220 -7.400000 -1.108657
v 0.417552 -7.400000 -1.030880
v 0.417552 -7.300000 -1.030880
v 0.792617 -7.300000 -0.780269
v 0.792617 -7.400000 -0.780269
v 0.848528 -7.400000 -0.848529
v 0.848528 -7.300000 -0.848529
v -0.923863 -7.000000 -0.617306
v -0.997576 -7.000000 -0.666560
v -1.061432 -7.000000 -0.547368
v -0.983655 -7.000000 -0.505700
v -1.108655 -7.300000 -0.459221
v -1.108655 -7.400000 -0.459221
v -1.030879 -7.400000 -0.417553
v -1.030879 -7.300000 -0.417553
v -0.780268 -7.300000 -0.792619
v -0.780268 -7.400000 -0.792619
v -0.848528 -7.400000 -0.848529
v -0.848528 -7.300000 -0.848529
v -0.666559 -7.400000 0.997575
v -0.848528 -7.400000 0.848527
v -0.792617 -7.400000 0.780267
v -0.617305 -7.400000 0.923862
v -0.417552 -7.400000 1.030877
v -0.459220 -7.400000 1.108654
v -0.848528 -6.900000 -0.848529
v -0.780268 -6.900000 -0.792619
v -0.780268 -4.539955 -0.792618
v -0.848528 -4.539955 -0.848529
v -0.843633 -7.000000 -0.715257
v -0.911894 -7.000000 -0.771168
v -0.848528 -6.900000 0.848527
v -0.771167 -7.000000 0.911892
v -0.715256 -7.000000 0.843632
v -0.792617 -6.900000 0.780267
v -0.417552 -6.900000 1.030878
v -0.505699 -7.000000 0.983654
v -0.547367 -7.000000 1.061430
v -0.459220 -6.900000 1.108654
v 0.848528 -6.900000 0.848527
v 0.780268 -6.900000 0.792616
v 0.780268 -4.539955 0.792617
v 0.848528 -4.539955 0.848527
v 0.843633 -7.000000 0.715255
v 0.911894 -7.000000 0.771165
v 0.848528 -6.900000 -0.848529
v 0.792617 -6.900000 -0.780269
v 0.792617 -4.539955 -0.780269
v 0.848528 -4.539955 -0.848529
v 0.715256 -7.000000 -0.843634
v 0.771167 -7.000000 -0.911895
v 1.362563 7.000000 -2.039218
v -2.265859 7.000000 -0.938549
v -1.896308 7.400000 -0.785475
v -2.405424 7.000000 -0.478467
v -2.013109 7.400000 -0.400431
v -2.452549 7.000000 0.000001
v -2.052549 7.400000 0.000001
v -2.405424 7.000000 0.478470
v -2.013109 7.400000 0.400434
v -2.265859 7.000000 0.938551
v -1.896308 7.400000 0.785478
v -0.938550 7.000000 2.265861
v -0.785476 7.400000 1.896309
v -0.478469 7.000000 2.405425
v -0.400432 7.400000 2.013111
v 0.000000 7.000000 2.452550
v 0.000000 7.400000 2.052550
v 0.478469 7.000000 2.405425
v 0.400432 7.400000 2.013111
v 0.938550 7.000000 2.265861
v 0.785476 7.400000 1.896309
v 8.500000 3.800000 0.837178
v 8.107686 3.800000 0.759141
v -4.026260 3.800001 -7.532602
v -4.026260 3.200001 -7.532602
v 4.026260 3.800001 -7.532602
v 6.484796 5.945498 -0.638696
v 6.547702 5.945498 0.000001
v 5.655513 6.242465 0.557020
v 5.710375 6.242465 0.000001
v 6.484796 5.945498 0.638698
v 5.655513 6.242465 -0.557018
v 0.557019 6.242465 5.655514
v 0.597439 6.104015 6.065905
v -0.638697 5.945498 6.484797
v -0.597439 6.104015 6.065905
v 0.638697 5.945498 6.484797
v -0.557019 6.242465 5.655514
v -5.655513 6.242465 0.557020
v -6.065904 6.104016 0.597440
v -6.484796 5.945498 -0.638696
v -6.065904 6.104016 -0.597438
v -6.484796 5.945498 0.638698
v -5.655513 6.242465 -0.557018
v -0.000000 5.945499 -6.547701
v -0.000000 6.242466 -5.710374
v -0.759141 3.800001 -8.107685
v -0.759141 2.800001 -8.107686
v -7.781035 3.800000 -2.401322
v -7.781035 2.800000 -2.401322
v -6.269794 3.799999 5.196207
v -6.269794 2.799999 5.196207
v 8.500000 3.800000 -0.837176
v 6.269794 2.799999 5.196207
v 6.269794 3.799999 5.196207
v 2.479358 3.800001 -8.173348
v 1.662626 -2.200000 -1.110932
v 1.414214 -2.200000 -1.414214
v 1.847759 -2.200000 -0.765367
v 1.961201 -2.200000 -0.390108
v 2.000000 -2.200000 -0.000000
v 1.961201 -2.200000 0.390107
v 1.847759 -2.200000 0.765366
v -0.888745 -4.200000 -1.330102
v -0.612285 -4.199999 -1.478187
v 0.312086 -4.199999 -1.568962
v 0.000000 -4.199999 -1.599978
v -0.312086 -4.199999 -1.568962
v 1.108655 -6.900000 -0.459221
v 1.176721 -6.900000 -0.234065
v 0.931571 -6.900000 -0.185302
v 1.200000 -6.900000 -0.000001
v -0.997576 -4.539955 -0.666560
v -0.923863 -4.539955 -0.617306
v 0.666559 -4.539955 -0.997576
v 0.617305 -4.539955 -0.923863
v 0.997576 -4.539955 0.666558
v 0.923863 -4.539955 0.617305
v 0.331687 -3.700001 1.667505
v -0.000000 -3.700001 1.700480
v 0.650746 -3.700001 1.571039
v -0.288421 -3.700001 1.671806
v 0.906239 -3.700001 1.434174
v -0.416397 -3.700000 1.633119
v -1.700481 -3.700001 -0.000001
v -1.667505 -3.700001 0.331687
v -1.671807 -3.700000 -0.288421
v -1.571039 -3.700001 0.650745
v -1.434174 -3.700001 0.906238
v -1.633119 -3.700000 -0.416397
v -1.349457 -3.700000 1.009668
v 1.009668 -3.700000 1.349457
v 0.185301 -6.900000 0.931570
v -0.000000 -6.900000 0.949999
v -0.000000 -7.300000 0.949999
v 0.185301 -7.300000 0.931570
v 0.363549 -7.300000 0.877684
v 0.527692 -7.300000 0.789746
v 0.931571 -7.300000 0.185300
v 1.176721 -7.300000 0.234063
v 0.789747 -7.300000 -0.527694
v 0.997576 -7.300000 -0.666560
v 1.140335 7.400001 -1.706631
v -2.085769 6.946918 2.085770
v -1.802926 7.346917 1.802927
v -2.085769 6.946918 -2.085768
v -1.802926 7.346918 -1.802925
v 2.085769 6.946918 2.085770
v 2.390775 6.946918 1.714119
v 2.058187 7.346917 1.491891
v 1.802926 7.346917 1.802927
v -0.000000 7.400000 0.000001
v -7.425245 2.800000 -2.567946
v -5.947639 2.800000 -2.107424
v -5.695790 2.800000 -2.715442
v -7.066254 2.800000 -3.434628
v 0.469045 2.800001 -7.842742
v -0.469045 2.800001 -7.842742
v -0.329057 2.800001 -6.301378
v 0.329057 2.800001 -6.301378
v 7.425245 2.800000 -2.567946
v 7.066254 2.800000 -3.434628
v 5.695790 2.800000 -2.715442
v 5.947639 2.800000 -2.107424
v 0.923863 -7.300000 0.617304
v 0.923863 -7.400000 0.617304
v 0.617305 -7.300000 -0.923864
v 0.617305 -7.400000 -0.923864
v -0.923863 -7.300000 -0.617307
v -0.923863 -7.400000 -0.617307
v -0.617305 -7.000000 0.923862
v -0.666559 -7.000000 0.997575
v -0.617305 -7.300000 0.923862
v -0.792617 -7.300000 0.780267
v -0.417552 -7.300000 1.030877
v 0.938550 7.000000 -2.265858
v 0.785476 7.400001 -1.896306
v 0.478469 7.000000 -2.405422
v 0.400432 7.400001 -2.013108
v -0.000000 7.000000 -2.452547
v -0.000000 7.400001 -2.052547
v -0.478469 7.000000 -2.405422
v -0.400432 7.400001 -2.013108
v -0.938550 7.000000 -2.265858
v -0.785476 7.400001 -1.896306
v 6.065904 6.104016 0.597440
v 6.065904 6.104016 -0.597438
v 0.000000 5.945498 6.547703
v 0.000000 6.242465 5.710376
v -6.547702 5.945498 0.000001
v -5.710375 6.242465 0.000001
v -0.765367 -4.200000 1.847758
v -1.414214 -4.200000 1.414213
v -1.847759 -4.200000 -0.765368
v 0.765367 -4.199999 -1.847760
v 1.414214 -4.200000 1.414213
v -0.612285 -4.200000 1.478186
v -0.234064 -4.539955 1.176720
v -0.888745 -4.200000 1.330100
v -1.131355 -4.200000 1.131354
v -1.478186 -4.200000 -0.612285
v -1.176721 -4.539955 -0.234065
v -1.330101 -4.200000 -0.888746
v -1.131355 -4.200000 -1.131356
v 0.612285 -4.199999 -1.478187
v 0.234064 -4.539955 -1.176722
v 0.888745 -4.200000 -1.330102
v 1.131355 -4.200000 -1.131356
v 1.478186 -4.200000 0.612284
v 1.176721 -4.539955 0.234064
v 1.330101 -4.200000 0.888744
v 1.131355 -4.200000 1.131354
v -1.414214 -4.200000 -1.414214
v 1.414214 -4.200000 -1.414214
v 1.847759 -4.200000 0.765366
v 0.666559 -4.539955 0.997575
v -0.000000 -4.539955 1.199999
v -0.997576 -4.539955 0.666558
v -1.200000 -4.539955 -0.000001
v -0.666559 -4.539955 -0.997576
v 0.000000 -4.539955 -1.200001
v 0.997576 -4.539955 -0.666560
v 1.200000 -4.539955 -0.000001
v -1.108655 -4.539955 0.459219
v -1.176721 -4.539955 0.234064
v -0.459220 -4.539955 -1.108656
v -0.234064 -4.539955 -1.176722
v 1.108655 -4.539955 -0.459221
v 1.176721 -4.539955 -0.234065
v 0.459220 -4.539955 1.108655
v 0.234064 -4.539955 1.176720
v 0.950000 -7.300000 -0.000001
v 0.000000 -7.300000 -0.950001
v -0.950000 -7.300000 -0.000001
v -0.931571 -7.300000 0.185300
v -0.877686 -7.300000 0.363548
v 0.931571 -7.300000 -0.185302
v 0.877686 -7.300000 -0.363550
v -0.185301 -7.300000 -0.931572
v -0.363549 -7.300000 -0.877687
v 0.666559 -7.300000 0.997575
v -0.048763 -6.900000 1.195149
v 0.997576 -7.400000 0.666558
v 0.666559 -7.400000 -0.997577
v -0.997576 -7.400000 -0.666560
v -0.848528 -7.300000 0.848527
v -0.459220 -7.300000 1.108654
v 7.794868 5.460000 0.000001
v 7.645092 5.460000 1.520704
v 7.201519 5.460000 2.982968
v 6.481196 5.460000 4.330598
v 5.511804 5.459999 5.511805
v 4.330597 5.459999 6.481197
v 2.982967 5.459999 7.201520
v 1.520703 5.459999 7.645093
v 0.000000 5.459999 7.794869
v -1.520703 5.459999 7.645093
v -2.982967 5.459999 7.201520
v -4.330597 5.459999 6.481197
v -5.511804 5.459999 5.511805
v -6.481196 5.460000 4.330598
v -7.201519 5.460000 2.982968
v -7.645092 5.460000 1.520704
v -7.794868 5.460000 0.000001
v -7.645092 5.460001 -1.520703
v -7.201519 5.460001 -2.982966
v -6.481196 5.460001 -4.330596
v -5.511804 5.460001 -5.511803
v -4.330597 5.460001 -6.481195
v -2.982967 5.460001 -7.201519
v -1.520703 5.460001 -7.645091
v -0.000000 5.460001 -7.794868
v 1.520703 5.460001 -7.645091
v 2.982967 5.460001 -7.201519
v 4.330597 5.460001 -6.481195
v 5.511804 5.460001 -5.511803
v 6.481196 5.460001 -4.330596
v 7.201519 5.460001 -2.982966
v 7.645092 5.460001 -1.520703
v 6.836718 5.786981 -1.359907
v 6.970657 5.786981 0.000001
v 6.836718 5.786981 1.359909
v 5.296004 6.380915 0.000001
v 5.194242 6.380915 1.033200
v 5.194242 6.380915 -1.033198
v 4.409621 6.619085 -0.877127
v 4.496011 6.619085 0.000001
v 6.007061 6.104016 1.194880
v 4.409621 6.619085 0.877129
v 1.359908 5.786980 6.836719
v 1.194879 6.104015 6.007062
v 1.033199 6.380914 5.194243
v 0.000000 5.786980 6.970658
v -1.359908 5.786980 6.836719
v 0.000000 6.380914 5.296005
v -1.194879 6.104015 6.007062
v -1.033199 6.380914 5.194243
v -5.194242 6.380915 1.033200
v -6.007061 6.104016 1.194880
v -6.836718 5.786981 1.359909
v -6.970657 5.786981 0.000001
v -6.836718 5.786981 -1.359907
v -5.296004 6.380915 0.000001
v -5.194242 6.380915 -1.033198
v -6.007061 6.104016 -1.194878
v -1.033199 6.380916 -5.194242
v -1.194879 6.104017 -6.007060
v -1.359908 5.786982 -6.836717
v -0.000000 5.786982 -6.970656
v 1.359908 5.786982 -6.836717
v -0.000000 6.380916 -5.296003
v 1.033199 6.380916 -5.194242
v 1.194879 6.104017 -6.007060
v 6.007061 6.104016 -1.194878
v 3.751265 6.803713 0.000001
v 3.679186 6.803713 0.731837
v 3.058631 6.935290 0.000001
v 2.999860 6.935290 0.596710
v 3.679186 6.803713 -0.731834
v 2.999860 6.935290 -0.596708
v 2.543159 6.935290 -1.699283
v 2.825807 6.935290 -1.170486
v 2.162779 6.935290 -2.162777
v 1.699284 6.935290 -2.543158
v 1.170487 6.935290 -2.825805
v 0.877128 6.619086 -4.409620
v 0.731836 6.803713 -3.679184
v 0.596709 6.935290 -2.999859
v -0.000000 6.803713 -3.751264
v -0.000000 6.935290 -3.058630
v -0.000000 6.619086 -4.496010
v -0.877128 6.619086 -4.409620
v -0.731836 6.803713 -3.679184
v -0.596709 6.935290 -2.999859
v -1.170487 6.935290 -2.825805
v -1.699284 6.935290 -2.543158
v -2.162779 6.935290 -2.162777
v -2.543159 6.935290 -1.699283
v -2.825807 6.935290 -1.170486
v -4.409621 6.619085 -0.877127
v -3.679186 6.803713 -0.731834
v -2.999860 6.935290 -0.596708
v -4.496011 6.619085 0.000001
v -3.751265 6.803713 0.000001
v -3.058631 6.935290 0.000001
v -4.409621 6.619085 0.877129
v -3.679186 6.803713 0.731837
v -2.999860 6.935290 0.596710
v -2.825807 6.935290 1.170488
v -2.543159 6.935289 1.699285
v -2.162779 6.935289 2.162780
v -1.699284 6.935289 2.543160
v -1.170487 6.935289 2.825808
v -0.731836 6.803712 3.679187
v -0.596709 6.935289 2.999861
v -0.877128 6.619084 4.409622
v 0.000000 6.619084 4.496012
v 0.000000 6.803712 3.751266
v 0.000000 6.935289 3.058632
v 0.877128 6.619084 4.409622
v 0.731836 6.803712 3.679187
v 0.596709 6.935289 2.999861
v 1.170487 6.935289 2.825808
v 1.699284 6.935289 2.543160
v 2.162779 6.935289 2.162780
v 2.543159 6.935289 1.699285
v 2.825807 6.935290 1.170488
v -1.110931 -4.200000 1.662626
v -1.662626 -4.200000 -1.110932
v 1.110931 -4.199999 -1.662627
v 1.662626 -4.200000 1.110931
v -0.000000 -6.900000 1.199999
v 0.234064 -6.900000 1.176720
v 0.459220 -6.900000 1.108654
v 1.451371 7.400000 -1.451370
v -1.451371 7.400000 -1.451370
v -1.451371 7.400000 1.451372
v 1.451371 7.400000 1.451372
v -1.110931 -2.200000 1.662626
v -1.662626 -2.200000 -1.110932
v 1.110931 -2.200000 -1.662627
v 1.662626 -2.200000 1.110931
v 0.962906 7.400000 1.801471
v -2.152539 7.000000 -1.150555
v 1.150556 7.000000 2.152541
v -2.152539 7.000000 1.150558
v 2.152539 7.000000 1.150558
v -1.801470 7.400000 -0.962904
v 2.152539 7.000000 -1.150555
v -1.150556 7.000000 2.152541
v 1.801470 7.400000 -0.962904
v -1.801470 7.400000 0.962907
v 1.801470 7.400000 0.962907
v -0.962906 7.400001 -1.801468
v 0.962906 7.400001 -1.801468
v -1.150556 7.000000 -2.152538
v 1.150556 7.000000 -2.152538
v -0.962906 7.400000 1.801471
v 0.913038 7.066666 2.204269
v 0.810989 7.333333 1.957901
v 0.913038 7.066667 -2.204266
v 0.810989 7.333333 -1.957898
v 1.957900 7.333334 0.810990
v 2.204268 7.066667 0.913039
v 0.465463 7.066666 2.340039
v 0.413438 7.333333 2.078496
v 2.385882 7.066667 0.000001
v 2.119215 7.333333 0.000001
v -0.913038 7.066666 2.204269
v -0.810989 7.333333 1.957901
v 2.340038 7.066667 -0.465461
v 2.078495 7.333333 -0.413437
v -0.465463 7.066666 2.340039
v -0.413438 7.333333 2.078496
v 0.000000 7.066666 2.385883
v 0.000000 7.333333 2.119217
v -2.204268 7.066667 0.913039
v -1.957900 7.333333 0.810990
v 0.465463 7.066667 -2.340037
v 0.413438 7.333333 -2.078494
v -0.000000 7.066667 -2.385881
v -0.000000 7.333333 -2.119214
v -0.465463 7.066667 -2.340037
v -0.413438 7.333333 -2.078494
v 2.204268 7.066667 -0.913036
v 1.957900 7.333333 -0.810987
v -2.385882 7.066667 0.000001
v -2.119215 7.333333 0.000001
v -2.340038 7.066667 0.465464
v -2.078495 7.333333 0.413440
v -2.340038 7.066667 -0.465461
v -2.078495 7.333333 -0.413437
v -2.204268 7.066667 -0.913036
v -1.957900 7.333333 -0.810987
v 2.340038 7.066667 0.465464
v 2.078495 7.333333 0.413440
v -0.913038 7.066667 -2.204266
v -0.810989 7.333333 -1.957898
v -0.994181 7.333334 -1.859980
v -1.119281 7.066667 -2.094027
v 0.994181 7.333334 -1.859980
v 1.119281 7.066667 -2.094027
v 0.994181 7.333333 1.859982
v 1.119281 7.066666 2.094029
v -0.994181 7.333333 1.859982
v -1.119281 7.066666 2.094029
v -1.859981 7.333334 0.994182
v -2.094028 7.066667 1.119282
v -1.859981 7.333334 -0.994179
v -2.094028 7.066667 -1.119280
v 1.859981 7.333334 0.994182
v 2.094028 7.066667 1.119282
v 1.859981 7.333334 -0.994179
v 2.094028 7.066667 -1.119280
v 0.902188 7.066008 2.150536
v 0.821839 7.275970 1.956556
v 0.902188 7.066009 -2.150533
v 0.821839 7.275970 -1.956554
v 1.956555 7.275971 0.821840
v 2.150535 7.066008 0.902189
v 0.459931 7.066008 2.284693
v 0.418970 7.275970 2.078765
v 2.329991 7.066008 0.000001
v 2.120029 7.275970 0.000001
v -0.902188 7.066008 2.150536
v -0.821839 7.275970 1.956556
v 2.284692 7.066008 -0.459930
v 2.078764 7.275970 -0.418968
v -0.459931 7.066008 2.284693
v -0.418970 7.275970 2.078765
v -0.000000 7.066008 2.329992
v -0.000000 7.275970 2.120031
v -2.150535 7.066008 0.902189
v -1.956555 7.275970 0.821840
v 0.459931 7.066009 -2.284690
v 0.418970 7.275970 -2.078763
v 0.000000 7.066009 -2.329990
v 0.000000 7.275970 -2.120028
v -0.459931 7.066009 -2.284690
v -0.418970 7.275970 -2.078763
v 2.150535 7.066008 -0.902186
v 1.956555 7.275970 -0.821837
v -2.329991 7.066008 0.000001
v -2.120029 7.275970 0.000001
v -2.284692 7.066008 0.459932
v -2.078764 7.275970 0.418971
v -2.284692 7.066008 -0.459930
v -2.078764 7.275970 -0.418968
v -2.150535 7.066008 -0.902186
v -1.956555 7.275970 -0.821837
v 2.284692 7.066008 0.459932
v 2.078764 7.275970 0.418971
v -0.902188 7.066009 -2.150533
v -0.821839 7.275970 -1.956554
v -0.972205 7.275971 -1.876182
v -1.070703 7.066009 -2.060460
v 0.972205 7.275971 -1.876182
v 1.070703 7.066009 -2.060460
v 0.972205 7.275970 1.876184
v 1.070703 7.066008 2.060462
v -0.972205 7.275970 1.876184
v -1.070703 7.066008 2.060462
v -1.876183 7.275971 0.972206
v -2.060461 7.066008 1.070705
v -1.876183 7.275971 -0.972203
v -2.060461 7.066008 -1.070702
v 1.876183 7.275971 0.972206
v 2.060461 7.066008 1.070704
v 1.876183 7.275971 -0.972203
v 2.060461 7.066008 -1.070702
v 3.013280 2.799999 2.673380
v 2.673379 2.800000 -3.013280
v 3.623013 2.800000 1.760851
v 1.760850 2.800000 -3.623013
v -1.316748 2.799999 3.806967
v -4.021076 2.800000 -0.240346
v -0.240346 2.799999 4.021076
v -1.760850 2.799999 3.623013
v -3.623013 2.800000 -1.760850
v 3.806966 2.800000 1.316748
v 0.240346 2.799999 4.021076
v 3.623013 2.800000 -1.760850
v 4.021076 2.800000 0.240347
v 3.013280 2.800000 -2.673379
v -4.021076 2.800000 0.240347
v -2.673379 2.799999 3.013281
v -3.806966 2.800000 -1.316748
v -3.013280 2.800000 -2.673379
v -1.760850 2.800000 -3.623013
v -0.240346 2.800001 -4.021075
v 1.760850 2.799999 3.623013
v 1.316748 2.800001 -3.806966
v 4.021076 2.800000 -0.240346
v 3.806966 2.800000 -1.316748
v 0.240346 2.800001 -4.021075
v -3.623013 2.800000 1.760851
v 1.316748 2.799999 3.806967
v -3.013280 2.799999 2.673380
v -3.806966 2.800000 1.316748
v 2.673379 2.799999 3.013281
v -2.673379 2.800000 -3.013280
v -1.316748 2.800001 -3.806966
v -1.199871 2.799999 4.644201
v -0.543007 2.799999 4.215771
v 2.435508 2.800001 -4.132382
v 2.597036 2.800000 -3.364964
v 2.114979 2.800001 -3.687064
v -3.728776 2.800000 -0.428375
v -3.220527 2.800000 -0.308741
v -1.822709 2.799999 3.281008
v -2.058944 2.799999 2.495570
v -2.495570 2.800000 -2.058943
v -4.644200 2.800000 1.199872
v -4.215771 2.800000 0.543008
v -4.102664 2.800000 1.111633
v 0.947203 2.800000 -3.093529
v 0.308741 2.800000 -3.220527
v 2.857229 2.800000 1.517683
v 3.093529 2.800000 -0.947202
v 2.058944 2.800000 -2.495569
v 1.517682 2.800000 -2.857229
v 3.728776 2.800000 0.428376
v 3.608873 2.800000 1.031174
v 3.093529 2.800000 0.947203
v -0.308741 2.800000 -3.220527
v 2.333736 2.799999 2.939551
v 1.822709 2.799999 3.281008
v 1.517682 2.799999 2.857229
v 4.132382 2.800000 -2.435508
v 3.687064 2.800000 -2.114978
v 3.364964 2.800000 -2.597035
v -3.093529 2.800000 0.947203
v -2.333736 2.800000 -2.939550
v -1.822709 2.800000 -3.281008
v -2.058944 2.800000 -2.495569
v -1.031173 2.799999 3.608873
v -2.857229 2.800000 1.517683
v -2.495570 2.800000 2.058944
v -3.831511 2.799999 2.885795
v -4.132382 2.799999 2.435509
v -3.364964 2.799999 2.597036
v 3.281008 2.800000 -1.822708
v 2.857229 2.800000 -1.517682
v 2.495570 2.800000 -2.058943
v 0.668722 2.800001 -4.749852
v 0.543007 2.800001 -4.215770
v -2.885795 2.799999 3.831511
v -2.597036 2.799999 3.364964
v -4.749852 2.800000 -0.668722
v -4.644200 2.800000 -1.199871
v -4.102664 2.800000 -1.111632
v -4.215771 2.800000 -0.543007
v 2.114979 2.799999 3.687065
v 4.749852 2.800000 -0.668722
v -1.199871 2.800001 -4.644200
v -0.668722 2.800001 -4.749852
v 1.199871 2.799999 4.644201
v 0.543007 2.799999 4.215771
v 1.111632 2.799999 4.102664
v 4.132382 2.799999 2.435509
v 3.364964 2.799999 2.597036
v 4.749852 2.800000 0.668723
v 4.644200 2.800000 1.199872
v -3.831511 2.800000 -2.885794
v -3.364964 2.800000 -2.597035
v -0.706328 2.849999 4.691393
v -0.668722 2.799999 4.749853
v -1.142756 2.849999 4.604582
v -0.603539 2.849999 4.254710
v -1.111632 2.799999 4.102664
v -1.070609 2.849999 4.161804
v 2.447880 2.850001 -4.063981
v 2.885795 2.800001 -3.831510
v 2.817866 2.850001 -3.816764
v 2.185804 2.850001 -3.699874
v 2.581767 2.850000 -3.435300
v -3.608873 2.800000 -1.031173
v -3.569254 2.850000 -0.974058
v -3.670316 2.850000 -0.465981
v -3.259466 2.850000 -0.369273
v -3.093529 2.800000 -0.947202
v -3.152669 2.850000 -0.906179
v 0.369273 2.850000 -3.259466
v 0.906180 2.850000 -3.152668
v -2.333736 2.799999 2.939551
v -2.265807 2.849999 2.924805
v -1.835080 2.849999 3.212607
v -1.588508 2.849999 2.870040
v -1.517682 2.799999 2.857229
v -2.043675 2.849999 2.565907
v 1.588508 2.850000 -2.870039
v 2.043675 2.850000 -2.565906
v -2.939551 2.800000 -2.333735
v -2.924805 2.850000 -2.265806
v -3.212607 2.850000 -1.835080
v -3.281008 2.800000 -1.822708
v -2.870039 2.850000 -1.588507
v -2.857229 2.800000 -1.517682
v -2.565907 2.850000 -2.043674
v 2.565907 2.850000 -2.043674
v 2.870039 2.850000 -1.588508
v -4.604581 2.850000 1.142757
v -4.749852 2.800000 0.668723
v -4.691392 2.850000 0.706328
v -4.161804 2.850000 1.070610
v -4.254710 2.850000 0.603540
v -2.817866 2.850001 -3.816764
v -2.885795 2.800001 -3.831510
v -2.435508 2.800001 -4.132382
v -2.447880 2.850001 -4.063981
v -2.581767 2.850000 -3.435300
v -2.597036 2.800000 -3.364964
v -2.114979 2.800001 -3.687064
v -2.185804 2.850001 -3.699874
v 1.031173 2.800000 -3.608872
v 0.974058 2.850000 -3.569254
v 0.465982 2.850001 -3.670316
v 0.428376 2.800001 -3.728776
v 3.152669 2.850000 -0.906179
v 3.259466 2.850000 -0.369273
v 3.220527 2.800000 -0.308741
v 2.939551 2.799999 2.333736
v 2.924805 2.849999 2.265807
v 3.212607 2.850000 1.835081
v 3.281008 2.800000 1.822709
v 2.870039 2.850000 1.588508
v 2.495570 2.800000 2.058944
v 2.565907 2.850000 2.043675
v 3.220527 2.800000 0.308742
v 3.259466 2.850000 0.369274
v 3.152669 2.850000 0.906180
v 3.728777 2.800000 -0.428375
v 3.670317 2.850000 -0.465981
v 3.569254 2.850000 -0.974058
v 3.608873 2.800000 -1.031173
v 2.333736 2.800000 -2.939550
v 2.265807 2.850000 -2.924804
v 1.835080 2.850000 -3.212606
v 1.822709 2.800000 -3.281008
v 2.058944 2.799999 2.495570
v 2.043675 2.849999 2.565907
v 1.588508 2.849999 2.870040
v 3.569254 2.850000 0.974059
v 3.670316 2.850000 0.465982
v 0.947203 2.799999 3.093530
v 0.906179 2.849999 3.152669
v 0.369274 2.849999 3.259467
v 0.308741 2.799999 3.220528
v -0.428376 2.800001 -3.728776
v -0.465982 2.850001 -3.670316
v -0.974058 2.850000 -3.569254
v -1.031173 2.800000 -3.608872
v -0.906179 2.850000 -3.152668
v -0.947203 2.800000 -3.093529
v -0.369274 2.850000 -3.259466
v -0.308741 2.799999 3.220528
v -0.369273 2.849999 3.259467
v -0.906180 2.849999 3.152669
v -0.947203 2.799999 3.093530
v 1.835080 2.849999 3.212607
v 2.265807 2.849999 2.924805
v -2.565907 2.850000 2.043675
v -2.870039 2.850000 1.588508
v 0.428376 2.799999 3.728777
v 0.465982 2.849999 3.670317
v 0.974058 2.849999 3.569255
v 1.031173 2.799999 3.608873
v 3.816765 2.850000 -2.817865
v 3.831511 2.800000 -2.885794
v 4.063982 2.850000 -2.447879
v 3.435301 2.850000 -2.581767
v 3.699875 2.850000 -2.185804
v -3.728777 2.800000 0.428376
v -3.670317 2.850000 0.465982
v -3.569254 2.850000 0.974059
v -3.608873 2.800000 1.031174
v -3.152669 2.850000 0.906180
v -3.220527 2.800000 0.308742
v -3.259466 2.850000 0.369274
v -1.835080 2.850000 -3.212606
v -2.265807 2.850000 -2.924804
v -2.043675 2.850000 -2.565906
v -1.517682 2.800000 -2.857229
v -1.588508 2.850000 -2.870039
v -0.974058 2.849999 3.569255
v -0.465982 2.849999 3.670317
v -0.428376 2.799999 3.728777
v -3.281008 2.800000 1.822709
v -3.212607 2.850000 1.835081
v -2.924804 2.849999 2.265807
v -2.939551 2.799999 2.333736
v -3.816765 2.849999 2.817866
v -4.063982 2.849999 2.447880
v -3.435301 2.849999 2.581768
v -3.687064 2.800000 2.114979
v -3.699875 2.850000 2.185805
v 3.212607 2.850000 -1.835080
v 2.924804 2.850000 -2.265806
v 2.939551 2.800000 -2.333735
v 0.706328 2.850001 -4.691392
v 1.199871 2.800001 -4.644200
v 1.142756 2.850001 -4.604581
v 0.603539 2.850001 -4.254709
v 1.111632 2.800001 -4.102664
v 1.070609 2.850001 -4.161803
v -2.447880 2.849999 4.063982
v -2.435508 2.799999 4.132383
v -2.817866 2.849999 3.816765
v -2.185804 2.849999 3.699875
v -2.114979 2.799999 3.687065
v -2.581767 2.849999 3.435301
v -4.691392 2.850000 -0.706327
v -4.604581 2.850000 -1.142756
v -4.254710 2.850000 -0.603539
v -4.161804 2.850000 -1.070609
v 2.817866 2.849999 3.816765
v 2.885795 2.799999 3.831511
v 2.435508 2.799999 4.132383
v 2.447880 2.849999 4.063982
v 2.581767 2.849999 3.435301
v 2.597036 2.799999 3.364964
v 2.185804 2.849999 3.699875
v 4.604581 2.850000 -1.142756
v 4.644200 2.800000 -1.199871
v 4.691392 2.850000 -0.706327
v 4.161804 2.850000 -1.070609
v 4.102664 2.800000 -1.111632
v 4.215771 2.800000 -0.543007
v 4.254710 2.850000 -0.603539
v -1.142756 2.850001 -4.604581
v -0.706328 2.850001 -4.691392
v -1.070609 2.850001 -4.161803
v -1.111632 2.800001 -4.102664
v -0.543007 2.800001 -4.215770
v -0.603539 2.850001 -4.254709
v 1.142756 2.849999 4.604582
v 0.668722 2.799999 4.749853
v 0.706328 2.849999 4.691393
v 1.070609 2.849999 4.161804
v 0.603539 2.849999 4.254710
v 4.063982 2.849999 2.447880
v 3.831511 2.799999 2.885795
v 3.816765 2.849999 2.817867
v 3.699875 2.850000 2.185805
v 3.687064 2.800000 2.114979
v 3.435301 2.849999 2.581768
v 4.691392 2.850000 0.706328
v 4.604581 2.850000 1.142757
v 4.254710 2.850000 0.603540
v 4.215771 2.800000 0.543008
v 4.102664 2.800000 1.111633
v 4.161804 2.850000 1.070610
v -4.063982 2.850000 -2.447879
v -4.132382 2.800000 -2.435508
v -3.816765 2.850000 -2.817866
v -3.699875 2.850000 -2.185804
v -3.687064 2.800000 -2.114978
v -3.435301 2.850000 -2.581767
v -0.262899 5.945499 -6.521808
v -0.162899 5.945499 -6.531657
v -0.235673 6.242466 -4.129437
v -0.135673 6.242466 -4.129437
v 0.135673 6.242466 -4.129437
v 0.235673 6.242466 -4.129437
v 0.162899 5.945499 -6.531657
v 0.262899 5.945499 -6.521808
v -0.135673 6.242466 -5.697011
v -0.235673 6.242466 -5.687162
v 0.262899 5.945499 -4.129437
v 0.162899 5.945499 -4.129437
v -0.162899 5.945499 -4.129437
v -0.262899 5.945499 -4.129437
v 0.235673 6.242466 -5.687162
v 0.135673 6.242466 -5.697011
v 5.687163 6.242465 0.235674
v 5.697012 6.242465 0.135674
v 6.531658 5.945498 0.162900
v 6.521808 5.945498 0.262900
v 4.129438 6.242465 0.135674
v 4.129438 6.242465 0.235674
v 4.129438 6.242465 -0.235672
v 4.129438 6.242465 -0.135672
v 4.129438 5.945498 0.262900
v 4.129438 5.945498 0.162900
v 4.129438 5.945498 -0.162898
v 4.129438 5.945498 -0.262898
v 6.521809 5.945498 -0.262898
v 6.531658 5.945498 -0.162898
v 5.697012 6.242465 -0.135672
v 5.687163 6.242465 -0.235672
v 0.262899 5.945498 6.521810
v 0.162899 5.945498 6.531659
v -0.235673 6.242465 5.687164
v -0.135673 6.242465 5.697013
v 0.135673 6.242465 5.697013
v 0.235673 6.242465 5.687164
v -0.162899 5.945498 6.531659
v -0.262899 5.945498 6.521810
v -0.135673 6.242465 4.129439
v -0.235673 6.242465 4.129439
v 0.235673 6.242465 4.129439
v 0.135673 6.242465 4.129439
v -0.262899 5.945498 4.129439
v -0.162899 5.945498 4.129439
v 0.162899 5.945498 4.129439
v 0.262899 5.945498 4.129439
v -6.531658 5.945498 -0.162898
v -6.521809 5.945498 -0.262898
v -5.687163 6.242465 -0.235672
v -5.697012 6.242465 -0.135672
v -6.521809 5.945498 0.262900
v -6.531658 5.945498 0.162900
v -5.697012 6.242465 0.135674
v -5.687163 6.242465 0.235674
v -4.129438 6.242465 -0.135672
v -4.129438 6.242465 -0.235672
v -4.129438 6.242465 0.235674
v -4.129438 6.242465 0.135674
v -4.129438 5.945498 -0.262898
v -4.129438 5.945498 -0.162898
v -4.129438 5.945498 0.162900
v -4.129438 5.945498 0.262900
v 4.814878 6.347224 -2.042717
v 4.853131 6.347224 -1.950365
v 4.941604 6.316980 -1.987017
v 4.903354 6.316980 -2.079360
v 4.202975 6.556733 -1.681062
v 4.164721 6.556733 -1.773413
v 4.075207 6.583149 -1.736341
v 4.113465 6.583150 -1.643980
v -1.223795 6.071907 5.935924
v -1.242255 6.038372 6.028754
v -1.080700 6.316978 5.216533
v -1.062021 6.347223 5.122609
v 5.066763 6.071908 -3.322130
v 5.145458 6.038373 -3.374718
v 5.089933 6.038373 -3.457815
v 5.011234 6.071909 -3.405236
v 5.668451 6.038373 -2.396267
v 5.581005 6.071909 -2.360052
v 5.619255 6.071908 -2.267709
v 5.706696 6.038373 -2.303935
v -3.656050 6.583148 2.499745
v -3.711591 6.583149 2.416622
v -3.792146 6.556732 2.470454
v -3.736611 6.556732 2.553568
v -3.235210 6.556732 3.164528
v -3.164527 6.556732 3.235211
v -3.096014 6.583148 3.166705
v -3.166704 6.583149 3.096014
v 2.997736 6.316980 -4.401363
v 2.914629 6.316980 -4.456893
v 2.861422 6.347224 -4.377271
v 2.944536 6.347224 -4.321736
v 3.729854 6.316980 -3.800529
v 3.662135 6.347224 -3.732817
v 3.732818 6.347224 -3.662134
v 3.800530 6.316980 -3.729853
v -2.683998 5.756580 6.363093
v -2.719849 5.720443 6.449651
v -2.627522 5.720443 6.487895
v -2.591666 5.756580 6.401339
v -2.303935 6.038372 5.706697
v -2.267710 6.071908 5.619256
v -2.360053 6.071907 5.581006
v -2.396268 6.038372 5.668452
v -3.036315 6.765066 2.085659
v -3.091862 6.765066 2.002526
v -3.173429 6.743605 2.057034
v -3.117888 6.743605 2.140158
v -2.598026 6.877892 1.672555
v -2.542478 6.877892 1.755688
v 5.770618 5.756581 -3.792437
v 5.848516 5.720445 -3.844491
v 5.792996 5.720445 -3.927583
v 5.715095 5.756581 -3.875535
v 6.363092 5.756581 -2.683997
v 6.401338 5.756581 -2.591665
v 6.487894 5.720445 -2.627521
v 6.449650 5.720445 -2.719848
v 1.223795 6.071908 5.935924
v 1.242255 6.038372 6.028754
v 1.080700 6.316978 5.216533
v 1.062021 6.347223 5.122609
v -4.337379 6.583149 -0.905834
v -4.432405 6.556733 -0.924731
v -3.702574 6.743605 -0.779564
v -3.606354 6.765066 -0.760430
v -2.042718 6.347225 -4.814877
v -1.950366 6.347225 -4.853130
v -1.987018 6.316980 -4.941603
v -2.079361 6.316980 -4.903353
v -1.773414 6.556733 -4.164721
v -1.736343 6.583149 -4.075206
v -1.643981 6.583150 -4.113464
v -1.681063 6.556733 -4.202974
v 4.917759 5.756582 -4.847090
v 4.984005 5.720445 -4.913341
v 4.913341 5.720445 -4.984004
v 4.847091 5.756582 -4.917758
v 5.500809 5.430494 -5.430144
v 5.430145 5.430494 -5.500808
v 2.303936 6.038372 5.706697
v 2.396268 6.038372 5.668452
v 2.360053 6.071908 5.581006
v 2.267710 6.071907 5.619256
v -2.042718 6.347223 4.814879
v -2.079361 6.316978 4.903355
v -1.987018 6.316978 4.941605
v -1.950366 6.347223 4.853132
v -2.861422 6.347223 4.377273
v -2.944536 6.347223 4.321738
v -2.997736 6.316978 4.401365
v -2.914629 6.316978 4.456895
v 2.914629 6.316978 4.456895
v 2.997736 6.316978 4.401365
v 2.944536 6.347223 4.321738
v 2.861422 6.347223 4.377273
v 2.042718 6.347223 4.814879
v 1.950366 6.347223 4.853132
v 1.987018 6.316978 4.941605
v 2.079361 6.316978 4.903355
v -4.202975 6.556733 -1.681062
v -4.113465 6.583149 -1.643980
v -4.075207 6.583150 -1.736341
v -4.164721 6.556733 -1.773413
v -3.405237 6.071907 5.011235
v -3.457816 6.038372 5.089934
v -3.374719 6.038372 5.145459
v -3.322131 6.071908 5.066765
v 6.400692 5.430493 4.333634
v 6.456213 5.430493 4.250543
v 5.500809 5.430492 5.430146
v 5.430145 5.430492 5.500810
v 4.250542 5.430494 -6.456212
v 4.333633 5.430494 -6.400692
v 3.927583 5.720445 -5.792995
v 3.844491 5.720445 -5.848515
v 3.792438 5.756582 -5.770617
v 3.875535 5.756582 -5.715094
v -4.456894 6.316979 2.914630
v -4.401364 6.316979 2.997736
v -4.321737 6.347223 2.944537
v -4.377272 6.347223 2.861423
v -4.814878 6.347223 2.042719
v -4.853131 6.347223 1.950367
v -4.941604 6.316979 1.987019
v -4.903354 6.316979 2.079362
v -1.681063 6.556732 4.202976
v -1.643981 6.583148 4.113466
v -1.736343 6.583149 4.075208
v -1.773414 6.556732 4.164722
v -0.905836 6.583149 4.337380
v -0.924732 6.556732 4.432406
v -2.002525 6.765066 3.091864
v -2.085658 6.765066 3.036316
v -2.140157 6.743605 3.117889
v -2.057033 6.743605 3.173431
v -1.451117 6.765066 3.386597
v -1.488654 6.743605 3.477235
v -1.396292 6.743605 3.515493
v -1.358744 6.765066 3.424859
v 3.606354 6.765066 0.760433
v 3.702574 6.743605 0.779566
v 3.023834 6.877893 0.644562
v -3.023834 6.877893 -0.644560
v -1.062021 6.347225 -5.122607
v -1.080700 6.316980 -5.216531
v -0.924732 6.556734 -4.432405
v -0.905836 6.583149 -4.337378
v -1.672554 6.877892 2.598027
v -1.755687 6.877892 2.542479
v -1.223829 6.877892 2.837876
v -1.131456 6.877892 2.876137
v -2.876136 6.877893 -1.131455
v -2.837874 6.877893 -1.223827
v 1.080700 6.316980 -5.216531
v 1.062021 6.347225 -5.122607
v 1.223795 6.071909 -5.935922
v 1.242255 6.038374 -6.028752
v 7.124887 5.430493 2.999542
v 7.163130 5.430493 2.907214
v -4.075207 6.583148 1.736344
v -4.113465 6.583149 1.643982
v -4.202975 6.556732 1.681064
v -4.164721 6.556732 1.773416
v 4.386104 6.038373 -4.315434
v 4.315435 6.038373 -4.386103
v 4.248506 6.071909 -4.319180
v 4.319181 6.071908 -4.248505
v -5.500809 5.430492 5.430146
v -5.430145 5.430492 5.500810
v -6.400692 5.430493 4.333634
v -6.456213 5.430493 4.250543
v -3.386596 6.765066 1.451118
v -3.424858 6.765066 1.358745
v -3.515492 6.743605 1.396293
v -3.477234 6.743605 1.488655
v 2.627522 5.720443 6.487895
v 2.719849 5.720443 6.449651
v 2.683998 5.756580 6.363093
v 2.591666 5.756580 6.401339
v 1.388938 5.756580 6.766182
v 1.407213 5.720443 6.858071
v 4.401364 6.316980 -2.997735
v 4.321737 6.347224 -2.944535
v 4.377272 6.347224 -2.861421
v 4.456894 6.316980 -2.914628
v -7.124887 5.430493 2.999542
v -7.163130 5.430492 2.907214
v -4.250542 5.430494 -6.456212
v -4.333633 5.430494 -6.400692
v -3.844491 5.720445 -5.848515
v -3.927583 5.720445 -5.792995
v -3.875535 5.756582 -5.715094
v -3.792438 5.756582 -5.770617
v 1.388938 5.756582 -6.766180
v 1.407213 5.720445 -6.858069
v 3.096014 6.583149 -3.166703
v 3.166704 6.583150 -3.096013
v 3.235210 6.556733 -3.164526
v 3.164527 6.556733 -3.235209
v 2.553567 6.556733 -3.736610
v 2.470453 6.556733 -3.792145
v 2.416621 6.583149 -3.711590
v 2.499744 6.583150 -3.656049
v -2.568971 6.765067 -2.639668
v -2.638345 6.743606 -2.709034
v -2.709035 6.743606 -2.638343
v -2.639670 6.765067 -2.568970
v -2.148997 6.877893 -2.219695
v -2.219696 6.877893 -2.148996
v 2.627522 5.720445 -6.487893
v 2.591666 5.756582 -6.401337
v 2.683998 5.756582 -6.363091
v 2.719849 5.720445 -6.449649
v -7.574897 5.430493 1.549800
v -6.858070 5.720444 1.407214
v -6.766181 5.756581 1.388939
v -2.542478 6.877893 -1.755686
v -2.598026 6.877893 -1.672553
v -3.166704 6.583149 -3.096013
v -3.096014 6.583150 -3.166703
v -3.164527 6.556733 -3.235209
v -3.235210 6.556733 -3.164526
v -3.424858 6.765066 -1.358743
v -3.386596 6.765066 -1.451115
v -3.477234 6.743606 -1.488653
v -3.515492 6.743605 -1.396291
v -1.242255 6.038374 -6.028752
v -1.223795 6.071909 -5.935922
v -1.388938 5.756582 -6.766180
v -1.407213 5.720445 -6.858069
v -5.706696 6.038373 2.303936
v -5.668451 6.038372 2.396269
v -5.581005 6.071908 2.360054
v -5.619255 6.071908 2.267711
v -6.028753 6.038373 1.242256
v -5.935923 6.071908 1.223796
v -3.173429 6.743606 -2.057032
v -3.091862 6.765067 -2.002523
v -3.036315 6.765067 -2.085656
v -3.117888 6.743606 -2.140155
v 4.321737 6.347223 2.944537
v 4.401364 6.316979 2.997736
v 4.456894 6.316979 2.914630
v 4.377272 6.347223 2.861423
v 3.792146 6.556732 2.470454
v 3.711591 6.583148 2.416622
v 3.656050 6.583149 2.499745
v 3.736611 6.556732 2.553568
v -3.792146 6.556733 -2.470452
v -3.711591 6.583149 -2.416620
v -3.656050 6.583150 -2.499743
v -3.736611 6.556733 -2.553566
v 6.449650 5.720444 2.719850
v 6.487894 5.720444 2.627522
v 6.401338 5.756580 2.591666
v 6.363092 5.756580 2.683999
v 5.770618 5.756580 3.792439
v 5.715095 5.756580 3.875536
v 5.792996 5.720444 3.927584
v 5.848516 5.720444 3.844492
v -2.553567 6.556733 -3.736611
v -2.499744 6.583149 -3.656049
v -2.416621 6.583150 -3.711590
v -2.470453 6.556733 -3.792145
v -6.401338 5.756580 2.591666
v -6.487894 5.720444 2.627522
v -6.449650 5.720444 2.719850
v -6.363092 5.756580 2.683999
v -7.574897 5.430493 -1.549798
v -6.858070 5.720444 -1.407212
v -6.766181 5.756581 -1.388937
v -7.163130 5.430494 -2.907212
v -7.124887 5.430494 -2.999540
v -5.500809 5.430494 -5.430144
v -5.430145 5.430494 -5.500808
v -4.984005 5.720445 -4.913340
v -4.917759 5.756582 -4.847090
v -4.847091 5.756582 -4.917758
v -4.913342 5.720445 -4.984004
v 5.668451 6.038373 2.396269
v 5.706696 6.038373 2.303936
v 5.619255 6.071908 2.267711
v 5.581005 6.071908 2.360054
v -2.553567 6.556732 3.736612
v -2.470453 6.556732 3.792147
v -2.416621 6.583148 3.711592
v -2.499744 6.583149 3.656051
v 0.924732 6.556732 4.432406
v 0.905836 6.583148 4.337380
v -2.360053 6.071909 -5.581004
v -2.267710 6.071909 -5.619254
v -2.303936 6.038374 -5.706695
v -2.396268 6.038373 -5.668450
v -5.122608 6.347224 1.062023
v -5.216532 6.316979 1.080701
v 2.140157 6.743606 -3.117887
v 2.057033 6.743606 -3.173428
v 1.488654 6.743606 -3.477233
v 1.396292 6.743606 -3.515491
v 1.358744 6.765067 -3.424857
v 1.451117 6.765067 -3.386595
v -2.683998 5.756582 -6.363091
v -2.591666 5.756582 -6.401337
v -2.627522 5.720445 -6.487893
v -2.719849 5.720445 -6.449649
v -6.456213 5.430494 -4.250541
v -6.400692 5.430494 -4.333632
v -5.792996 5.720445 -3.927583
v -5.848516 5.720445 -3.844491
v -5.770618 5.756581 -3.792437
v -5.715095 5.756581 -3.875535
v -6.028753 6.038373 -1.242254
v -5.935923 6.071908 -1.223794
v 0.924732 6.556734 -4.432404
v 0.905836 6.583150 -4.337378
v -2.999541 5.430494 -7.124886
v -2.907213 5.430494 -7.163129
v 1.736343 6.583148 4.075208
v 1.643981 6.583149 4.113466
v 1.681063 6.556732 4.202976
v 1.773414 6.556732 4.164722
v 2.470453 6.556732 3.792147
v 2.553567 6.556732 3.736613
v 2.499744 6.583148 3.656051
v 2.416621 6.583149 3.711592
v 4.250542 5.430492 6.456214
v 4.333633 5.430492 6.400693
v 3.844491 5.720443 5.848517
v 3.927583 5.720443 5.792997
v 3.875535 5.756580 5.715096
v 3.792438 5.756580 5.770619
v -6.401338 5.756581 -2.591665
v -6.363092 5.756581 -2.683997
v -6.449650 5.720445 -2.719848
v -6.487894 5.720445 -2.627521
v 4.903354 6.316979 2.079362
v 4.941604 6.316979 1.987019
v 4.853131 6.347223 1.950367
v 4.814878 6.347223 2.042719
v -2.709035 6.743605 2.638346
v -2.638345 6.743605 2.709037
v -2.568971 6.765066 2.639671
v -2.639670 6.765066 2.568972
v 7.163130 5.430493 -2.907212
v 7.124887 5.430494 -2.999540
v 1.643981 6.583149 -4.113464
v 1.736343 6.583150 -4.075206
v 1.773414 6.556733 -4.164721
v 1.681063 6.556733 -4.202974
v 5.122608 6.347224 -1.062020
v 5.216532 6.316979 -1.080698
v 4.432405 6.556733 -0.924731
v 4.337379 6.583149 -0.905834
v -2.219696 6.877892 2.148998
v -2.148997 6.877892 2.219697
v 0.779565 6.743606 -3.702573
v 0.760431 6.765067 -3.606353
v 4.984005 5.720443 4.913342
v 4.917759 5.756580 4.847092
v 4.847091 5.756580 4.917760
v 4.913342 5.720443 4.984006
v 1.223829 6.877893 -2.837873
v 1.131456 6.877893 -2.876135
v 6.400692 5.430494 -4.333632
v 6.456213 5.430494 -4.250541
v 3.662135 6.347223 3.732819
v 3.729854 6.316979 3.800531
v 3.800530 6.316979 3.729855
v 3.732818 6.347223 3.662136
v 3.235210 6.556732 3.164528
v 3.166704 6.583148 3.096014
v 3.096014 6.583149 3.166705
v 3.164527 6.556732 3.235211
v 6.766181 5.756581 -1.388937
v 6.858070 5.720444 -1.407212
v 6.028753 6.038373 -1.242254
v 5.935923 6.071908 -1.223794
v 1.755687 6.877892 2.542479
v 1.672554 6.877892 2.598027
v 2.148997 6.877892 2.219697
v 2.219696 6.877892 2.148998
v 5.935923 6.071908 1.223796
v 6.028753 6.038373 1.242256
v 2.057033 6.743605 3.173431
v 2.140157 6.743605 3.117889
v 2.085658 6.765066 3.036316
v 2.002525 6.765066 3.091864
v 2.042718 6.347225 -4.814877
v 2.079361 6.316980 -4.903353
v 1.987018 6.316980 -4.941603
v 1.950366 6.347225 -4.853130
v 3.736611 6.556733 -2.553566
v 3.656050 6.583149 -2.499743
v 3.711591 6.583150 -2.416620
v 3.792146 6.556733 -2.470452
v 2.568971 6.765066 2.639671
v 2.638345 6.743605 2.709037
v 2.709035 6.743605 2.638346
v 2.639670 6.765066 2.568972
v -5.089933 6.038373 -3.457815
v -5.145458 6.038373 -3.374718
v -5.066764 6.071909 -3.322130
v -5.011234 6.071908 -3.405236
v -4.386104 6.038373 -4.315434
v -4.319181 6.071909 -4.248505
v -4.248506 6.071908 -4.319180
v -4.315435 6.038373 -4.386103
v 3.036315 6.765066 2.085659
v 3.117888 6.743605 2.140158
v 3.173429 6.743605 2.057034
v 3.091862 6.765066 2.002526
v -4.401364 6.316980 -2.997735
v -4.456894 6.316980 -2.914628
v -4.377272 6.347224 -2.861421
v -4.321737 6.347224 -2.944535
v 6.766181 5.756581 1.388939
v 6.858070 5.720444 1.407214
v 2.542478 6.877892 1.755688
v 2.598026 6.877892 1.672555
v 7.574897 5.430492 1.549800
v -3.662135 6.347223 3.732819
v -3.732818 6.347223 3.662136
v -3.800530 6.316979 3.729855
v -3.729854 6.316979 3.800531
v -5.619255 6.071909 -2.267709
v -5.581005 6.071908 -2.360052
v -5.668451 6.038373 -2.396267
v -5.706696 6.038373 -2.303934
v -4.941604 6.316980 -1.987017
v -4.853131 6.347224 -1.950365
v -4.814878 6.347224 -2.042717
v -4.903354 6.316980 -2.079360
v 5.122608 6.347224 1.062023
v 5.216532 6.316979 1.080701
v 0.644561 6.877893 -3.023833
v 1.223829 6.877892 2.837876
v 1.131456 6.877892 2.876137
v 1.358744 6.765066 3.424859
v 1.396292 6.743605 3.515493
v 1.488654 6.743605 3.477235
v 1.451117 6.765066 3.386597
v 7.574897 5.430494 -1.549798
v -0.779565 6.743606 -3.702573
v -0.760431 6.765067 -3.606353
v 2.837874 6.877893 1.223830
v 2.876136 6.877893 1.131457
v -3.405237 6.071909 -5.011233
v -3.322131 6.071909 -5.066762
v -3.374719 6.038374 -5.145457
v -3.457816 6.038374 -5.089932
v 4.432405 6.556733 0.924733
v 4.337379 6.583149 0.905837
v 3.424858 6.765066 1.358745
v 3.386596 6.765066 1.451118
v 3.477234 6.743605 1.488655
v 3.515492 6.743605 1.396293
v -3.800530 6.316980 -3.729853
v -3.732818 6.347224 -3.662134
v -3.662135 6.347224 -3.732817
v -3.729854 6.316980 -3.800529
v 0.644561 6.877892 3.023835
v 0.779565 6.743605 3.702575
v 0.760431 6.765066 3.606355
v 2.999541 5.430494 -7.124886
v 2.907213 5.430494 -7.163129
v -1.549799 5.430491 7.574898
v -1.407213 5.720443 6.858071
v -1.388938 5.756580 6.766182
v 1.549799 5.430492 7.574898
v -2.997736 6.316980 -4.401363
v -2.944536 6.347224 -4.321736
v -2.861422 6.347224 -4.377271
v -2.914629 6.316980 -4.456893
v -1.755687 6.877893 -2.542477
v -1.672554 6.877893 -2.598025
v -1.223829 6.877893 -2.837873
v -1.131456 6.877893 -2.876135
v 2.148997 6.877893 -2.219695
v 2.219696 6.877893 -2.148996
v 1.549799 5.430494 -7.574896
v 2.999541 5.430492 7.124888
v 2.907213 5.430492 7.163131
v -1.549799 5.430495 -7.574896
v -2.002525 6.765067 -3.091861
v -2.057033 6.743606 -3.173428
v -2.140157 6.743606 -3.117887
v -2.085658 6.765067 -3.036314
v 5.145458 6.038372 3.374720
v 5.066764 6.071908 3.322132
v 5.011234 6.071908 3.405238
v 5.089933 6.038373 3.457817
v -5.216532 6.316979 -1.080698
v -5.122608 6.347224 -1.062020
v 2.568971 6.765067 -2.639668
v 2.639670 6.765067 -2.568970
v 2.709035 6.743606 -2.638343
v 2.638345 6.743606 -2.709034
v -0.644561 6.877892 3.023835
v 2.542478 6.877893 -1.755686
v 2.598026 6.877893 -1.672553
v 3.036315 6.765067 -2.085656
v 3.091862 6.765067 -2.002523
v 3.173429 6.743606 -2.057032
v 3.117888 6.743606 -2.140155
v -0.779565 6.743605 3.702575
v -0.760431 6.765066 3.606355
v 3.424858 6.765066 -1.358743
v 3.515492 6.743605 -1.396291
v 3.477234 6.743606 -1.488653
v 3.386596 6.765066 -1.451115
v 2.876136 6.877893 -1.131455
v 2.837874 6.877893 -1.223827
v 3.702574 6.743605 -0.779564
v 3.606354 6.765066 -0.760430
v -5.089933 6.038373 3.457817
v -5.011234 6.071908 3.405238
v -5.066763 6.071908 3.322132
v -5.145458 6.038373 3.374720
v -5.715095 5.756580 3.875536
v -5.770618 5.756580 3.792439
v -5.848516 5.720444 3.844492
v -5.792996 5.720444 3.927584
v 4.319181 6.071908 4.248507
v 4.248506 6.071908 4.319182
v 4.315435 6.038373 4.386105
v 4.386104 6.038372 4.315436
v 2.267710 6.071909 -5.619254
v 2.360053 6.071909 -5.581004
v 2.396268 6.038374 -5.668450
v 2.303935 6.038374 -5.706695
v -4.333633 5.430492 6.400693
v -4.250542 5.430492 6.456214
v 3.023834 6.877893 -0.644560
v -4.913341 5.720443 4.984006
v -4.847091 5.756580 4.917760
v -4.917759 5.756580 4.847092
v -4.984005 5.720443 4.913342
v -1.358744 6.765067 -3.424857
v -1.396292 6.743606 -3.515491
v -1.488654 6.743606 -3.477233
v -1.451117 6.765067 -3.386595
v -4.432405 6.556733 0.924733
v -4.337379 6.583149 0.905837
v -3.792438 5.756580 5.770619
v -3.875535 5.756580 5.715096
v -3.927583 5.720443 5.792997
v -3.844491 5.720443 5.848517
v 3.374719 6.038372 5.145459
v 3.457816 6.038372 5.089934
v 3.405237 6.071908 5.011235
v 3.322131 6.071907 5.066764
v 3.405237 6.071909 -5.011233
v 3.457816 6.038374 -5.089932
v 3.374719 6.038373 -5.145457
v 3.322131 6.071909 -5.066763
v -2.999541 5.430492 7.124888
v -2.907213 5.430492 7.163131
v 4.113465 6.583148 1.643982
v 4.075207 6.583149 1.736344
v 4.164721 6.556732 1.773416
v 4.202975 6.556732 1.681064
v -4.248506 6.071908 4.319182
v -4.319181 6.071908 4.248507
v -4.386104 6.038373 4.315436
v -4.315435 6.038372 4.386105
v -0.644561 6.877893 -3.023833
v -2.837874 6.877893 1.223830
v -2.876136 6.877893 1.131457
v -3.023834 6.877893 0.644562
v -3.606354 6.765066 0.760433
v -3.702574 6.743605 0.779566
v 4.888402 6.303867 -2.050592
v 4.923548 6.291506 -2.065148
v 4.835166 6.322065 -2.028543
v 4.799837 6.333795 -2.013911
v 4.822783 6.333795 -1.958514
v 4.858112 6.322065 -1.973149
v 4.946490 6.291506 -2.009760
v 4.911345 6.303867 -1.995202
v 4.132218 6.558729 -1.629180
v 4.118652 6.558753 -1.666849
v 4.082891 6.568826 -1.652035
v 4.185915 6.542882 -1.651425
v 4.208045 6.531890 -1.703882
v 4.172509 6.542858 -1.689161
v 4.185099 6.531890 -1.759278
v 4.149562 6.542859 -1.744559
v 4.095703 6.558753 -1.722254
v 4.059941 6.568826 -1.707442
v 5.033035 6.046093 -3.396086
v 5.009248 6.046064 -3.428287
v 5.086988 6.046064 -3.311942
v 5.066341 6.046093 -3.346240
v 5.134200 6.025946 -3.343491
v 5.113687 6.025917 -3.377880
v 5.056463 6.025946 -3.459831
v 5.080384 6.025917 -3.427720
v 5.711360 6.012218 -2.326586
v 5.676641 6.025917 -2.312204
v 5.688422 6.012218 -2.381963
v 5.636505 6.025945 -2.403744
v 5.653702 6.025917 -2.367583
v 5.584043 6.046064 -2.382017
v 5.566148 6.059111 -2.331322
v 5.601090 6.046093 -2.345794
v 5.589091 6.059111 -2.275934
v 5.624032 6.046093 -2.290409
v 2.935675 6.322185 -4.343194
v 2.914431 6.333914 -4.311397
v 2.967685 6.303987 -4.391105
v 2.988819 6.291625 -4.422735
v 2.938971 6.291625 -4.456042
v 2.917836 6.303987 -4.424413
v 2.885821 6.322184 -4.376504
v 2.864575 6.333914 -4.344709
v 6.435079 5.708506 -2.691236
v 6.383000 5.730248 -2.669667
v 6.348458 5.744464 -2.655360
v 6.371396 5.744464 -2.599982
v 6.419494 5.730217 -2.576623
v 6.405938 5.730248 -2.614290
v 6.471426 5.708536 -2.598136
v 6.458015 5.708506 -2.635863
v 4.843005 5.744465 -4.887381
v 4.869443 5.730248 -4.913817
v 4.885389 5.744465 -4.844996
v 4.911826 5.730248 -4.871434
v 4.978024 5.693934 -4.937635
v 4.951684 5.708507 -4.911294
v 4.935643 5.693934 -4.980014
v 4.909303 5.708507 -4.953675
v 5.426156 5.418734 -5.470527
v 5.468536 5.418734 -5.428147
v 4.340325 6.046064 -4.243373
v 4.313383 6.046093 -4.272985
v 4.380475 6.025946 -4.283527
v 4.380219 6.012218 -4.339826
v 4.353647 6.025917 -4.313253
v 4.337835 6.012218 -4.382210
v 4.311262 6.025917 -4.355638
v 4.270993 6.046093 -4.315374
v 2.491008 6.558872 -3.677692
v 2.544761 6.532010 -3.758148
v 2.523393 6.542977 -3.726166
v 2.494906 6.532010 -3.791460
v 2.439140 6.543001 -3.779989
v 2.473536 6.542977 -3.759479
v 2.406846 6.558848 -3.731664
v 2.441145 6.558872 -3.711010
v 2.705659 5.694053 -6.468966
v 2.691405 5.708626 -6.434552
v 2.650287 5.694053 -6.491902
v 2.636032 5.708626 -6.457488
v 2.614459 5.730368 -6.405410
v 2.600150 5.744584 -6.370869
v 2.655528 5.744584 -6.347930
v 2.669835 5.730368 -6.382473
v 2.006164 6.749151 -3.061309
v 2.002523 6.765053 -3.091859
v 2.056038 6.749151 -3.027984
v 2.088114 6.749186 -3.003997
v 2.109645 6.741163 -3.037034
v 2.140232 6.728739 -3.085464
v 0.926015 6.558848 -4.345045
v 0.937351 6.543002 -4.402050
v 1.651593 6.543001 -4.185387
v 1.689329 6.542977 -4.171982
v 1.629348 6.558848 -4.131691
v 1.667017 6.558872 -4.118125
v 1.758651 6.558848 -4.078132
v 1.722422 6.558872 -4.095176
v 1.780890 6.543001 -4.131831
v 1.744728 6.542977 -4.149035
v 4.402578 6.542881 -0.937182
v 4.345572 6.558728 -0.925847
v 1.747900 6.854512 -2.566822
v 1.755686 6.877887 -2.542476
v 1.698026 6.854512 -2.600147
v 1.672552 6.877880 -2.598022
v 6.828876 5.708536 -1.419783
v 6.773744 5.730217 -1.408818
v 2.915751 5.418853 -7.132788
v 2.971123 5.418853 -7.109853
v 2.603948 6.728764 -2.704909
v 2.633685 6.728744 -2.678084
v 2.562371 6.741621 -2.663337
v 2.591944 6.741657 -2.636348
v 2.634357 6.741656 -2.593935
v 2.661310 6.741637 -2.564325
v 2.702918 6.728764 -2.605938
v 2.676094 6.728744 -2.635676
v 3.083835 6.728764 -2.141790
v 3.107769 6.728744 -2.109679
v 3.034904 6.741637 -2.109099
v 3.058687 6.741657 -2.076887
v 3.092010 6.741656 -2.027015
v 3.112669 6.741637 -1.992716
v 3.161596 6.728764 -2.025413
v 3.141088 6.728744 -2.059812
v 3.407316 6.741656 -1.437120
v 3.390274 6.741637 -1.473353
v 3.430269 6.741656 -1.381705
v 3.484803 6.728743 -1.404297
v 3.520788 6.719656 -1.419204
v 3.497838 6.719657 -1.474611
v 3.444643 6.728764 -1.495869
v 3.461852 6.728743 -1.459706
v 2.312372 6.026037 -5.676114
v 2.326754 6.012338 -5.710832
v 2.290577 6.046213 -5.623505
v 2.345963 6.046213 -5.600563
v 2.382186 6.046184 -5.583516
v 2.403912 6.026065 -5.635977
v 2.382132 6.012338 -5.687894
v 2.367752 6.026037 -5.653175
v 3.325396 6.059231 -5.034368
v 3.346409 6.046213 -5.065814
v 3.312110 6.046184 -5.086461
v 3.375243 6.059230 -5.001060
v 3.396254 6.046213 -5.032508
v 3.427888 6.026037 -5.079857
v 3.343659 6.026065 -5.133672
v 3.378048 6.026036 -5.113160
v 2.289578 6.046029 5.624925
v 2.275104 6.059046 5.589983
v 2.311373 6.025852 5.677534
v 2.325756 6.012154 5.712252
v 2.381133 6.012153 5.689314
v 2.366753 6.025852 5.654595
v 2.344964 6.046029 5.601983
v 2.330492 6.059046 5.567041
v 2.850524 6.321974 4.398575
v 2.884823 6.322001 4.377924
v 2.882446 6.303829 4.446344
v 2.916838 6.303802 4.425833
v 2.998798 6.303829 4.368600
v 2.966687 6.303802 4.392525
v 2.966881 6.321974 4.320828
v 2.934676 6.322001 4.344614
v 2.085923 6.303829 4.872094
v 2.049762 6.303802 4.889295
v 2.064318 6.291441 4.924440
v 2.063939 6.321974 4.819014
v 2.013080 6.333730 4.800730
v 2.027713 6.322000 4.836059
v 1.957684 6.333730 4.823676
v 1.972319 6.322001 4.859004
v 2.008930 6.291441 4.947382
v 1.994372 6.303802 4.912238
v 5.468922 5.419228 5.425538
v 5.426542 5.419228 5.467917
v 7.134477 5.418669 2.914485
v 7.111541 5.418669 2.969856
v 2.575793 5.730153 6.420387
v 2.613460 5.730183 6.406830
v 2.599152 5.744400 6.372289
v 2.597306 5.708471 6.472319
v 2.635033 5.708441 6.458908
v 2.690406 5.708441 6.435971
v 2.654529 5.744400 6.349350
v 2.668836 5.730183 6.383893
v 1.418953 5.708472 6.829769
v 1.407988 5.730153 6.774637
v 6.384161 5.730184 2.668568
v 6.349619 5.744400 2.654261
v 6.436240 5.708442 2.690138
v 6.470655 5.693869 2.704393
v 6.493591 5.693869 2.649021
v 6.459176 5.708442 2.634765
v 6.407099 5.730184 2.613192
v 6.372557 5.744400 2.598884
v 5.585205 6.046000 2.380919
v 5.602252 6.046029 2.344696
v 5.637666 6.025881 2.402646
v 5.689583 6.012154 2.380865
v 5.654863 6.025853 2.366485
v 5.712521 6.012154 2.325487
v 5.677802 6.025853 2.311105
v 5.625193 6.046029 2.289310
v 0.936352 6.542817 4.403471
v 0.925016 6.558664 4.346465
v 1.743729 6.542794 4.150455
v 1.758448 6.531826 4.185992
v 1.721424 6.558688 4.096596
v 1.628349 6.558665 4.133111
v 1.666019 6.558688 4.119545
v 1.650595 6.542818 4.186807
v 1.703051 6.531826 4.208938
v 1.688331 6.542794 4.173402
v 4.302076 5.419228 6.390743
v 4.252243 5.419228 6.424041
v 3.814835 5.730743 5.769418
v 3.846154 5.709001 5.816286
v 3.866850 5.694428 5.847259
v 3.916683 5.694428 5.813961
v 3.928099 5.709032 5.759070
v 3.895988 5.709001 5.782988
v 3.896871 5.730712 5.712331
v 3.864673 5.730743 5.736118
v 4.834842 6.322018 2.029580
v 4.799512 6.333748 2.014947
v 4.888078 6.303820 2.051628
v 4.924428 6.303846 1.958506
v 4.911021 6.303820 1.996239
v 4.871350 6.321991 1.936517
v 4.822458 6.333748 1.959551
v 4.857787 6.322018 1.974185
v 4.936029 5.694428 4.977405
v 4.909689 5.709001 4.951066
v 4.879966 5.709031 4.977893
v 4.978409 5.694428 4.935025
v 4.952069 5.709001 4.908684
v 4.912212 5.730743 4.868824
v 4.869829 5.730743 4.911208
v 4.840217 5.730713 4.938147
v 3.701297 6.333731 3.658631
v 3.728336 6.322001 3.685671
v 3.658899 6.333731 3.701029
v 3.656328 6.321974 3.755013
v 3.685939 6.322001 3.728068
v 3.696955 6.303830 3.795637
v 3.753584 6.291441 3.795709
v 3.726685 6.303803 3.768810
v 3.795977 6.291441 3.753316
v 3.769078 6.303803 3.726417
v 3.188399 6.531826 3.230530
v 3.161200 6.542794 3.203332
v 3.230798 6.531826 3.188131
v 3.203600 6.542794 3.160932
v 3.135011 6.568762 3.092336
v 3.162381 6.558688 3.119708
v 3.092604 6.568762 3.134743
v 3.119976 6.558688 3.162113
v 2.173208 6.854960 2.215355
v 2.215623 6.854960 2.172941
v 2.607810 6.749599 2.565127
v 2.635518 6.741592 2.592837
v 2.662470 6.741572 2.563227
v 2.565395 6.749599 2.607542
v 2.593105 6.741592 2.635250
v 2.634846 6.728679 2.676986
v 2.662389 6.719593 2.704528
v 2.704796 6.719593 2.662121
v 2.704079 6.728699 2.604841
v 2.677254 6.728679 2.634578
v 3.093171 6.741592 2.025917
v 3.113829 6.741572 1.991618
v 3.036065 6.741572 2.108001
v 3.059847 6.741592 2.075790
v 3.084996 6.728699 2.140692
v 3.108929 6.728679 2.108581
v 3.162757 6.728699 2.024315
v 3.142249 6.728680 2.058714
v 5.130254 6.321992 1.083023
v 5.186604 6.303847 1.094229
v 2.859857 6.854961 1.208778
v 2.882811 6.854961 1.153361
v 4.345247 6.558682 0.926883
v 4.402253 6.542835 0.938219
v 3.485963 6.728680 1.403199
v 3.431430 6.741593 1.380607
v 3.395227 6.749599 1.365610
v 3.372272 6.749599 1.421027
v 3.391435 6.741572 1.472255
v 3.408476 6.741592 1.436022
v 3.445803 6.728699 1.494771
v 3.463012 6.728680 1.458608
v 5.081545 6.025853 3.426622
v 5.057624 6.025881 3.458733
v 5.135361 6.025881 3.342393
v 5.114848 6.025852 3.376781
v 5.088150 6.046000 3.310843
v 5.067502 6.046029 3.345142
v 5.010409 6.046000 3.427189
v 5.034196 6.046029 3.394988
v 4.381635 6.025881 4.282428
v 4.354808 6.025852 4.312154
v 4.341486 6.046000 4.242274
v 4.287802 6.059047 4.245142
v 4.314544 6.046029 4.271886
v 4.245410 6.059046 4.287533
v 4.272154 6.046029 4.314276
v 4.312423 6.025853 4.354540
v 4.185590 6.542835 1.652462
v 4.172184 6.542811 1.690197
v 4.207720 6.531843 1.704918
v 4.131893 6.558681 1.630216
v 4.118328 6.558705 1.667886
v 4.095378 6.558705 1.723290
v 4.184774 6.531843 1.760314
v 4.149238 6.542811 1.745596
v -1.081311 6.322326 5.129971
v -1.092517 6.304181 5.186320
v -3.703375 6.542779 2.555047
v -3.727304 6.542756 2.522936
v -3.759286 6.531788 2.544305
v -3.655047 6.558626 2.522759
v -3.678831 6.558650 2.490552
v -3.712148 6.558650 2.440689
v -3.792598 6.531788 2.494449
v -3.760617 6.542756 2.473079
v -3.188780 6.558627 3.090907
v -3.161831 6.558650 3.120518
v -3.229876 6.542779 3.132008
v -3.203050 6.542756 3.161742
v -3.130916 6.542779 3.230968
v -3.160650 6.542756 3.204142
v -3.089815 6.558626 3.189872
v -3.119426 6.558650 3.162923
v -2.613615 5.730535 6.405330
v -2.668991 5.730535 6.382392
v -2.705212 5.730505 6.365344
v -2.726721 5.708823 6.417276
v -2.704815 5.694221 6.468886
v -2.690561 5.708793 6.434471
v -2.649443 5.694221 6.491822
v -2.635188 5.708793 6.457407
v -1.972473 6.322352 4.857503
v -1.934805 6.322326 4.871067
v -2.064094 6.322326 4.817513
v -2.027868 6.322352 4.834558
v -2.086077 6.304181 4.870594
v -2.049916 6.304154 4.887794
v -1.956793 6.304181 4.924145
v -1.994526 6.304154 4.910738
v -2.882600 6.304181 4.444843
v -2.916992 6.304154 4.424333
v -2.938127 6.291793 4.455962
v -2.850679 6.322326 4.397075
v -2.884977 6.322352 4.376424
v -2.934831 6.322353 4.343113
v -2.987975 6.291793 4.422655
v -2.966841 6.304154 4.391025
v -3.324552 6.059398 5.034287
v -3.345565 6.046381 5.065733
v -3.374399 6.059398 5.000979
v -3.427612 6.046351 5.008640
v -3.395410 6.046381 5.032427
v -3.459156 6.026233 5.055855
v -3.447922 6.012506 5.111023
v -3.427044 6.026204 5.079776
v -3.398083 6.012505 5.144325
v -3.377204 6.026204 5.113079
v -4.398293 6.321936 2.851066
v -4.377643 6.321963 2.885365
v -4.345848 6.333693 2.864119
v -4.446062 6.303792 2.882987
v -4.457181 6.291403 2.938514
v -4.425551 6.303765 2.917380
v -4.423873 6.291403 2.988362
v -4.392243 6.303765 2.967229
v -4.312535 6.333693 2.913974
v -4.344332 6.321962 2.935218
v -4.871812 6.303791 2.086465
v -4.889013 6.303765 2.050303
v -4.818732 6.321936 2.064481
v -4.800448 6.333693 2.013622
v -4.835777 6.321962 2.028255
v -4.823394 6.333693 1.958226
v -4.858723 6.321963 1.972861
v -4.911956 6.303765 1.994914
v -2.024033 6.728661 3.163299
v -2.058432 6.728641 3.142791
v -2.080073 6.719555 3.175176
v -1.991336 6.741534 3.114371
v -2.003863 6.749561 3.061131
v -2.025635 6.741554 3.093713
v -2.053737 6.749561 3.027807
v -2.075507 6.741554 3.060390
v -2.108299 6.728641 3.109471
v -2.129937 6.719555 3.141858
v -1.380325 6.741554 3.431972
v -1.342655 6.741534 3.445542
v -1.435740 6.741554 3.409019
v -1.471973 6.741534 3.391977
v -1.494489 6.728661 3.446346
v -1.458326 6.728641 3.463554
v -1.365178 6.728661 3.499908
v -1.402918 6.728642 3.486506
v -1.745599 6.854922 2.566644
v -1.695725 6.854922 2.599969
v -4.150173 6.542756 1.744271
v -4.185710 6.531788 1.758990
v -4.096314 6.558650 1.721966
v -4.119263 6.558650 1.666561
v -4.132829 6.558627 1.628891
v -4.186525 6.542779 1.651137
v -4.208656 6.531788 1.703593
v -4.173120 6.542756 1.688873
v -5.427471 5.419020 5.467928
v -5.469851 5.419020 5.425548
v -3.463001 6.728303 1.461265
v -3.408465 6.741216 1.438679
v -3.372261 6.749223 1.423684
v -3.395216 6.749223 1.368267
v -3.444988 6.741196 1.345594
v -3.431419 6.741216 1.383264
v -3.499355 6.728323 1.368116
v -3.485952 6.728303 1.405856
v -6.829487 5.708435 1.419495
v -6.774355 5.730115 1.408530
v -6.383611 5.730145 2.669378
v -6.366562 5.730115 2.705599
v -6.406549 5.730145 2.614002
v -6.420105 5.730115 2.576335
v -6.472037 5.708434 2.597848
v -6.458626 5.708404 2.635575
v -6.435689 5.708404 2.690948
v -6.418496 5.708434 2.727108
v -2.521667 6.558627 3.656139
v -2.489460 6.558650 3.679923
v -2.467956 6.568724 3.647738
v -2.553955 6.542779 3.704467
v -2.521844 6.542756 3.728396
v -2.471987 6.542756 3.761709
v -2.418091 6.568724 3.681057
v -2.439597 6.558650 3.713240
v -0.779113 6.741534 3.616491
v -0.790590 6.728661 3.674208
v -5.145544 6.012116 3.398471
v -5.114298 6.025815 3.377591
v -5.112242 6.012116 3.448309
v -5.080995 6.025815 3.427432
v -5.033646 6.045991 3.395798
v -5.002198 6.059009 3.374787
v -5.035505 6.059008 3.324939
v -5.066952 6.045991 3.345952
v -5.784217 5.708404 3.897305
v -5.706260 5.744362 3.845219
v -5.737348 5.730145 3.865990
v -5.739561 5.744362 3.795380
v -5.791292 5.730115 3.781854
v -5.770648 5.730145 3.816152
v -5.838028 5.708434 3.813085
v -5.817515 5.708404 3.847471
v -4.979339 5.694221 4.935036
v -4.952999 5.708793 4.908695
v -4.936958 5.694221 4.977415
v -4.910618 5.708793 4.951076
v -4.870758 5.730535 4.911218
v -4.844320 5.744751 4.884781
v -4.886704 5.744751 4.842397
v -4.913141 5.730535 4.868835
v -4.403189 6.542780 0.936894
v -4.346183 6.558627 0.925558
v -3.812697 5.708824 5.836810
v -3.847083 5.708793 5.816297
v -3.781466 5.730505 5.790073
v -3.794993 5.744751 5.738342
v -3.815765 5.730535 5.769429
v -3.844831 5.744751 5.705041
v -3.865602 5.730535 5.736129
v -3.896918 5.708793 5.782998
v -2.914907 5.419020 7.132708
v -2.970279 5.419020 7.109772
v -4.282850 6.026233 4.379866
v -4.312577 6.026204 4.353039
v -4.339150 6.012506 4.379611
v -4.242697 6.046352 4.339717
v -4.272308 6.046381 4.312775
v -4.314698 6.046381 4.270385
v -4.354962 6.026205 4.310654
v -4.381535 6.012506 4.337227
v -2.882800 6.854584 1.156017
v -2.859845 6.854584 1.211434
v -3.673654 6.728323 0.793528
v -3.615937 6.741196 0.782051
v 2.110300 6.728339 -3.109200
v 2.060433 6.728339 -3.142520
v 2.077508 6.741243 -3.060117
v 2.085656 6.765053 -3.036311
v 2.027635 6.741243 -3.093441
v -3.614640 6.741672 -0.780516
v -3.672358 6.728798 -0.791994
v -2.050611 6.303844 -4.888481
v -2.065167 6.291483 -4.923626
v -2.028562 6.322042 -4.835245
v -2.013929 6.333772 -4.799915
v -1.958533 6.333772 -4.822861
v -1.973168 6.322042 -4.858190
v -1.995221 6.303844 -4.911424
v -2.009779 6.291483 -4.946568
v -1.703900 6.531867 -4.208123
v -1.689180 6.542835 -4.172587
v -1.651444 6.542859 -4.185993
v -1.759297 6.531867 -4.185177
v -1.780740 6.542859 -4.132436
v -1.744578 6.542835 -4.149641
v -1.758501 6.558705 -4.078737
v -1.722273 6.558729 -4.095781
v -1.629198 6.558706 -4.132296
v -1.666868 6.558729 -4.118731
v -4.184952 6.531926 -1.759302
v -4.149415 6.542893 -1.744583
v -4.207898 6.531926 -1.703905
v -4.172362 6.542893 -1.689185
v -4.082744 6.568861 -1.652059
v -4.118505 6.558788 -1.666873
v -4.059793 6.568861 -1.707466
v -4.095556 6.558788 -1.722277
v -0.937201 6.542859 -4.402656
v -0.925865 6.558705 -4.345650
v -4.303700 5.418710 -6.391439
v -4.253867 5.418710 -6.424737
v -3.816459 5.730225 -5.770115
v -3.795687 5.744442 -5.739028
v -3.868474 5.693911 -5.847955
v -3.847778 5.708483 -5.816983
v -3.918307 5.693911 -5.814658
v -3.897612 5.708483 -5.783684
v -3.866297 5.730225 -5.736815
v -3.845526 5.744442 -5.705728
v -2.608659 6.749640 -2.564312
v -2.636367 6.741633 -2.592022
v -2.566244 6.749640 -2.606727
v -2.593954 6.741633 -2.634435
v -2.663238 6.719634 -2.703713
v -2.635695 6.728720 -2.676172
v -2.705645 6.719634 -2.661306
v -2.678103 6.728720 -2.633763
v -2.174057 6.855001 -2.214540
v -2.216472 6.855001 -2.172126
v -2.564794 6.855060 -1.747003
v -2.598119 6.855060 -1.697129
v -3.204449 6.542835 -3.160118
v -3.135860 6.568803 -3.091522
v -3.163230 6.558729 -3.118894
v -3.093453 6.568803 -3.133929
v -3.091214 6.558706 -3.188247
v -3.120825 6.558729 -3.161299
v -3.132315 6.542859 -3.229343
v -3.162049 6.542835 -3.202518
v -3.498058 6.728798 -1.366582
v -3.484655 6.728779 -1.404321
v -3.520640 6.719692 -1.419228
v -3.443692 6.741672 -1.344059
v -3.430122 6.741692 -1.381729
v -3.407168 6.741691 -1.437144
v -3.390127 6.741672 -1.473376
v -3.444495 6.728799 -1.495893
v -3.497690 6.719693 -1.474635
v -3.461704 6.728778 -1.459730
v -3.107621 6.728779 -2.109703
v -3.161449 6.728799 -2.025436
v -3.140941 6.728779 -2.059836
v -3.112521 6.741672 -1.992740
v -3.059281 6.749699 -2.005267
v -3.091863 6.741692 -2.027039
v -3.025957 6.749699 -2.055141
v -3.058539 6.741692 -2.076911
v -2.473386 6.542835 -3.760085
v -2.438990 6.542859 -3.780595
v -2.523243 6.542835 -3.726772
v -2.555354 6.542859 -3.702843
v -2.523066 6.558705 -3.654515
v -2.490859 6.558729 -3.678298
v -2.440996 6.558729 -3.711616
v -2.406697 6.558706 -3.732270
v -6.773597 5.730252 -1.408842
v -6.828728 5.708571 -1.419807
v -5.468389 5.418769 -5.428171
v -5.426009 5.418769 -5.470551
v -4.935496 5.693969 -4.980039
v -4.909156 5.708542 -4.953699
v -4.977876 5.693969 -4.937658
v -4.978364 5.708572 -4.881595
v -4.951536 5.708542 -4.911318
v -4.938618 5.730253 -4.841846
v -4.911679 5.730284 -4.871458
v -4.869296 5.730284 -4.913841
v -2.403763 6.025922 -5.636583
v -2.367602 6.025894 -5.653780
v -2.382036 6.046041 -5.584121
v -2.331341 6.059088 -5.566226
v -2.345813 6.046071 -5.601169
v -2.275953 6.059088 -5.589169
v -2.290427 6.046071 -5.624110
v -2.312222 6.025894 -5.676719
v -5.712802 5.730253 -3.898500
v -5.736589 5.730283 -3.866302
v -5.705502 5.744500 -3.845531
v -5.759541 5.708571 -3.929728
v -5.783459 5.708541 -3.897617
v -5.837271 5.708572 -3.813397
v -5.816757 5.708541 -3.847783
v -5.790534 5.730253 -3.782166
v -5.738803 5.744500 -3.795692
v -5.769889 5.730283 -3.816464
v -6.471279 5.708572 -2.598160
v -6.457868 5.708541 -2.635887
v -6.419347 5.730253 -2.576647
v -6.405790 5.730283 -2.614314
v -6.365804 5.730253 -2.705911
v -6.382853 5.730283 -2.669690
v -6.417737 5.708571 -2.727421
v -6.434932 5.708541 -2.691260
v -5.032888 6.046129 -3.396110
v -5.001440 6.059146 -3.375099
v -5.111484 6.012254 -3.448621
v -5.080237 6.025952 -3.427744
v -5.144785 6.012253 -3.398782
v -5.113540 6.025952 -3.377903
v -5.066194 6.046129 -3.346264
v -5.034748 6.059146 -3.325251
v -4.343574 6.322101 -2.935531
v -4.391485 6.303903 -2.967541
v -4.423115 6.291541 -2.988674
v -4.456422 6.291541 -2.938827
v -4.445304 6.303929 -2.883300
v -4.424793 6.303903 -2.917692
v -4.397535 6.322074 -2.851378
v -4.376884 6.322100 -2.885677
v -4.888255 6.303903 -2.050616
v -4.871055 6.303929 -2.086777
v -4.911198 6.303903 -1.995226
v -4.822636 6.333830 -1.958538
v -4.857964 6.322100 -1.973173
v -4.799690 6.333830 -2.013934
v -4.817974 6.322074 -2.064793
v -4.835019 6.322101 -2.028567
v -3.427739 6.025894 -5.080462
v -3.448616 6.012196 -5.111710
v -3.396105 6.046071 -5.033113
v -3.311960 6.046041 -5.087066
v -3.346259 6.046071 -5.066419
v -3.343510 6.025923 -5.134278
v -3.398778 6.012196 -5.145011
v -3.377898 6.025894 -5.113765
vn 1.0000 -0.0000 -0.0000
vn 0.9808 -0.0000 -0.1951
vn 0.9808 -0.0000 0.1951
vn 0.9239 -0.0000 0.3827
vn 0.8315 -0.0000 0.5556
vn 0.7071 -0.0000 0.7071
vn 0.5556 -0.0000 0.8315
vn 0.3827 -0.0000 0.9239
vn 0.1951 -0.0000 0.9808
vn -0.0000 -0.0000 1.0000
vn -0.1951 -0.0000 0.9808
vn -0.3827 -0.0000 0.9239
vn -0.5556 -0.0000 0.8315
vn -0.7071 -0.0000 0.7071
vn -0.8315 -0.0000 0.5556
vn -0.9239 -0.0000 0.3827
vn -0.9808 -0.0000 0.1951
vn -1.0000 -0.0000 -0.0000
vn -0.9808 -0.0000 -0.1951
vn -0.9239 -0.0000 -0.3827
vn -0.8315 -0.0000 -0.5556
vn -0.7071 -0.0000 -0.7071
vn -0.5556 -0.0000 -0.8315
vn -0.3827 -0.0000 -0.9239
vn -0.1951 -0.0000 -0.9808
vn -0.0000 -0.0000 -1.0000
vn 0.1951 -0.0000 -0.9808
vn 0.3827 -0.0000 -0.9239
vn 0.5556 -0.0000 -0.8315
vn 0.7071 -0.0000 -0.7071
vn 0.8315 -0.0000 -0.5556
vn 0.9239 -0.0000 -0.3827
vn 0.6935 0.7071 0.1380
vn 0.6533 0.7071 0.2706
vn 0.7071 0.7071 -0.0000
vn 0.6935 0.7071 -0.1380
vn 0.6533 0.7071 -0.2706
vn 0.6251 0.7054 -0.3341
vn 0.6746 0.2129 -0.7068
vn -0.7068 0.2129 0.6746
vn -0.7068 0.2129 -0.6746
vn 0.6746 0.2129 0.7068
vn -0.6746 0.2129 0.7068
vn 0.6251 0.7054 0.3341
vn -0.0000 1.0000 -0.0000
vn 0.9599 -0.2802 -0.0000
vn 0.9621 -0.2728 -0.0006
vn 0.9640 -0.2658 -0.0004
vn -0.9678 -0.2519 -0.0000
vn -0.9660 -0.2585 -0.0006
vn -0.9640 -0.2658 -0.0004
vn -0.9621 -0.2728 -0.0006
vn -0.9599 -0.2802 -0.0000
vn 0.9660 -0.2585 -0.0006
vn 0.9678 -0.2519 -0.0000
vn 0.7139 -0.7002 -0.0000
vn 0.2732 -0.7002 -0.6596
vn 0.5000 -0.7071 0.5000
vn 0.5880 -0.7070 0.3929
vn 0.2706 -0.7071 0.6533
vn 0.3929 -0.7070 0.5880
vn -0.0000 -0.7071 0.7071
vn 0.1380 -0.7070 0.6936
vn -0.2706 -0.7071 0.6533
vn -0.1380 -0.7070 0.6936
vn -0.5000 -0.7071 0.5000
vn -0.3929 -0.7070 0.5880
vn -0.6533 -0.7071 0.2706
vn -0.5880 -0.7070 0.3929
vn -0.7071 -0.7071 -0.0000
vn -0.6936 -0.7070 0.1380
vn -0.6533 -0.7071 -0.2706
vn -0.6936 -0.7070 -0.1380
vn -0.5000 -0.7071 -0.5000
vn -0.5880 -0.7070 -0.3929
vn -0.2706 -0.7071 -0.6533
vn -0.3929 -0.7070 -0.5880
vn -0.0000 -0.7071 -0.7071
vn -0.1380 -0.7070 -0.6936
vn 0.2706 -0.7071 -0.6533
vn 0.1380 -0.7070 -0.6936
vn 0.5000 -0.7071 -0.5000
vn 0.3929 -0.7070 -0.5880
vn 0.6533 -0.7071 -0.2706
vn 0.5880 -0.7070 -0.3929
vn 0.7071 -0.7071 -0.0000
vn 0.6936 -0.7070 -0.1380
vn 0.6533 -0.7071 0.2706
vn 0.6936 -0.7070 0.1380
vn -0.0000 -1.0000 -0.0000
vn 0.4714 -0.0000 0.8819
vn 0.2903 -0.0000 0.9569
vn -0.4484 -0.7071 -0.5468
vn -0.4488 -0.7071 -0.5465
vn -0.3331 -0.7071 -0.6237
vn -0.3336 -0.7071 -0.6235
vn 0.2903 -0.0000 -0.9569
vn 0.4714 -0.0000 -0.8819
vn -0.0696 -0.7071 0.7037
vn -0.0691 -0.7071 0.7037
vn -0.2055 -0.7071 0.6766
vn -0.2050 -0.7071 0.6767
vn 0.7730 -0.0000 0.6344
vn 0.6344 -0.0000 0.7730
vn -0.6235 -0.7071 -0.3336
vn -0.6237 -0.7071 -0.3331
vn -0.5465 -0.7071 -0.4488
vn -0.5466 -0.7071 -0.4486
vn 0.9569 -0.0000 0.2903
vn 0.8819 -0.0000 0.4714
vn -0.7037 -0.7071 -0.0696
vn -0.7037 -0.7071 -0.0691
vn -0.6767 -0.7071 -0.2052
vn -0.6766 -0.7071 -0.2053
vn 0.9952 -0.0000 -0.0980
vn 0.9952 -0.0000 0.0980
vn -0.6766 -0.7071 0.2053
vn -0.6766 -0.7071 0.2055
vn -0.7037 -0.7071 0.0691
vn -0.7037 -0.7071 0.0696
vn 0.8819 -0.0000 -0.4714
vn 0.9569 -0.0000 -0.2903
vn -0.5466 -0.7071 0.4486
vn -0.5465 -0.7071 0.4488
vn -0.6237 -0.7071 0.3331
vn -0.6237 -0.7071 0.3333
vn 0.6344 -0.0000 -0.7730
vn 0.7730 -0.0000 -0.6344
vn -0.3336 -0.7071 0.6235
vn -0.3331 -0.7071 0.6237
vn -0.4488 -0.7071 0.5465
vn -0.0980 -0.0000 -0.9952
vn 0.0980 -0.0000 -0.9952
vn 0.2050 -0.7071 0.6767
vn 0.2055 -0.7071 0.6766
vn 0.0691 -0.7071 0.7037
vn 0.0696 -0.7071 0.7037
vn -0.4714 -0.0000 -0.8819
vn -0.2903 -0.0000 -0.9569
vn 0.4484 -0.7071 0.5468
vn 0.4488 -0.7071 0.5465
vn 0.3331 -0.7071 0.6237
vn 0.3336 -0.7071 0.6235
vn -0.7730 -0.0000 -0.6344
vn -0.6344 -0.0000 -0.7730
vn 0.6235 -0.7071 0.3336
vn 0.6237 -0.7071 0.3331
vn 0.5465 -0.7071 0.4488
vn 0.5466 -0.7071 0.4486
vn -0.9569 -0.0000 -0.2903
vn -0.8819 -0.0000 -0.4714
vn 0.7037 -0.7071 0.0696
vn 0.7037 -0.7071 0.0691
vn 0.6767 -0.7071 0.2052
vn 0.6766 -0.7071 0.2053
vn -0.9952 -0.0000 0.0980
vn -0.9952 -0.0000 -0.0980
vn 0.6766 -0.7071 -0.2053
vn 0.6766 -0.7071 -0.2055
vn 0.7037 -0.7071 -0.0691
vn 0.7037 -0.7071 -0.0696
vn -0.8819 -0.0000 0.4714
vn -0.9569 -0.0000 0.2903
vn 0.5466 -0.7071 -0.4486
vn 0.5465 -0.7071 -0.4488
vn 0.6237 -0.7071 -0.3331
vn 0.6237 -0.7071 -0.3333
vn -0.6344 -0.0000 0.7730
vn -0.7730 -0.0000 0.6344
vn 0.3336 -0.7071 -0.6235
vn 0.3331 -0.7071 -0.6237
vn 0.4488 -0.7071 -0.5465
vn -0.2903 -0.0000 0.9569
vn -0.4714 -0.0000 0.8819
vn 0.0696 -0.7071 -0.7037
vn 0.0691 -0.7071 -0.7037
vn 0.2055 -0.7071 -0.6766
vn 0.2050 -0.7071 -0.6767
vn -0.2050 -0.7071 -0.6767
vn -0.2055 -0.7071 -0.6766
vn -0.0691 -0.7071 -0.7037
vn -0.0696 -0.7071 -0.7037
vn 0.0980 -0.0000 0.9952
vn -0.0980 -0.0000 0.9952
vn 0.8815 -0.0000 -0.4722
vn 0.9951 -0.0000 0.0990
vn 0.4722 -0.0000 0.8815
vn -0.0989 -0.0000 0.9951
vn -0.8815 -0.0000 0.4722
vn -0.9951 -0.0000 -0.0989
vn 0.9951 -0.0000 0.0989
vn 0.5879 -0.7071 0.3928
vn 0.4481 -0.7071 -0.5470
vn -0.4481 -0.7071 0.5470
vn -0.3928 -0.7071 0.5879
vn 0.5470 -0.7071 0.4481
vn -0.5470 -0.7071 -0.4481
vn -0.5879 -0.7071 -0.3928
vn 0.3928 -0.7071 -0.5879
vn 0.4722 -0.0000 -0.8815
vn 0.8815 -0.0000 0.4722
vn -0.4722 -0.0000 0.8815
vn 0.9572 -0.0000 0.2894
vn 0.7736 -0.0000 -0.6337
vn 0.1383 -0.7054 -0.6952
vn -0.5893 -0.7054 0.3938
vn 0.3938 -0.7054 0.5893
vn 0.5000 0.7071 -0.5000
vn 0.4497 0.7054 -0.5479
vn 0.5479 0.7054 -0.4497
vn -0.7071 0.7071 -0.0000
vn -0.6935 0.7071 -0.1379
vn -0.6935 0.7071 0.1380
vn -0.6533 0.7071 0.2706
vn -0.5879 0.7071 0.3928
vn -0.5000 0.7071 0.5000
vn -0.3928 0.7071 0.5879
vn -0.2706 0.7071 0.6533
vn -0.1380 0.7071 0.6935
vn -0.0000 0.7071 0.7071
vn 0.1380 0.7071 0.6935
vn 0.2706 0.7071 0.6533
vn 0.3928 0.7071 0.5879
vn 0.5000 0.7071 0.5000
vn 0.5879 0.7071 0.3928
vn 0.6935 0.7071 0.1379
vn 0.6935 0.7071 -0.1379
vn 0.5879 0.7071 -0.3928
vn 0.3928 0.7071 -0.5879
vn 0.2706 0.7071 -0.6533
vn 0.1380 0.7071 -0.6935
vn -0.0000 0.7071 -0.7071
vn -0.1380 0.7071 -0.6935
vn -0.2706 0.7071 -0.6533
vn -0.3928 0.7071 -0.5879
vn -0.5000 0.7071 -0.5000
vn -0.5879 0.7071 -0.3928
vn -0.6533 0.7071 -0.2706
vn 0.1379 0.7071 -0.6935
vn -0.1379 0.7071 -0.6935
vn -0.6935 0.7071 -0.1380
vn -0.1379 0.7071 0.6935
vn 0.1379 0.7071 0.6935
vn -0.4527 -0.7071 0.5432
vn 0.5432 -0.7071 -0.4527
vn -0.6261 -0.7071 0.3286
vn 0.6751 -0.7071 -0.2104
vn -0.6751 -0.7071 -0.2104
vn 0.6261 -0.7071 0.3286
vn -0.5432 -0.7071 -0.4527
vn 0.4527 -0.7071 0.5432
vn 0.4527 -0.7071 -0.5432
vn -0.5432 -0.7071 0.4527
vn 0.6261 -0.7071 -0.3286
vn -0.6751 -0.7071 0.2104
vn 0.6751 -0.7071 0.2104
vn -0.6261 -0.7071 -0.3286
vn 0.0640 -0.7071 0.7042
vn 0.0640 -0.7071 -0.7042
vn -0.6337 -0.0000 0.7736
vn -0.8815 -0.0000 -0.4722
vn 0.7736 -0.0000 0.6337
vn 0.6337 -0.0000 -0.7736
vn 0.5470 0.7071 0.4481
vn -0.6233 0.7071 -0.3339
vn -0.7736 -0.0000 -0.6337
vn 0.7068 0.2129 0.6746
vn -0.6746 0.2129 -0.7068
vn -0.6251 0.7054 -0.3341
vn -0.6251 0.7054 0.3341
vn -0.3341 0.7054 0.6251
vn 0.3341 0.7054 0.6251
vn -0.9621 -0.2728 0.0006
vn -0.9640 -0.2658 0.0004
vn 0.9660 -0.2585 0.0006
vn 0.9640 -0.2658 0.0004
vn -0.9660 -0.2585 0.0006
vn 0.9621 -0.2728 0.0006
vn -0.0000 -0.2802 -0.9599
vn -0.0006 -0.2727 -0.9621
vn -0.0004 -0.2658 -0.9640
vn -0.0000 -0.2519 0.9678
vn -0.0006 -0.2586 0.9660
vn -0.0004 -0.2658 0.9640
vn -0.0006 -0.2586 -0.9660
vn -0.0000 -0.2519 -0.9678
vn -0.0006 -0.2727 0.9621
vn -0.0000 -0.2802 0.9599
vn 0.6596 -0.7002 0.2732
vn -0.0000 -0.7002 0.7139
vn -0.5048 -0.7002 0.5048
vn -0.0990 -0.0000 0.9951
vn -0.9951 -0.0000 -0.0990
vn -0.4722 -0.0000 -0.8815
vn 0.0990 -0.0000 -0.9951
vn 0.0989 -0.0000 -0.9951
vn 0.3339 -0.7071 -0.6233
vn -0.3339 -0.7071 0.6233
vn -0.6233 -0.7071 -0.3339
vn 0.6233 -0.7071 0.3339
vn -0.9572 -0.0000 -0.2894
vn -0.7736 -0.0000 0.6337
vn 0.2894 -0.0000 -0.9572
vn -0.6337 -0.0000 -0.7736
vn -0.1596 -0.5753 0.8022
vn -0.3130 -0.5754 0.7556
vn -0.4544 -0.5753 0.6801
vn -0.5783 -0.5754 0.5783
vn -0.6801 -0.5753 0.4544
vn -0.7556 -0.5754 0.3130
vn -0.8022 -0.5753 0.1596
vn -0.8179 -0.5754 -0.0000
vn -0.8022 -0.5753 -0.1596
vn -0.7556 -0.5754 -0.3130
vn -0.6801 -0.5753 -0.4544
vn -0.5783 -0.5754 -0.5783
vn -0.4544 -0.5753 -0.6801
vn -0.3130 -0.5754 -0.7556
vn -0.1596 -0.5753 -0.8022
vn -0.0000 -0.5754 -0.8179
vn 0.1596 -0.5753 -0.8022
vn 0.3130 -0.5754 -0.7556
vn 0.4544 -0.5753 -0.6801
vn 0.5783 -0.5754 -0.5783
vn 0.6801 -0.5753 -0.4544
vn 0.7556 -0.5754 -0.3130
vn 0.8022 -0.5753 -0.1596
vn 0.8179 -0.5754 -0.0000
vn 0.8022 -0.5753 0.1596
vn 0.7556 -0.5754 0.3130
vn 0.6801 -0.5753 0.4544
vn 0.5783 -0.5754 0.5783
vn 0.4544 -0.5753 0.6801
vn 0.3130 -0.5754 0.7556
vn 0.1596 -0.5753 0.8022
vn -0.0000 -0.5754 0.8179
vn -0.6952 -0.7054 -0.1383
vn -0.1383 -0.7054 0.6952
vn 0.5893 -0.7054 -0.3938
vn -0.3938 -0.7054 -0.5893
vn -0.4497 0.7054 0.5479
vn -0.5479 0.7054 0.4497
vn -0.5479 0.7054 -0.4497
vn -0.4497 0.7054 -0.5479
vn 0.5479 0.7054 0.4497
vn 0.4497 0.7054 0.5479
vn -0.7042 -0.7071 0.0640
vn 0.7042 -0.7071 0.0640
vn -0.3286 -0.7071 -0.6261
vn 0.2104 -0.7071 0.6751
vn -0.0640 -0.7071 -0.7042
vn -0.0640 -0.7071 0.7042
vn 0.2104 -0.7071 -0.6751
vn -0.3286 -0.7071 0.6261
vn -0.2104 -0.7071 0.6751
vn 0.3286 -0.7071 -0.6261
vn 0.3339 0.7071 -0.6233
vn -0.4481 0.7071 0.5470
vn 0.4481 0.7071 -0.5470
vn -0.3339 0.7071 0.6233
vn 0.6233 0.7071 0.3339
vn -0.5470 0.7071 -0.4481
vn 0.3341 0.7054 -0.6251
vn -0.3341 0.7054 -0.6251
vn 0.7068 0.2129 -0.6746
vn 0.0004 -0.2658 -0.9640
vn 0.0006 -0.2586 -0.9660
vn 0.0006 -0.2727 -0.9621
vn 0.0004 -0.2658 0.9640
vn 0.0006 -0.2586 0.9660
vn 0.0006 -0.2727 0.9621
vn -0.3169 0.9485 -0.0000
vn -0.3167 0.9480 0.0312
vn -0.2995 0.9541 -0.0012
vn 0.5048 -0.7002 0.5048
vn 0.2732 -0.7002 0.6596
vn -0.2732 -0.7002 0.6596
vn -0.6596 -0.7002 0.2732
vn -0.7139 -0.7002 -0.0000
vn -0.5048 -0.7002 -0.5048
vn -0.0000 -0.7002 -0.7139
vn 0.5048 -0.7002 -0.5048
vn 0.6596 -0.7002 -0.2732
vn 0.5239 -0.0000 0.8518
vn -0.9874 -0.0000 -0.1581
vn -0.8518 -0.0000 0.5239
vn -0.5239 -0.0000 -0.8518
vn 0.8518 -0.0000 -0.5239
vn -0.1581 -0.0000 0.9874
vn -0.2478 -0.7620 0.5983
vn -0.1264 -0.7619 0.6352
vn -0.3598 -0.7619 0.5385
vn -0.4579 -0.7620 0.4579
vn -0.5983 -0.7620 -0.2478
vn -0.6352 -0.7619 -0.1264
vn -0.5385 -0.7619 -0.3598
vn -0.4579 -0.7620 -0.4579
vn 0.1581 -0.0000 -0.9874
vn 0.2478 -0.7620 -0.5983
vn 0.1264 -0.7619 -0.6352
vn 0.3598 -0.7619 -0.5385
vn 0.4579 -0.7620 -0.4579
vn 0.9874 -0.0000 0.1581
vn 0.5983 -0.7620 0.2478
vn 0.6352 -0.7619 0.1264
vn 0.5385 -0.7619 0.3598
vn 0.4579 -0.7620 0.4579
vn 0.3598 -0.7619 0.5385
vn -0.0000 -0.7620 0.6476
vn -0.5385 -0.7619 0.3598
vn -0.6476 -0.7620 -0.0000
vn -0.3598 -0.7619 -0.5385
vn -0.0000 -0.7620 -0.6476
vn 0.5385 -0.7619 -0.3598
vn 0.6476 -0.7620 -0.0000
vn -0.5983 -0.7620 0.2478
vn -0.6352 -0.7619 0.1264
vn -0.2478 -0.7620 -0.5983
vn -0.1264 -0.7619 -0.6352
vn 0.5983 -0.7620 -0.2478
vn 0.6352 -0.7619 -0.1264
vn 0.2478 -0.7620 0.5983
vn 0.1264 -0.7619 0.6352
vn 0.6952 -0.7054 0.1383
vn 0.7042 -0.7071 -0.0640
vn -0.7042 -0.7071 -0.0640
vn 0.5432 -0.7071 0.4527
vn -0.4527 -0.7071 -0.5432
vn 0.3286 -0.7071 0.6261
vn -0.2104 -0.7071 -0.6751
vn 0.5082 0.8612 -0.0000
vn 0.4398 0.8981 -0.0000
vn 0.4603 0.8841 0.0812
vn 0.4985 0.8612 0.0992
vn 0.4694 0.8611 0.1953
vn 0.4695 0.8612 0.1945
vn 0.4223 0.8611 0.2831
vn 0.4226 0.8612 0.2824
vn 0.3589 0.8611 0.3601
vn 0.3594 0.8612 0.3594
vn 0.2818 0.8611 0.4232
vn 0.2824 0.8612 0.4226
vn 0.1938 0.8611 0.4700
vn 0.1945 0.8612 0.4695
vn 0.0786 0.8850 0.4589
vn 0.0992 0.8612 0.4985
vn -0.0000 0.8981 0.4398
vn -0.0000 0.8612 0.5082
vn -0.0812 0.8841 0.4603
vn -0.0992 0.8612 0.4985
vn -0.1953 0.8611 0.4694
vn -0.1945 0.8612 0.4695
vn -0.2831 0.8611 0.4223
vn -0.2824 0.8612 0.4226
vn -0.3601 0.8611 0.3589
vn -0.3594 0.8612 0.3594
vn -0.4232 0.8611 0.2818
vn -0.4226 0.8612 0.2824
vn -0.4700 0.8611 0.1938
vn -0.4695 0.8612 0.1945
vn -0.4589 0.8850 0.0786
vn -0.4985 0.8612 0.0992
vn -0.4398 0.8981 -0.0000
vn -0.5082 0.8612 -0.0000
vn -0.4603 0.8841 -0.0812
vn -0.4985 0.8612 -0.0992
vn -0.4694 0.8611 -0.1953
vn -0.4695 0.8612 -0.1945
vn -0.4223 0.8611 -0.2831
vn -0.4226 0.8612 -0.2824
vn -0.3589 0.8611 -0.3601
vn -0.3594 0.8612 -0.3594
vn -0.2818 0.8611 -0.4232
vn -0.2824 0.8612 -0.4226
vn -0.1938 0.8611 -0.4700
vn -0.1945 0.8612 -0.4695
vn -0.0786 0.8850 -0.4589
vn -0.0992 0.8612 -0.4985
vn -0.0000 0.8981 -0.4398
vn -0.0000 0.8612 -0.5082
vn 0.0812 0.8841 -0.4603
vn 0.0992 0.8612 -0.4985
vn 0.1953 0.8611 -0.4694
vn 0.1945 0.8612 -0.4695
vn 0.2831 0.8611 -0.4223
vn 0.2824 0.8612 -0.4226
vn 0.3601 0.8611 -0.3589
vn 0.3594 0.8612 -0.3594
vn 0.4232 0.8611 -0.2818
vn 0.4226 0.8612 -0.2824
vn 0.4700 0.8611 -0.1938
vn 0.4695 0.8612 -0.1945
vn 0.4589 0.8850 -0.0786
vn 0.4985 0.8612 -0.0992
vn 0.3592 0.9326 -0.0336
vn 0.3592 0.9332 -0.0022
vn 0.3622 0.9314 0.0352
vn 0.3169 0.9485 -0.0000
vn 0.3167 0.9480 -0.0312
vn 0.3034 0.9529 -0.0027
vn 0.3507 0.9358 0.0345
vn 0.3038 0.9523 0.0300
vn 0.3167 0.9480 0.0312
vn 0.3003 0.9534 -0.0288
vn 0.2641 0.9641 -0.0259
vn 0.2630 0.9648 -0.0000
vn 0.3386 0.9404 0.0324
vn 0.2645 0.9640 0.0260
vn 0.3338 0.9421 0.0329
vn 0.0339 0.9328 0.3588
vn 0.0345 0.9358 0.3507
vn 0.0012 0.9336 0.3583
vn 0.0281 0.9532 0.3009
vn 0.0312 0.9480 0.3167
vn 0.0294 0.9425 0.3330
vn 0.0329 0.9421 0.3338
vn -0.0345 0.9358 0.3507
vn -0.0358 0.9314 0.3622
vn -0.0030 0.9535 0.3015
vn -0.0324 0.9404 0.3386
vn -0.0312 0.9480 0.3167
vn -0.0298 0.9523 0.3039
vn -0.0329 0.9421 0.3338
vn -0.3585 0.9329 0.0343
vn -0.3320 0.9428 0.0302
vn -0.3507 0.9358 0.0345
vn -0.3592 0.9332 0.0022
vn -0.3009 0.9532 0.0281
vn -0.3338 0.9421 0.0329
vn -0.3622 0.9314 -0.0352
vn -0.3507 0.9358 -0.0345
vn -0.3039 0.9523 -0.0297
vn -0.3373 0.9409 -0.0298
vn -0.3167 0.9480 -0.0312
vn -0.3338 0.9421 -0.0329
vn 0.1502 0.9824 -0.1111
vn 0.1383 0.9824 -0.1257
vn 0.1387 0.9824 -0.1253
vn 0.1499 0.9824 -0.1115
vn 0.1449 0.9823 0.1189
vn 0.1502 0.9824 0.1111
vn 0.1499 0.9824 0.1115
vn 0.3229 0.9306 0.1726
vn 0.3129 0.9311 0.1875
vn 0.3163 0.9294 0.1902
vn 0.3266 0.9289 0.1746
vn -0.0343 0.9329 -0.3585
vn -0.0302 0.9428 -0.3320
vn -0.0345 0.9358 -0.3507
vn -0.0012 0.9336 -0.3583
vn -0.0281 0.9532 -0.3009
vn -0.0312 0.9480 -0.3167
vn -0.0329 0.9421 -0.3338
vn 0.0352 0.9314 -0.3622
vn 0.0345 0.9358 -0.3507
vn -0.0030 0.9533 -0.3020
vn 0.0298 0.9523 -0.3039
vn 0.0298 0.9409 -0.3373
vn 0.0312 0.9480 -0.3167
vn 0.0329 0.9421 -0.3338
vn -0.1758 0.9824 -0.0632
vn -0.1794 0.9823 -0.0544
vn -0.1760 0.9824 -0.0627
vn 0.1726 0.9306 -0.3229
vn 0.1875 0.9311 -0.3129
vn 0.1902 0.9294 -0.3163
vn 0.1746 0.9289 -0.3266
vn -0.3544 0.9289 0.1075
vn -0.3474 0.9294 0.1248
vn -0.3478 0.9294 0.1239
vn 0.1794 0.9823 0.0544
vn 0.1933 0.9794 0.0586
vn 0.3507 0.9358 -0.0345
vn 0.3320 0.9428 -0.0302
vn 0.3338 0.9421 -0.0329
vn 0.2137 0.9769 -0.0000
vn 0.2156 0.9763 0.0212
vn 0.1465 0.9892 -0.0000
vn 0.1347 0.9907 0.0194
vn 0.2151 0.9764 -0.0210
vn 0.1332 0.9909 -0.0199
vn 0.1037 0.9340 -0.3418
vn 0.1000 0.9388 -0.3296
vn -0.1915 0.9583 -0.2120
vn -0.1705 0.9583 -0.2292
vn -0.1751 0.9559 -0.2360
vn -0.1973 0.9559 -0.2177
vn 0.1438 0.9705 -0.1933
vn 0.1615 0.9705 -0.1788
vn 0.1695 0.9676 -0.1871
vn 0.1519 0.9685 -0.1974
vn -0.2962 0.9294 -0.2204
vn -0.2862 0.9289 -0.2349
vn -0.2968 0.9294 -0.2195
vn 0.0211 0.9763 -0.2156
vn -0.0000 0.9769 -0.2137
vn -0.0000 0.9892 -0.1465
vn 0.0191 0.9907 -0.1344
vn -0.0000 0.9648 -0.2630
vn 0.0261 0.9640 -0.2645
vn -0.0260 0.9642 -0.2641
vn -0.0210 0.9764 -0.2151
vn -0.0199 0.9909 -0.1332
vn -0.3169 0.9294 0.1893
vn -0.3335 0.9294 0.1583
vn -0.3339 0.9294 0.1574
vn -0.3163 0.9294 0.1902
vn 0.2284 0.9381 0.2603
vn 0.2044 0.9393 0.2755
vn 0.2089 0.9363 0.2825
vn 0.2363 0.9363 0.2600
vn -0.0802 0.9611 0.2642
vn -0.0926 0.9615 0.2588
vn -0.0966 0.9583 0.2688
vn -0.0832 0.9580 0.2743
vn -0.3306 0.9363 -0.1188
vn -0.3373 0.9358 -0.1023
vn -0.3296 0.9388 -0.1000
vn -0.3230 0.9393 -0.1155
vn 0.3129 0.9311 -0.1875
vn 0.3289 0.9304 -0.1621
vn 0.3339 0.9294 -0.1574
vn 0.3163 0.9294 -0.1902
vn -0.2304 0.9393 -0.2542
vn -0.2185 0.9388 -0.2663
vn -0.2266 0.9340 -0.2761
vn -0.2338 0.9350 -0.2668
vn -0.2663 0.9388 0.2185
vn -0.2761 0.9340 0.2266
vn -0.2232 0.9304 0.2909
vn -0.2323 0.9306 0.2830
vn -0.2349 0.9289 0.2862
vn -0.2195 0.9294 0.2968
vn -0.2645 0.9640 -0.0261
vn -0.2630 0.9648 -0.0000
vn -0.2137 0.9769 -0.0000
vn -0.2156 0.9763 -0.0211
vn -0.1465 0.9892 -0.0000
vn -0.1344 0.9907 -0.0191
vn -0.2641 0.9642 0.0260
vn -0.2151 0.9764 0.0210
vn -0.1332 0.9909 0.0199
vn 0.3544 0.9289 0.1075
vn 0.3503 0.9306 0.1063
vn -0.3070 0.9454 -0.1098
vn -0.3133 0.9449 -0.0950
vn -0.2975 0.9505 -0.0902
vn -0.2959 0.9499 -0.1006
vn -0.2428 0.9673 -0.0736
vn -0.2313 0.9703 -0.0702
vn 0.1690 0.9824 -0.0796
vn 0.1601 0.9824 -0.0963
vn 0.1604 0.9824 -0.0958
vn 0.1688 0.9824 -0.0802
vn -0.1075 0.9289 -0.3544
vn -0.1248 0.9294 -0.3474
vn -0.1229 0.9311 -0.3435
vn -0.1063 0.9306 -0.3503
vn 0.1171 0.9737 0.1955
vn 0.0975 0.9737 0.2060
vn 0.1104 0.9685 0.2233
vn 0.1298 0.9676 0.2166
vn -0.2416 0.9454 -0.2189
vn -0.2531 0.9449 -0.2077
vn -0.2403 0.9505 -0.1972
vn -0.2294 0.9509 -0.2079
vn -0.1139 0.9350 0.3360
vn -0.1037 0.9340 0.3418
vn -0.1000 0.9388 0.3296
vn -0.1155 0.9393 0.3230
vn -0.1098 0.9454 0.3070
vn -0.0950 0.9449 0.3133
vn -0.0924 0.9480 0.3046
vn -0.1064 0.9483 0.2989
vn 0.0702 0.9703 0.2313
vn 0.0815 0.9706 0.2267
vn 0.0767 0.9737 0.2146
vn 0.0665 0.9734 0.2192
vn -0.0260 0.9640 0.2645
vn -0.0000 0.9648 0.2630
vn -0.0000 0.9769 0.2137
vn -0.0213 0.9763 0.2156
vn -0.0000 0.9892 0.1465
vn -0.0191 0.9907 0.1344
vn 0.0260 0.9642 0.2641
vn 0.0210 0.9764 0.2151
vn 0.0199 0.9909 0.1332
vn -0.1654 0.9823 -0.0884
vn -0.1690 0.9824 -0.0796
vn -0.1688 0.9824 -0.0802
vn -0.3544 0.9289 -0.1075
vn -0.3478 0.9294 -0.1239
vn -0.3474 0.9294 -0.1248
vn -0.1114 0.9381 -0.3279
vn -0.1000 0.9388 -0.3296
vn -0.1037 0.9340 -0.3418
vn -0.1199 0.9345 -0.3351
vn 0.0902 0.9505 0.2975
vn 0.0950 0.9449 0.3133
vn -0.0859 0.9796 -0.1815
vn -0.1032 0.9796 -0.1723
vn -0.0958 0.9824 -0.1604
vn -0.0802 0.9824 -0.1688
vn 0.0832 0.9580 -0.2743
vn 0.0958 0.9583 -0.2691
vn 0.0989 0.9559 -0.2767
vn 0.0856 0.9555 -0.2823
vn 0.0586 0.9794 0.1933
vn 0.0676 0.9796 0.1891
vn 0.0627 0.9824 0.1760
vn 0.0544 0.9823 0.1794
vn 0.2267 0.9706 0.0815
vn 0.2313 0.9703 0.0702
vn 0.2192 0.9734 0.0665
vn 0.2202 0.9726 0.0750
vn 0.1763 0.9393 0.2943
vn 0.1624 0.9388 0.3038
vn 0.1684 0.9340 0.3150
vn 0.1773 0.9350 0.3073
vn 0.1197 0.9796 0.1613
vn 0.1281 0.9794 0.1561
vn 0.1189 0.9823 0.1449
vn 0.1115 0.9824 0.1499
vn -0.1726 0.9306 -0.3229
vn -0.1560 0.9311 -0.3298
vn -0.1574 0.9294 -0.3339
vn -0.1746 0.9289 -0.3266
vn 0.0952 0.9794 -0.1781
vn 0.0859 0.9796 -0.1815
vn 0.0802 0.9824 -0.1688
vn 0.0884 0.9823 -0.1653
vn -0.3230 0.9393 0.1155
vn -0.3296 0.9388 0.1000
vn -0.3373 0.9358 0.1023
vn -0.3306 0.9363 0.1188
vn 0.2207 0.9615 0.1638
vn 0.2134 0.9611 0.1752
vn 0.2281 0.9555 0.1872
vn 0.2360 0.9559 0.1751
vn 0.1041 0.9943 -0.0207
vn 0.1062 0.9943 -0.0000
vn 0.0977 0.9944 -0.0410
vn 0.0981 0.9943 -0.0406
vn -0.0884 0.9823 0.1654
vn -0.0796 0.9824 0.1690
vn -0.0802 0.9824 0.1688
vn 0.0852 0.9946 -0.0597
vn 0.0883 0.9943 -0.0590
vn 0.0859 0.9950 -0.0511
vn 0.0825 0.9943 -0.0677
vn 0.0746 0.9944 -0.0752
vn 0.0751 0.9943 -0.0751
vn 0.0559 0.9946 -0.0876
vn 0.0402 0.9944 -0.0980
vn 0.0406 0.9943 -0.0981
vn 0.0503 0.9943 -0.0941
vn 0.0590 0.9943 -0.0883
vn 0.0677 0.9943 -0.0825
vn 0.0207 0.9943 -0.1041
vn -0.0000 0.9943 -0.1062
vn -0.0207 0.9943 -0.1041
vn -0.0409 0.9944 -0.0977
vn -0.0406 0.9943 -0.0981
vn -0.0597 0.9946 -0.0852
vn -0.0590 0.9943 -0.0883
vn -0.0511 0.9950 -0.0859
vn -0.0677 0.9943 -0.0825
vn -0.0752 0.9944 -0.0746
vn -0.0751 0.9943 -0.0751
vn -0.0876 0.9946 -0.0559
vn -0.0980 0.9944 -0.0402
vn -0.0981 0.9943 -0.0406
vn -0.0941 0.9943 -0.0503
vn -0.0883 0.9943 -0.0590
vn -0.0825 0.9943 -0.0677
vn -0.1041 0.9943 -0.0207
vn -0.1062 0.9943 -0.0000
vn -0.1041 0.9943 0.0207
vn -0.0977 0.9944 0.0409
vn -0.0981 0.9943 0.0406
vn -0.0852 0.9946 0.0597
vn -0.0883 0.9943 0.0590
vn -0.0859 0.9950 0.0511
vn -0.0825 0.9943 0.0677
vn -0.0746 0.9944 0.0752
vn -0.0751 0.9943 0.0751
vn -0.0559 0.9946 0.0876
vn -0.0402 0.9944 0.0980
vn -0.0406 0.9943 0.0981
vn -0.0503 0.9943 0.0941
vn -0.0590 0.9943 0.0883
vn -0.0677 0.9943 0.0825
vn -0.0207 0.9943 0.1041
vn -0.0000 0.9943 0.1062
vn 0.0207 0.9943 0.1041
vn 0.0409 0.9944 0.0977
vn 0.0406 0.9943 0.0981
vn 0.0597 0.9946 0.0852
vn 0.0590 0.9943 0.0883
vn 0.0511 0.9950 0.0859
vn 0.0677 0.9943 0.0825
vn 0.0752 0.9944 0.0746
vn 0.0751 0.9943 0.0751
vn 0.0876 0.9946 0.0559
vn 0.0980 0.9944 0.0402
vn 0.0981 0.9943 0.0406
vn 0.0941 0.9943 0.0503
vn 0.0883 0.9943 0.0590
vn 0.0825 0.9943 0.0677
vn 0.1041 0.9943 0.0207
vn -0.0000 0.9485 -0.3169
vn -0.6596 -0.7002 -0.2732
vn -0.2732 -0.7002 -0.6596
vn -0.2894 -0.0000 0.9572
vn 0.6337 -0.0000 0.7736
vn 0.0275 0.9994 -0.0226
vn 0.0376 0.9986 -0.0376
vn 0.0226 0.9994 -0.0275
vn -0.0226 0.9994 -0.0275
vn -0.0376 0.9986 -0.0376
vn -0.0275 0.9994 -0.0226
vn -0.0275 0.9994 0.0226
vn -0.0376 0.9986 0.0376
vn -0.0226 0.9994 0.0275
vn 0.0226 0.9994 0.0275
vn 0.0376 0.9986 0.0376
vn 0.0275 0.9994 0.0226
vn 0.7301 -0.0000 0.6833
vn -0.4131 -0.0000 0.9107
vn -0.6833 -0.0000 0.7301
vn -0.9107 -0.0000 -0.4131
vn -0.7301 -0.0000 -0.6833
vn 0.4131 -0.0000 -0.9107
vn 0.6833 -0.0000 -0.7301
vn 0.9107 -0.0000 0.4131
vn -0.9107 -0.0000 0.4131
vn -0.9995 -0.0000 -0.0331
vn -0.4131 -0.0000 -0.9107
vn 0.0331 -0.0000 -0.9995
vn 0.9107 -0.0000 -0.4131
vn 0.9995 -0.0000 0.0331
vn 0.4131 -0.0000 0.9107
vn -0.0331 -0.0000 0.9995
vn -0.3363 -0.0000 0.9417
vn -0.2426 -0.0000 0.9701
vn -0.7414 -0.0000 0.6711
vn -0.9417 -0.0000 -0.3363
vn -0.9701 -0.0000 -0.2426
vn -0.6711 -0.0000 -0.7414
vn 0.3363 -0.0000 -0.9417
vn 0.2426 -0.0000 -0.9701
vn 0.7414 -0.0000 -0.6711
vn 0.9417 -0.0000 0.3363
vn 0.9701 -0.0000 0.2426
vn 0.6711 -0.0000 0.7414
vn -0.6929 -0.0000 0.7210
vn -0.8034 -0.0000 0.5954
vn -0.9161 -0.0000 -0.4010
vn -0.4010 -0.0000 0.9161
vn 0.7210 -0.0000 0.6929
vn 0.5954 -0.0000 0.8034
vn 0.6929 -0.0000 -0.7210
vn 0.8034 -0.0000 -0.5954
vn 0.9161 -0.0000 0.4010
vn -0.7210 -0.0000 -0.6929
vn -0.5954 -0.0000 -0.8034
vn 0.4010 -0.0000 -0.9161
vn -0.6935 0.7071 0.1379
vn 0.5220 0.4111 -0.7474
vn -0.5220 0.4111 -0.7474
vn -0.5220 0.4111 0.7474
vn 0.5220 0.4111 0.7474
vn -0.7474 0.4111 -0.5220
vn -0.7474 0.4111 0.5220
vn 0.7474 0.4111 -0.5220
vn 0.7474 0.4111 0.5220
vn -0.0113 0.9999 -0.0049
vn -0.0111 0.9999 -0.0059
vn -0.0113 0.9999 -0.0046
vn 0.9271 0.0486 0.3717
vn 0.8799 0.0683 0.4703
vn 0.9182 0.0527 0.3925
vn 0.0113 0.9999 0.0049
vn 0.0111 0.9999 0.0059
vn 0.0113 0.9999 0.0046
vn -0.9271 0.0486 -0.3717
vn -0.8799 0.0683 -0.4703
vn -0.9182 0.0527 -0.3925
vn 0.0048 0.9999 -0.0113
vn 0.0059 0.9999 -0.0111
vn 0.0045 0.9999 -0.0113
vn -0.3717 0.0486 0.9271
vn -0.4703 0.0683 0.8799
vn -0.3925 0.0527 0.9182
vn -0.0048 0.9999 0.0113
vn -0.0059 0.9999 0.0111
vn -0.0045 0.9999 0.0113
vn 0.3717 0.0486 -0.9271
vn 0.4703 0.0683 -0.8799
vn 0.3925 0.0527 -0.9182
vn 0.0059 0.9999 0.0111
vn 0.0048 0.9999 0.0113
vn 0.0045 0.9999 0.0113
vn -0.4703 0.0683 -0.8799
vn -0.3717 0.0486 -0.9271
vn -0.3925 0.0527 -0.9182
vn 0.0024 0.9999 0.0117
vn 0.0023 0.9999 0.0117
vn -0.1893 0.0229 -0.9817
vn -0.2007 0.0240 -0.9794
vn -0.0000 0.9999 0.0118
vn -0.0000 0.0142 -0.9999
vn -0.0024 0.9999 0.0117
vn -0.0023 0.9999 0.0117
vn 0.1893 0.0229 -0.9817
vn 0.2007 0.0240 -0.9794
vn -0.0059 0.9999 -0.0111
vn -0.0048 0.9999 -0.0113
vn -0.0045 0.9999 -0.0113
vn 0.4703 0.0683 0.8799
vn 0.3717 0.0486 0.9271
vn 0.3925 0.0527 0.9182
vn -0.0024 0.9999 -0.0117
vn -0.0023 0.9999 -0.0117
vn 0.1893 0.0229 0.9817
vn 0.2007 0.0240 0.9794
vn -0.0000 0.9999 -0.0118
vn -0.0000 0.0142 0.9999
vn 0.0024 0.9999 -0.0117
vn 0.0023 0.9999 -0.0117
vn -0.1893 0.0229 0.9817
vn -0.2007 0.0240 0.9794
vn 0.0111 0.9999 -0.0059
vn 0.0113 0.9999 -0.0048
vn 0.0113 0.9999 -0.0045
vn -0.8799 0.0683 0.4703
vn -0.9271 0.0486 0.3717
vn -0.9182 0.0527 0.3925
vn 0.0117 0.9999 -0.0024
vn 0.0117 0.9999 -0.0023
vn -0.9817 0.0229 0.1893
vn -0.9794 0.0239 0.2007
vn 0.0118 0.9999 -0.0000
vn -0.9999 0.0142 -0.0000
vn 0.0117 0.9999 0.0024
vn 0.0117 0.9999 0.0023
vn -0.9817 0.0229 -0.1893
vn -0.9794 0.0239 -0.2007
vn -0.0111 0.9999 0.0059
vn -0.0113 0.9999 0.0048
vn -0.0113 0.9999 0.0045
vn 0.8799 0.0683 -0.4703
vn 0.9271 0.0486 -0.3717
vn 0.9182 0.0527 -0.3925
vn -0.0117 0.9999 0.0024
vn -0.0117 0.9999 0.0023
vn 0.9817 0.0229 -0.1893
vn 0.9794 0.0239 -0.2007
vn -0.0118 0.9999 -0.0000
vn 0.9999 0.0142 -0.0000
vn -0.0117 0.9999 -0.0024
vn -0.0117 0.9999 -0.0023
vn 0.9817 0.0229 0.1893
vn 0.9794 0.0239 0.2007
vn -0.3159 -0.8118 -0.4911
vn 0.4798 -0.8118 -0.3328
vn -0.4798 -0.8213 0.3087
vn 0.3252 -0.8213 0.4688
vn 0.1039 -0.8118 0.5746
vn -0.5706 -0.8118 0.1239
vn 0.5614 -0.8213 -0.1015
vn -0.1210 -0.8213 -0.5575
vn 0.3328 -0.8118 0.4798
vn 0.4911 -0.8118 -0.3159
vn -0.3087 -0.8213 -0.4798
vn -0.4688 -0.8213 0.3252
vn 0.4798 -0.8213 -0.3087
vn -0.3252 -0.8213 -0.4688
vn 0.5706 -0.8118 -0.1239
vn -0.1039 -0.8118 -0.5746
vn -0.5614 -0.8213 0.1015
vn 0.1210 -0.8213 0.5575
vn 0.1239 -0.8118 0.5706
vn 0.5746 -0.8118 -0.1039
vn -0.1015 -0.8213 -0.5614
vn -0.5575 -0.8213 0.1210
vn 0.5575 -0.8213 0.1210
vn 0.1015 -0.8213 -0.5614
vn 0.3328 -0.8118 -0.4798
vn 0.4911 -0.8118 0.3159
vn -0.4688 -0.8213 -0.3252
vn -0.3087 -0.8213 0.4798
vn 0.5706 -0.8118 0.1239
vn -0.1039 -0.8118 0.5746
vn 0.1210 -0.8213 -0.5575
vn -0.5614 -0.8213 -0.1015
vn -0.4798 -0.8118 0.3328
vn 0.3159 -0.8118 0.4911
vn 0.4688 -0.8213 0.3252
vn 0.3087 -0.8213 -0.4798
vn -0.1239 -0.8118 -0.5706
vn -0.5746 -0.8118 0.1039
vn 0.1015 -0.8213 0.5614
vn 0.5575 -0.8213 -0.1210
vn 0.3087 -0.8213 0.4798
vn 0.4688 -0.8213 -0.3252
vn -0.4911 -0.8118 -0.3159
vn -0.3328 -0.8118 0.4798
vn -0.1210 -0.8213 0.5575
vn 0.5614 -0.8213 0.1015
vn -0.3328 -0.8118 -0.4798
vn -0.4911 -0.8118 0.3159
vn -0.3252 -0.8213 0.4688
vn 0.4798 -0.8213 0.3087
vn -0.3159 -0.8118 0.4911
vn 0.4798 -0.8118 0.3328
vn 0.3252 -0.8213 -0.4688
vn -0.4798 -0.8213 -0.3087
vn 0.1039 -0.8118 -0.5746
vn -0.5706 -0.8118 -0.1239
vn -0.5575 -0.8213 -0.1210
vn -0.1015 -0.8213 0.5614
vn 0.3159 -0.8118 -0.4911
vn -0.4798 -0.8118 -0.3328
vn -0.1239 -0.8118 0.5706
vn -0.5746 -0.8118 -0.1039
vn 0.5746 -0.8118 0.1039
vn 0.1239 -0.8118 -0.5706
vn -0.0000 0.9364 -0.3509
vn 0.3509 0.9364 -0.0000
vn -0.0000 0.9485 0.3169
vn -0.0000 0.9364 0.3509
vn -0.3509 0.9364 -0.0000
vn 0.2819 0.9362 0.2097
vn 0.2607 0.9362 0.2356
vn 0.2668 0.9350 0.2338
vn 0.2859 0.9345 0.2121
vn -0.2270 0.9705 0.0808
vn -0.2313 0.9703 0.0702
vn -0.2267 0.9706 0.0815
vn 0.2930 0.9311 0.2174
vn 0.2830 0.9306 0.2323
vn 0.2862 0.9289 0.2349
vn 0.2968 0.9294 0.2195
vn 0.3296 0.9388 0.1000
vn 0.3418 0.9340 0.1037
vn 0.2349 0.9289 0.2862
vn 0.2487 0.9509 0.1845
vn 0.2403 0.9505 0.1972
vn 0.2460 0.9480 0.2019
vn 0.2551 0.9484 0.1886
vn 0.1961 0.9673 0.1609
vn 0.2028 0.9676 0.1504
vn 0.1933 0.9705 0.1438
vn 0.1869 0.9703 0.1533
vn 0.2743 0.9580 0.0832
vn -0.1176 0.9615 0.2484
vn -0.1396 0.9603 0.2414
vn -0.1472 0.9583 0.2448
vn -0.1218 0.9583 0.2584
vn 0.1752 0.9611 0.2134
vn 0.1638 0.9615 0.2207
vn 0.1698 0.9583 0.2297
vn 0.1818 0.9580 0.2215
vn 0.1627 0.9483 0.2724
vn 0.1500 0.9480 0.2807
vn 0.1543 0.9449 0.2887
vn 0.1676 0.9454 0.2797
vn 0.1574 0.9294 0.3339
vn 0.1746 0.9289 0.3266
vn 0.1726 0.9306 0.3229
vn 0.1621 0.9304 0.3289
vn 0.0832 0.9580 0.2743
vn 0.0856 0.9555 0.2823
vn 0.1000 0.9388 0.3296
vn 0.1023 0.9358 0.3373
vn -0.1902 0.9294 0.3163
vn -0.1746 0.9289 0.3266
vn -0.1893 0.9294 0.3169
vn -0.1781 0.9794 0.0952
vn -0.1723 0.9796 0.1032
vn -0.1604 0.9824 0.0958
vn -0.1654 0.9823 0.0884
vn -0.1063 0.9306 0.3503
vn -0.1075 0.9289 0.3544
vn -0.1361 0.9483 0.2866
vn -0.1500 0.9480 0.2807
vn -0.1543 0.9449 0.2887
vn -0.1394 0.9454 0.2947
vn -0.2968 0.9294 0.2195
vn -0.2862 0.9289 0.2349
vn -0.2830 0.9306 0.2323
vn -0.2909 0.9304 0.2232
vn -0.2959 0.9499 0.1006
vn -0.2975 0.9505 0.0902
vn -0.3133 0.9449 0.0950
vn -0.3070 0.9454 0.1098
vn 0.1413 0.9615 0.2358
vn 0.1302 0.9611 0.2435
vn 0.1351 0.9580 0.2528
vn 0.1472 0.9583 0.2448
vn -0.1794 0.9823 0.0544
vn -0.2743 0.9580 0.0832
vn -0.2823 0.9555 0.0856
vn -0.2294 0.9509 0.2079
vn -0.2403 0.9505 0.1972
vn -0.2531 0.9449 0.2077
vn -0.2434 0.9462 0.2132
vn -0.3163 0.9294 -0.1902
vn -0.3339 0.9294 -0.1574
vn -0.3335 0.9294 -0.1583
vn -0.3169 0.9294 -0.1893
vn -0.2079 0.9509 -0.2294
vn -0.1845 0.9509 -0.2487
vn -0.1972 0.9462 -0.2566
vn -0.2189 0.9454 -0.2416
vn -0.2663 0.9388 -0.2185
vn -0.2542 0.9393 -0.2304
vn -0.2600 0.9363 -0.2363
vn -0.2724 0.9358 -0.2236
vn 0.3046 0.9480 0.0924
vn 0.2989 0.9483 0.1064
vn 0.3065 0.9462 0.1038
vn 0.3133 0.9449 0.0950
vn 0.1601 0.9824 0.0963
vn 0.1654 0.9823 0.0884
vn 0.1604 0.9824 0.0958
vn -0.2866 0.9483 -0.1361
vn -0.2807 0.9480 -0.1500
vn -0.2887 0.9449 -0.1543
vn -0.2947 0.9454 -0.1394
vn -0.1661 0.9358 -0.3108
vn -0.1507 0.9362 -0.3174
vn -0.1522 0.9345 -0.3217
vn -0.1684 0.9340 -0.3150
vn -0.2323 0.9306 -0.2830
vn -0.2349 0.9289 -0.2862
vn 0.1075 0.9289 -0.3544
vn 0.1063 0.9306 -0.3503
vn -0.1500 0.9480 -0.2807
vn -0.1635 0.9484 -0.2719
vn -0.1591 0.9509 -0.2656
vn -0.1465 0.9505 -0.2742
vn -0.1465 0.9583 -0.2453
vn -0.1351 0.9580 -0.2528
vn -0.1391 0.9555 -0.2602
vn -0.1510 0.9559 -0.2520
vn -0.3038 0.9388 0.1624
vn -0.3101 0.9393 0.1467
vn -0.3178 0.9363 0.1498
vn -0.3108 0.9358 0.1661
vn 0.1661 0.9358 -0.3108
vn 0.1802 0.9362 -0.3016
vn 0.1829 0.9345 -0.3053
vn 0.1684 0.9340 -0.3150
vn -0.2947 0.9454 0.1394
vn -0.2887 0.9449 0.1543
vn -0.2807 0.9480 0.1500
vn -0.2866 0.9483 0.1361
vn 0.2037 0.9615 -0.1845
vn 0.2207 0.9615 -0.1638
vn 0.2360 0.9559 -0.1751
vn 0.2177 0.9559 -0.1973
vn 0.2107 0.9381 -0.2748
vn 0.2185 0.9388 -0.2663
vn 0.2266 0.9340 -0.2761
vn 0.2121 0.9345 -0.2859
vn 0.2724 0.9358 -0.2236
vn 0.2819 0.9362 -0.2097
vn 0.2859 0.9345 -0.2121
vn 0.2761 0.9340 -0.2266
vn 0.1752 0.9611 -0.2134
vn 0.1845 0.9615 -0.2037
vn 0.1973 0.9559 -0.2177
vn 0.1872 0.9555 -0.2281
vn 0.3296 0.9388 -0.1000
vn 0.3373 0.9358 -0.1023
vn 0.3478 0.9294 -0.1238
vn 0.3544 0.9289 -0.1075
vn 0.3474 0.9294 -0.1248
vn 0.2968 0.9294 -0.2195
vn 0.2862 0.9289 -0.2349
vn 0.2830 0.9306 -0.2323
vn 0.2930 0.9311 -0.2174
vn 0.2294 0.9509 -0.2079
vn 0.2487 0.9509 -0.1845
vn 0.2551 0.9484 -0.1886
vn 0.2347 0.9484 -0.2134
vn 0.2358 0.9615 -0.1413
vn 0.2435 0.9611 -0.1302
vn 0.2602 0.9555 -0.1391
vn 0.2520 0.9559 -0.1510
vn 0.2975 0.9505 -0.0902
vn 0.3133 0.9449 -0.0950
vn -0.1689 0.9737 0.1530
vn -0.1830 0.9737 0.1358
vn -0.1937 0.9706 0.1432
vn -0.1783 0.9706 0.1620
vn 0.2807 0.9480 -0.1500
vn 0.2719 0.9484 -0.1635
vn 0.2656 0.9509 -0.1591
vn 0.2742 0.9505 -0.1465
vn 0.2192 0.9734 -0.0665
vn 0.2313 0.9703 -0.0702
vn 0.1760 0.9824 -0.0627
vn 0.1794 0.9823 -0.0544
vn 0.1933 0.9794 -0.0586
vn 0.1863 0.9805 -0.0629
vn 0.2237 0.9673 -0.1196
vn 0.2166 0.9676 -0.1298
vn 0.2068 0.9705 -0.1235
vn 0.2132 0.9703 -0.1139
vn 0.1241 0.9706 -0.2064
vn 0.1027 0.9706 -0.2179
vn 0.0975 0.9737 -0.2059
vn 0.1165 0.9726 -0.2014
vn -0.1467 0.9393 0.3101
vn -0.1624 0.9388 0.3038
vn -0.1661 0.9358 0.3108
vn -0.1498 0.9363 0.3178
vn 0.0676 0.9796 -0.1891
vn 0.0586 0.9794 -0.1933
vn 0.0544 0.9823 -0.1794
vn 0.0627 0.9824 -0.1760
vn 0.1225 0.9583 -0.2581
vn 0.1351 0.9580 -0.2528
vn 0.1391 0.9555 -0.2602
vn 0.1257 0.9559 -0.2656
vn -0.1197 0.9796 -0.1613
vn -0.1281 0.9794 -0.1561
vn -0.1189 0.9823 -0.1449
vn -0.1115 0.9824 -0.1499
vn 0.2028 0.9676 -0.1504
vn 0.1871 0.9676 -0.1695
vn 0.1788 0.9705 -0.1615
vn 0.1933 0.9705 -0.1438
vn 0.1257 0.9824 -0.1383
vn 0.1189 0.9823 -0.1450
vn 0.1253 0.9824 -0.1387
vn 0.1324 0.9509 -0.2799
vn 0.1465 0.9505 -0.2742
vn 0.1500 0.9480 -0.2807
vn 0.1352 0.9484 -0.2870
vn -0.3101 0.9393 -0.1467
vn -0.3038 0.9388 -0.1624
vn -0.3108 0.9358 -0.1661
vn -0.3178 0.9363 -0.1498
vn 0.0815 0.9706 -0.2267
vn 0.0702 0.9703 -0.2313
vn 0.0665 0.9734 -0.2192
vn 0.0767 0.9737 -0.2146
vn 0.1038 0.9462 -0.3065
vn 0.0950 0.9449 -0.3133
vn 0.0902 0.9505 -0.2975
vn 0.1043 0.9509 -0.2915
vn 0.2174 0.9311 -0.2930
vn 0.2323 0.9306 -0.2830
vn 0.2349 0.9289 -0.2862
vn 0.2195 0.9294 -0.2968
vn -0.0902 0.9505 -0.2975
vn -0.0950 0.9449 -0.3133
vn -0.1171 0.9737 -0.1955
vn -0.0975 0.9737 -0.2060
vn -0.1027 0.9706 -0.2179
vn -0.1241 0.9706 -0.2064
vn -0.0702 0.9703 -0.2313
vn -0.0815 0.9706 -0.2267
vn -0.0767 0.9737 -0.2146
vn -0.0665 0.9734 -0.2192
vn -0.1961 0.9673 -0.1609
vn -0.2028 0.9676 -0.1504
vn -0.1847 0.9726 -0.1414
vn -0.1771 0.9734 -0.1453
vn -0.2207 0.9615 -0.1638
vn -0.2096 0.9603 -0.1840
vn -0.2177 0.9559 -0.1973
vn -0.2311 0.9566 -0.1776
vn -0.1561 0.9794 -0.1281
vn -0.1449 0.9823 -0.1189
vn -0.1432 0.9706 -0.1937
vn -0.1533 0.9703 -0.1869
vn -0.1453 0.9734 -0.1771
vn -0.1358 0.9737 -0.1830
vn -0.2132 0.9703 -0.1139
vn -0.2068 0.9705 -0.1235
vn -0.2166 0.9676 -0.1298
vn -0.2237 0.9673 -0.1196
vn -0.2642 0.9611 -0.0801
vn -0.2823 0.9555 -0.0856
vn -0.2236 0.9358 0.2724
vn -0.2266 0.9340 0.2761
vn -0.0832 0.9580 -0.2743
vn -0.0856 0.9555 -0.2823
vn 0.1239 0.9294 0.3478
vn 0.1075 0.9289 0.3544
vn 0.1248 0.9294 0.3474
vn -0.0702 0.9703 0.2313
vn -0.0808 0.9705 0.2270
vn -0.0850 0.9676 0.2377
vn -0.0736 0.9673 0.2428
vn -0.1620 0.9706 0.1783
vn -0.1533 0.9703 0.1869
vn -0.1453 0.9734 0.1771
vn -0.1530 0.9737 0.1689
vn -0.1613 0.9796 0.1197
vn -0.1488 0.9796 0.1348
vn -0.1387 0.9824 0.1253
vn -0.1499 0.9824 0.1115
vn -0.2120 0.9583 0.1915
vn -0.2215 0.9580 0.1818
vn -0.2281 0.9555 0.1872
vn -0.2177 0.9559 0.1973
vn -0.2233 0.9685 0.1104
vn -0.2159 0.9685 0.1243
vn -0.1955 0.9737 0.1171
vn -0.2088 0.9726 0.1027
vn -0.1705 0.9583 0.2292
vn -0.1915 0.9583 0.2120
vn -0.1973 0.9559 0.2177
vn -0.1776 0.9566 0.2311
vn -0.2435 0.9611 0.1302
vn -0.2528 0.9580 0.1351
vn -0.0632 0.9824 0.1758
vn -0.0544 0.9823 0.1794
vn -0.0627 0.9824 0.1760
vn 0.2132 0.9462 -0.2434
vn 0.2077 0.9449 -0.2531
vn 0.1972 0.9505 -0.2403
vn 0.2079 0.9509 -0.2294
vn -0.1348 0.9796 0.1488
vn -0.1281 0.9794 0.1561
vn -0.1189 0.9823 0.1449
vn -0.1253 0.9824 0.1387
vn -0.2134 0.9484 0.2347
vn -0.2019 0.9480 0.2460
vn -0.1972 0.9505 0.2403
vn -0.2079 0.9509 0.2294
vn 0.3016 0.9362 -0.1802
vn 0.3108 0.9358 -0.1661
vn 0.3150 0.9340 -0.1684
vn 0.3053 0.9345 -0.1829
vn -0.1196 0.9673 0.2237
vn -0.1080 0.9676 0.2282
vn -0.1033 0.9705 0.2176
vn -0.1139 0.9703 0.2132
vn -0.0586 0.9794 -0.1933
vn -0.0676 0.9796 -0.1891
vn -0.0627 0.9824 -0.1760
vn -0.0544 0.9823 -0.1794
vn 0.1943 0.9454 0.2619
vn 0.2077 0.9449 0.2531
vn 0.2019 0.9480 0.2460
vn 0.1894 0.9483 0.2545
vn 0.1504 0.9676 0.2028
vn 0.1609 0.9673 0.1961
vn 0.1453 0.9734 0.1771
vn 0.1358 0.9737 0.1830
vn 0.0859 0.9796 0.1815
vn 0.1032 0.9796 0.1723
vn 0.0958 0.9824 0.1604
vn 0.0802 0.9824 0.1688
vn -0.2435 0.9611 -0.1302
vn -0.2358 0.9615 -0.1413
vn -0.2448 0.9583 -0.1472
vn -0.2528 0.9580 -0.1351
vn 0.2176 0.9705 0.1033
vn 0.2068 0.9705 0.1235
vn 0.2166 0.9676 0.1298
vn 0.2233 0.9685 0.1104
vn 0.2435 0.9611 0.1302
vn 0.2358 0.9615 0.1413
vn 0.2520 0.9559 0.1510
vn 0.2602 0.9555 0.1391
vn 0.2719 0.9484 0.1635
vn 0.2870 0.9484 0.1352
vn 0.2804 0.9499 0.1381
vn 0.2656 0.9509 0.1591
vn 0.3108 0.9358 0.1661
vn 0.3016 0.9362 0.1802
vn 0.3053 0.9345 0.1829
vn 0.3150 0.9340 0.1684
vn -0.7957 0.6036 0.0510
vn -0.7986 0.5982 0.0661
vn -0.7978 0.6005 0.0540
vn -0.7943 0.6058 0.0450
vn -0.7933 0.6078 0.0360
vn -0.7913 0.6106 0.0312
vn -0.1999 0.9330 0.2992
vn -0.7448 0.5134 0.4263
vn -0.6821 0.5084 0.5256
vn -0.7188 0.5040 0.4789
vn 0.7957 0.6036 0.0510
vn 0.8000 0.5970 0.0593
vn 0.7986 0.5982 0.0661
vn 0.7943 0.6058 0.0450
vn 0.7913 0.6106 0.0312
vn 0.7945 0.6061 0.0387
vn -0.0045 0.6186 -0.7857
vn -0.0239 0.6122 -0.7904
vn -0.0139 0.6144 -0.7889
vn 0.0048 0.6207 -0.7840
vn 0.0162 0.6229 -0.7821
vn 0.0280 0.6281 -0.7776
vn 0.1855 0.9426 -0.2777
vn -0.3251 0.9025 0.2823
vn -0.3024 0.9043 0.3014
vn -0.2823 0.9025 0.3251
vn -0.1724 0.9824 0.0714
vn -0.1152 0.9536 0.2782
vn 0.1701 0.9706 0.1702
vn -0.3407 0.9024 -0.2636
vn -0.3555 0.9036 -0.2392
vn -0.3766 0.9012 -0.2146
vn -0.3251 0.9025 -0.2823
vn -0.2823 0.9025 -0.3251
vn -0.3014 0.9043 -0.3024
vn -0.2146 0.9012 0.3766
vn -0.2636 0.9024 0.3407
vn -0.2392 0.9036 0.3555
vn -0.7857 0.6186 0.0045
vn -0.7904 0.6122 0.0239
vn -0.7890 0.6143 0.0139
vn -0.0280 0.6281 0.7776
vn -0.0048 0.6207 0.7840
vn -0.0162 0.6230 0.7821
vn -0.7913 0.6106 -0.0312
vn -0.7945 0.6061 -0.0387
vn -0.7943 0.6058 -0.0450
vn -0.7904 0.6122 -0.0239
vn -0.7857 0.6186 -0.0045
vn -0.7890 0.6142 -0.0144
vn -0.4263 0.5134 0.7448
vn -0.4831 0.5039 0.7160
vn -0.5256 0.5084 0.6821
vn -0.3801 0.5148 0.7685
vn -0.2702 0.5243 0.8075
vn -0.3312 0.5144 0.7910
vn -0.8075 0.5243 -0.2702
vn -0.7910 0.5144 -0.3312
vn -0.7685 0.5148 -0.3801
vn 0.7943 0.6058 -0.0450
vn 0.7933 0.6078 -0.0360
vn 0.7913 0.6106 -0.0312
vn 0.7957 0.6036 -0.0510
vn 0.7986 0.5982 -0.0661
vn 0.7995 0.5982 -0.0550
vn -0.3887 0.9009 -0.1933
vn -0.3991 0.9015 -0.1675
vn -0.4171 0.8983 -0.1385
vn -0.1704 0.9324 0.3187
vn 0.1581 0.9421 -0.2958
vn 0.3251 0.9025 -0.2823
vn 0.3024 0.9043 -0.3014
vn 0.2823 0.9025 -0.3251
vn 0.3407 0.9024 -0.2636
vn 0.3766 0.9012 -0.2146
vn 0.3563 0.9036 -0.2380
vn -0.2504 0.9536 0.1673
vn 0.1343 0.9364 0.3242
vn 0.7988 0.5973 0.0713
vn 0.8009 0.5939 0.0761
vn 0.8002 0.5944 0.0793
vn 0.3887 0.9009 -0.1933
vn 0.4171 0.8983 -0.1385
vn 0.3996 0.9015 -0.1661
vn 0.2146 0.9012 0.3766
vn 0.2379 0.9036 0.3563
vn 0.2636 0.9024 0.3407
vn 0.7988 0.5973 -0.0713
vn 0.8002 0.5944 -0.0793
vn 0.7998 0.5958 -0.0729
vn -0.2545 0.9330 -0.2545
vn -0.5660 0.5080 -0.6493
vn -0.6493 0.5080 -0.5660
vn -0.6110 0.5026 -0.6116
vn -0.0793 0.5944 0.8002
vn -0.0713 0.5973 0.7988
vn -0.0765 0.5942 0.8007
vn -0.6821 0.5084 -0.5256
vn -0.7448 0.5134 -0.4263
vn -0.7160 0.5039 -0.4831
vn -0.7986 0.5982 -0.0661
vn -0.7957 0.6036 -0.0510
vn -0.7997 0.5974 -0.0605
vn -0.7988 0.5973 -0.0713
vn -0.8007 0.5942 -0.0765
vn -0.8002 0.5944 -0.0793
vn -0.0661 0.5982 0.7986
vn -0.0510 0.6036 0.7957
vn -0.0605 0.5974 0.7996
vn -0.2223 0.9706 -0.0921
vn 0.2895 0.9532 0.0878
vn -0.0793 0.5944 -0.8002
vn -0.0729 0.5958 -0.7998
vn -0.0713 0.5973 -0.7988
vn 0.4171 0.8983 0.1385
vn 0.3887 0.9009 0.1933
vn 0.3991 0.9015 0.1675
vn 0.3251 0.9025 0.2823
vn 0.2823 0.9025 0.3251
vn 0.3014 0.9043 0.3024
vn 0.1511 0.9769 0.1511
vn 0.7904 0.6122 0.0239
vn 0.7857 0.6186 0.0045
vn 0.7890 0.6142 0.0144
vn -0.0312 0.6106 0.7913
vn -0.0387 0.6061 0.7945
vn -0.0450 0.6058 0.7943
vn 0.3766 0.9012 0.2146
vn 0.3407 0.9024 0.2636
vn 0.3555 0.9036 0.2392
vn -0.2668 0.9532 -0.1426
vn -0.0661 0.5982 -0.7986
vn -0.0550 0.5982 -0.7995
vn -0.0510 0.6036 -0.7957
vn 0.7904 0.6122 -0.0239
vn 0.7889 0.6144 -0.0139
vn 0.7857 0.6186 -0.0045
vn 0.1933 0.9009 0.3887
vn 0.1385 0.8983 0.4171
vn 0.1661 0.9015 0.3996
vn -0.2146 0.9012 -0.3766
vn -0.2379 0.9036 -0.3563
vn -0.2636 0.9024 -0.3407
vn 0.2018 0.9584 0.2018
vn -0.4171 0.8983 0.1385
vn -0.3996 0.9015 0.1661
vn -0.3887 0.9009 0.1933
vn 0.1511 0.9769 -0.1511
vn 0.0312 0.6106 -0.7913
vn 0.0395 0.6065 -0.7941
vn 0.0450 0.6058 -0.7943
vn 0.0239 0.6121 -0.7904
vn 0.0045 0.6186 -0.7857
vn 0.0143 0.6141 -0.7891
vn -0.6493 0.5080 0.5660
vn -0.5660 0.5080 0.6493
vn -0.6116 0.5026 0.6110
vn 0.7840 0.6207 0.0048
vn 0.7821 0.6229 0.0162
vn 0.7776 0.6281 0.0280
vn 0.4263 0.5133 -0.7448
vn 0.4831 0.5038 -0.7161
vn 0.5256 0.5084 -0.6821
vn 0.3801 0.5148 -0.7685
vn 0.2702 0.5243 -0.8075
vn 0.3312 0.5144 -0.7910
vn -0.3407 0.9024 0.2636
vn -0.3766 0.9012 0.2146
vn -0.3563 0.9036 0.2380
vn 0.0713 0.5973 -0.7988
vn 0.0756 0.5938 -0.8011
vn 0.0793 0.5944 -0.8002
vn 0.0661 0.5982 -0.7986
vn 0.0510 0.6036 -0.7957
vn 0.0605 0.5974 -0.7996
vn 0.5256 0.5084 0.6821
vn 0.4789 0.5040 0.7188
vn 0.4263 0.5134 0.7448
vn 0.5660 0.5080 0.6493
vn 0.6493 0.5080 0.5660
vn 0.6110 0.5026 0.6116
vn 0.0510 0.6036 0.7957
vn 0.0661 0.5982 0.7986
vn 0.0540 0.6005 0.7978
vn 0.1860 0.9648 0.1860
vn -0.1461 0.9648 -0.2187
vn 0.0713 0.5973 0.7988
vn 0.0793 0.5944 0.8002
vn 0.0729 0.5958 0.7998
vn 0.6821 0.5084 0.5256
vn 0.7448 0.5134 0.4263
vn 0.7160 0.5039 0.4831
vn -0.2782 0.9536 -0.1152
vn 0.0312 0.6106 0.7913
vn 0.0450 0.6058 0.7943
vn 0.0360 0.6080 0.7931
vn 0.3801 0.5148 0.7685
vn 0.3304 0.5144 0.7914
vn 0.2702 0.5243 0.8075
vn -0.7840 0.6207 0.0048
vn -0.7776 0.6281 0.0280
vn -0.7822 0.6228 0.0157
vn 0.7685 0.5148 0.3801
vn 0.8075 0.5243 0.2702
vn 0.7910 0.5144 0.3312
vn 0.0239 0.6122 0.7904
vn 0.0139 0.6143 0.7890
vn 0.0045 0.6186 0.7857
vn 0.7840 0.6207 -0.0048
vn 0.7776 0.6281 -0.0280
vn 0.7822 0.6228 -0.0157
vn -0.1933 0.9009 0.3887
vn -0.1675 0.9015 0.3991
vn -0.1385 0.8983 0.4171
vn -0.8002 0.5944 0.0793
vn -0.7995 0.5962 0.0730
vn -0.7988 0.5973 0.0713
vn -0.5256 0.5084 -0.6821
vn -0.4789 0.5040 -0.7188
vn -0.4263 0.5134 -0.7448
vn -0.3801 0.5148 -0.7685
vn -0.3304 0.5144 -0.7914
vn -0.2702 0.5243 -0.8075
vn 0.5660 0.5079 -0.6493
vn 0.6116 0.5026 -0.6110
vn 0.6493 0.5080 -0.5660
vn -0.1933 0.9009 -0.3887
vn -0.1385 0.8983 -0.4171
vn -0.1661 0.9015 -0.3996
vn -0.0450 0.6058 -0.7943
vn -0.0360 0.6078 -0.7933
vn -0.0312 0.6106 -0.7913
vn 0.6821 0.5084 -0.5256
vn 0.7188 0.5040 -0.4789
vn 0.7448 0.5134 -0.4263
vn -0.7840 0.6207 -0.0048
vn -0.7820 0.6231 -0.0162
vn -0.7776 0.6281 -0.0280
vn 0.8075 0.5243 -0.2702
vn 0.7685 0.5148 -0.3801
vn 0.7913 0.5145 -0.3303
vn -0.0048 0.6207 -0.7840
vn -0.0280 0.6281 -0.7776
vn -0.0157 0.6228 -0.7822
vn -0.0818 0.9769 0.1974
vn 0.2636 0.9024 -0.3407
vn 0.2392 0.9036 -0.3555
vn 0.2146 0.9012 -0.3766
vn -0.0239 0.6121 0.7904
vn -0.0045 0.6186 0.7857
vn -0.0144 0.6142 0.7890
vn -0.0878 0.9532 0.2895
vn 0.1933 0.9009 -0.3887
vn 0.1675 0.9015 -0.3991
vn 0.1385 0.8983 -0.4171
vn 0.2608 0.9295 0.2607
vn -0.7685 0.5148 0.3801
vn -0.7914 0.5144 0.3304
vn -0.8075 0.5243 0.2702
vn 0.0280 0.6281 0.7776
vn 0.0157 0.6228 0.7822
vn 0.0048 0.6207 0.7840
vn 0.3458 0.9324 -0.1049
vn 0.2545 0.9330 -0.2545
vn -0.2054 0.9767 -0.0623
vn 0.1377 0.9330 -0.3325
vn -0.2128 0.9421 0.2593
vn -0.2777 0.9426 0.1856
vn -0.2529 0.9645 0.0767
vn -0.0311 0.6317 0.7746
vn -0.0315 0.6322 0.7741
vn 0.0311 0.6317 -0.7746
vn 0.0315 0.6322 -0.7741
vn -0.8054 0.5401 -0.2443
vn -0.8053 0.5399 -0.2451
vn 0.2782 0.9536 -0.1153
vn -0.1581 0.9421 -0.2958
vn -0.0815 0.5948 0.7998
vn -0.0801 0.5944 0.8002
vn -0.1092 0.9584 -0.2636
vn -0.2992 0.9330 -0.1999
vn -0.1701 0.9706 -0.1702
vn -0.0801 0.5951 -0.7996
vn -0.0815 0.5948 -0.7998
vn 0.4296 0.8936 0.1303
vn 0.4308 0.8931 0.1296
vn -0.1511 0.9769 -0.1511
vn 0.2293 0.9324 0.2794
vn 0.4296 0.8936 -0.1303
vn 0.4303 0.8934 -0.1290
vn -0.1676 0.9645 -0.2043
vn 0.1377 0.9330 0.3325
vn 0.3085 0.9426 0.1278
vn 0.1673 0.9536 -0.2504
vn 0.1411 0.9295 -0.3407
vn 0.1278 0.9426 0.3085
vn 0.2777 0.9426 -0.1856
vn 0.0801 0.5951 0.7996
vn 0.0815 0.5948 0.7998
vn -0.1974 0.9769 -0.0818
vn 0.2777 0.9426 0.1855
vn 0.7746 0.6317 0.0311
vn 0.7741 0.6322 0.0315
vn -0.4296 0.8936 0.1303
vn -0.4303 0.8934 0.1290
vn 0.2443 0.5401 -0.8054
vn 0.2451 0.5399 -0.8053
vn 0.0815 0.5948 -0.7998
vn 0.0801 0.5944 -0.8002
vn 0.2443 0.5401 0.8054
vn 0.2450 0.5396 0.8055
vn -0.7996 0.5951 0.0801
vn -0.7998 0.5948 0.0815
vn 0.7998 0.5948 0.0815
vn 0.8002 0.5944 0.0801
vn 0.7741 0.6322 -0.0315
vn 0.7744 0.6319 -0.0308
vn 0.2130 0.9536 0.2130
vn -0.1303 0.8936 0.4296
vn -0.1296 0.8931 0.4308
vn -0.1007 0.9648 -0.2430
vn 0.1303 0.8936 0.4296
vn 0.1290 0.8934 0.4303
vn 0.1999 0.9330 0.2992
vn 0.2823 0.9555 -0.0856
vn 0.3325 0.9330 -0.1377
vn -0.1246 0.9645 -0.2330
vn -0.2443 0.5401 0.8054
vn -0.2451 0.5399 0.8053
vn -0.3325 0.9330 0.1377
vn 0.2430 0.9648 0.1007
vn -0.1974 0.9769 0.0818
vn -0.0315 0.6322 -0.7741
vn -0.0308 0.6319 -0.7744
vn -0.7746 0.6317 -0.0311
vn -0.7741 0.6322 -0.0315
vn -0.2636 0.9584 0.1092
vn 0.1278 0.9426 -0.3086
vn 0.8052 0.5399 0.2451
vn 0.8054 0.5401 0.2443
vn -0.2482 0.9364 0.2482
vn 0.2049 0.9295 0.3066
vn -0.2608 0.9295 0.2608
vn 0.8054 0.5401 -0.2443
vn 0.8055 0.5396 -0.2450
vn -0.1037 0.9824 0.1552
vn -0.2443 0.5401 -0.8054
vn -0.2450 0.5396 -0.8055
vn 0.2241 0.9485 0.2241
vn -0.7998 0.5948 -0.0815
vn -0.8002 0.5944 -0.0801
vn 0.1357 0.9768 -0.1656
vn 0.1303 0.8936 -0.4296
vn 0.1296 0.8931 -0.4308
vn 0.1343 0.9364 -0.3242
vn -0.1303 0.8936 -0.4296
vn -0.1290 0.8934 -0.4303
vn 0.7996 0.5951 -0.0801
vn 0.7998 0.5948 -0.0815
vn -0.7741 0.6322 0.0315
vn -0.7744 0.6319 0.0308
vn 0.1974 0.9769 0.0818
vn -0.1377 0.9330 0.3325
vn -0.4296 0.8936 -0.1303
vn -0.4308 0.8931 -0.1296
vn -0.8054 0.5401 0.2443
vn -0.8055 0.5396 0.2450
vn 0.0315 0.6322 0.7741
vn 0.0308 0.6319 0.7744
vn -0.1187 0.9769 0.1777
vn 0.1761 0.9485 -0.2635
vn -0.2782 0.9536 0.1153
vn 0.2743 0.9580 -0.0832
vn 0.2928 0.9485 -0.1213
vn 0.2223 0.9706 -0.0921
vn 0.2593 0.9421 -0.2128
vn 0.1585 0.9584 -0.2373
vn 0.3541 -0.8285 -0.4338
vn 0.2529 0.9645 -0.0767
vn 0.2636 0.9584 -0.1092
vn 0.1893 0.9767 -0.1012
vn 0.3085 0.9426 -0.1278
vn 0.1974 0.9769 -0.0818
vn 0.0767 0.9645 -0.2528
vn 0.2958 0.9421 -0.1581
vn 0.1461 0.9648 -0.2187
vn 0.1777 0.9769 -0.1187
vn 0.1246 0.9645 -0.2330
vn 0.2430 0.9648 -0.1007
vn 0.1660 0.9767 -0.1362
vn 0.2608 0.9295 -0.2608
vn 0.1007 0.9648 -0.2430
vn 0.3242 0.9364 -0.1343
vn 0.2482 0.9364 -0.2482
vn 0.2362 0.9426 -0.2362
vn 0.1037 0.9824 -0.1552
vn -0.6667 -0.6878 -0.2870
vn 0.4712 0.6841 0.5567
vn 0.4607 0.6876 0.5611
vn -0.0908 0.6585 -0.7471
vn -0.0807 0.6552 -0.7512
vn 0.4214 0.6663 -0.6152
vn -0.3202 0.8910 -0.3218
vn 0.4482 0.6906 0.5676
vn 0.4334 0.6952 0.5735
vn 0.7282 0.4242 -0.5383
vn 0.7763 0.4234 -0.4669
vn -0.3750 0.8998 0.2229
vn -0.3498 0.8996 0.2614
vn -0.0593 0.6475 -0.7598
vn 0.0611 0.9037 0.4239
vn 0.7573 0.6451 0.1013
vn -0.0703 0.6513 -0.7555
vn -0.4880 0.6611 -0.5699
vn -0.4820 0.6576 -0.5790
vn 0.7029 0.6816 0.2033
vn 0.6966 0.6853 0.2126
vn 0.5019 0.6743 0.5417
vn 0.4840 0.6174 -0.6201
vn -0.4012 0.9049 0.1419
vn 0.6889 0.6366 0.3466
vn -0.2988 0.6832 -0.6662
vn -0.2940 0.6810 -0.6707
vn 0.6931 0.6345 0.3420
vn 0.6692 0.4267 -0.6084
vn -0.3624 0.9059 -0.2192
vn 0.6835 0.6381 0.3546
vn -0.4963 0.6640 -0.5593
vn 0.2506 0.9004 0.3555
vn 0.4611 0.4475 -0.7662
vn -0.5464 0.6657 -0.5082
vn 0.7596 0.6492 0.0397
vn 0.7574 0.6514 0.0456
vn -0.5490 0.6680 -0.5023
vn 0.2026 0.8850 0.4192
vn -0.1539 0.8872 0.4349
vn 0.3026 0.4486 -0.8410
vn 0.3810 0.4472 -0.8092
vn -0.1983 0.8876 0.4157
vn -0.3309 0.8691 0.3675
vn 0.5888 0.4862 -0.6458
vn 0.6482 0.4818 -0.5897
vn -0.3660 0.8703 0.3295
vn -0.3937 0.8710 0.2940
vn 0.7059 0.4793 -0.5215
vn 0.7523 0.4785 -0.4529
vn -0.4219 0.8712 0.2510
vn 0.7941 0.4794 -0.3737
vn -0.1336 0.6695 -0.7307
vn -0.0251 0.8947 0.4460
vn 0.7552 0.6531 0.0551
vn 0.3879 0.4141 -0.8234
vn -0.4237 0.9037 -0.0612
vn 0.6907 0.6401 -0.3364
vn -0.4759 0.6536 -0.5885
vn -0.2186 0.9038 0.3678
vn 0.4656 0.6886 0.5559
vn 0.2709 0.9560 -0.1122
vn -0.0839 0.6597 -0.7468
vn 0.2855 0.9510 -0.1183
vn 0.2480 0.9647 -0.0887
vn 0.2533 0.9617 -0.1049
vn 0.4402 0.6968 0.5663
vn 0.2327 0.9678 -0.0964
vn 0.7421 0.4510 -0.4959
vn 0.2868 0.9425 -0.1719
vn -0.3749 0.8926 0.2505
vn 0.2685 0.9425 -0.1992
vn 0.3164 0.9395 -0.1311
vn 0.3022 0.9425 -0.1430
vn 0.3007 0.9456 -0.1246
vn -0.0626 0.6525 -0.7552
vn -0.4821 0.6622 -0.5736
vn 0.1717 0.9510 -0.2570
vn 0.6977 0.6862 0.2056
vn 0.1629 0.9560 -0.2438
vn 0.5047 0.6747 0.5386
vn 0.3284 0.9347 -0.1360
vn 0.3392 0.9329 -0.1213
vn -0.4059 0.8983 0.1681
vn 0.2513 0.9347 -0.2513
vn -0.2948 0.6836 -0.6677
vn 0.2576 0.9313 -0.2576
vn 0.6903 0.6372 0.3427
vn -0.3087 0.8996 0.3088
vn 0.2477 0.9425 -0.2245
vn 0.2422 0.9395 -0.2422
vn 0.6781 0.6431 0.3558
vn 0.6295 0.4555 -0.6295
vn -0.4965 0.6703 -0.5515
vn 0.1523 0.9617 -0.2280
vn 0.1354 0.9647 -0.2259
vn 0.4886 0.4761 -0.7312
vn 0.1394 0.9313 -0.3366
vn 0.7572 0.6519 0.0415
vn 0.1360 0.9347 -0.3284
vn -0.5459 0.6684 -0.5052
vn -0.3246 0.8595 0.3948
vn 0.6700 0.6882 0.2784
vn 0.7649 0.6436 -0.0268
vn 0.0887 0.9647 -0.2480
vn 0.3367 0.4755 -0.8128
vn 0.1126 0.9647 -0.2380
vn -0.1819 0.8799 0.4391
vn 0.0246 0.6386 -0.7692
vn 0.4592 0.5629 -0.6872
vn 0.0863 0.6155 -0.7834
vn -0.1628 0.9050 0.3931
vn 0.1436 0.9768 -0.1586
vn 0.6081 0.5104 -0.6080
vn 0.1585 0.9768 -0.1437
vn 0.1718 0.9768 -0.1275
vn 0.7172 0.5059 -0.4792
vn 0.1835 0.9768 -0.1100
vn -0.4206 0.8626 0.2810
vn 0.7961 0.5075 -0.3297
vn -0.1392 0.6769 -0.7228
vn 0.2099 0.9739 -0.0869
vn 0.1934 0.9768 -0.0915
vn 0.7505 0.6582 0.0585
vn 0.3432 0.4425 -0.8285
vn 0.1430 0.9425 -0.3022
vn 0.1311 0.9395 -0.3164
vn 0.1808 0.9456 -0.2706
vn -0.4694 0.6547 -0.5925
vn -0.2458 0.8968 0.3679
vn 0.1718 0.9425 -0.2868
vn 0.4551 0.6921 0.5603
vn -0.0940 0.6630 -0.7427
vn 0.7875 0.4503 -0.4209
vn -0.3970 0.8929 0.2122
vn 0.6945 0.6351 0.3382
vn -0.2899 0.6813 -0.6721
vn 0.6896 0.4518 -0.5660
vn -0.3486 0.8925 0.2861
vn -0.1381 0.8795 0.4553
vn 0.2551 0.4771 -0.8410
vn -0.2236 0.8803 0.4184
vn 0.4150 0.4744 -0.7764
vn -0.4213 0.8979 0.1278
vn 0.8582 0.4425 -0.2603
vn 0.4761 0.6851 0.5514
vn -0.0737 0.6563 -0.7509
vn 0.6914 0.6898 0.2150
vn -0.4881 0.6656 -0.5645
vn 0.6611 0.6949 0.2829
vn -0.1415 0.9317 -0.3346
vn -0.3239 0.8598 0.3947
vn 0.3016 0.8652 -0.4007
vn 0.7610 0.5055 -0.4067
vn -0.4457 0.8629 0.2382
vn -0.3913 0.8624 0.3211
vn 0.6663 0.5070 -0.5468
vn 0.7549 0.6541 0.0474
vn -0.5485 0.6707 -0.4993
vn 0.7594 0.6497 0.0356
vn -0.5432 0.6661 -0.5111
vn -0.4648 0.8741 0.1410
vn 0.8353 0.4879 -0.2534
vn 0.7041 0.6825 0.1962
vn -0.4761 0.6586 -0.5827
vn 0.4230 0.4412 -0.7914
vn -0.2080 0.8974 0.3891
vn 0.4252 0.7013 0.5722
vn -0.1223 0.6719 -0.7305
vn 0.4988 0.6769 0.5413
vn -0.0515 0.6485 -0.7595
vn 0.6861 0.6393 0.3473
vn -0.2996 0.6859 -0.6632
vn 0.1213 0.9485 0.2928
vn 0.1092 0.9584 0.2636
vn 0.1049 0.9324 0.3458
vn 0.3242 0.9364 0.1343
vn 0.2636 0.9584 0.1092
vn 0.1660 0.9767 0.1362
vn 0.1893 0.9767 0.1012
vn 0.2593 0.9421 0.2128
vn 0.1777 0.9769 0.1187
vn 0.1007 0.9648 0.2430
vn 0.1673 0.9536 0.2504
vn 0.1153 0.9536 0.2782
vn 0.3407 0.9295 0.1411
vn 0.1919 0.9532 0.2338
vn 0.2958 0.9421 0.1581
vn 0.3325 0.9330 0.1377
vn 0.1320 0.9824 0.1320
vn 0.1426 0.9532 0.2668
vn 0.2782 0.9536 0.1152
vn 0.1724 0.9824 0.0714
vn 0.0767 0.9645 0.2529
vn 0.2362 0.9426 0.2361
vn 0.2545 0.9330 0.2545
vn 0.2529 0.9645 0.0767
vn 0.7701 0.6325 -0.0834
vn 0.7741 0.6289 -0.0725
vn -0.5254 0.6945 0.4916
vn -0.5307 0.6985 0.4801
vn 0.4610 0.4475 0.7663
vn -0.2341 0.8889 -0.3937
vn -0.2733 0.8896 -0.3659
vn 0.5322 0.4451 0.7202
vn -0.4222 0.9056 0.0401
vn -0.1061 0.6757 0.7295
vn 0.7621 0.6392 -0.1035
vn 0.7659 0.6361 -0.0936
vn 0.6225 0.6147 0.4844
vn -0.1452 0.9003 -0.4104
vn -0.5196 0.6926 0.5003
vn 0.4997 0.6984 -0.5124
vn 0.5058 0.6961 -0.5095
vn -0.0617 0.6197 0.7824
vn -0.0674 0.6217 0.7804
vn 0.8124 0.4399 0.3827
vn 0.0671 0.9085 -0.4125
vn -0.0767 0.6229 0.7785
vn -0.5469 0.7089 0.4453
vn 0.2980 0.4744 0.8284
vn 0.3268 0.8833 -0.3360
vn 0.7399 0.6451 -0.1909
vn -0.3812 0.9101 0.1628
vn 0.5511 0.3749 0.7455
vn 0.4629 0.6695 -0.5810
vn -0.4289 0.8905 -0.1518
vn 0.4447 0.6572 0.6085
vn 0.2341 0.9101 -0.3421
vn -0.3315 0.6451 0.6884
vn 0.6237 0.3749 0.6859
vn -0.3591 0.6700 0.6497
vn 0.7322 0.6575 0.1780
vn 0.1970 0.8983 -0.3928
vn -0.3511 0.6667 0.6575
vn 0.6375 0.6793 -0.3635
vn -0.3696 0.6728 0.6409
vn -0.3805 0.6773 0.6297
vn 0.6262 0.6838 -0.3746
vn 0.1268 0.6961 0.7067
vn 0.6003 0.6925 -0.4002
vn 0.6141 0.6877 -0.3873
vn -0.4347 0.8886 0.1467
vn 0.7470 0.4897 0.4497
vn 0.7028 0.4863 0.5192
vn -0.3981 0.8678 -0.2973
vn -0.4286 0.8667 -0.2550
vn -0.1653 0.6470 0.7444
vn 0.6776 0.7219 -0.1404
vn -0.4524 0.8654 -0.2157
vn -0.3543 0.8969 -0.2647
vn -0.3817 0.8960 -0.2270
vn 0.7717 0.4348 0.4642
vn 0.7255 0.4313 0.5363
vn -0.3280 0.8974 -0.2952
vn 0.1949 0.6380 0.7449
vn 0.6624 0.6692 -0.3367
vn -0.3104 0.8956 0.3186
vn 0.8354 0.4602 0.3005
vn 0.4507 0.6723 -0.5873
vn 0.7697 0.6339 -0.0758
vn 0.1311 0.9395 0.3164
vn -0.5246 0.6994 0.4855
vn 0.1245 0.9456 0.3007
vn 0.1550 0.9535 0.2586
vn -0.2623 0.8815 -0.3926
vn 0.1796 0.9535 0.2421
vn 0.4895 0.4731 0.7325
vn 0.1289 0.9535 0.2725
vn 0.1122 0.9560 0.2709
vn 0.7618 0.6406 -0.0966
vn 0.1183 0.9511 0.2855
vn -0.2829 0.9165 -0.2829
vn -0.4126 0.8947 -0.1709
vn 0.1213 0.9329 0.3392
vn -0.1717 0.8937 -0.4145
vn -0.5163 0.6930 0.5032
vn 0.1360 0.9347 0.3283
vn 0.7969 0.5991 0.0771
vn 0.5026 0.6987 -0.5091
vn 0.3366 0.9313 0.1394
vn -0.0633 0.6224 0.7802
vn 0.3284 0.9347 0.1360
vn 0.3022 0.9425 0.1430
vn 0.3164 0.9395 0.1311
vn -0.0800 0.6278 0.7742
vn 0.8158 0.4693 0.3379
vn 0.7841 0.6204 0.0165
vn -0.5457 0.7150 0.4370
vn 0.3318 0.4981 0.8011
vn 0.0887 0.9647 0.2480
vn 0.1049 0.9617 0.2533
vn -0.2223 0.9165 -0.3326
vn 0.7371 0.6479 -0.1920
vn 0.2024 0.9313 0.3029
vn 0.2146 0.9329 0.2893
vn 0.5080 0.4050 0.7602
vn 0.4677 0.6706 -0.5758
vn -0.4340 0.8828 -0.1798
vn 0.2839 0.9535 0.1015
vn 0.2709 0.9560 0.1122
vn 0.2576 0.9313 0.2576
vn -0.3321 0.6479 0.6855
vn 0.6465 0.4050 0.6465
vn 0.2419 0.9329 0.2670
vn 0.2074 0.9560 0.2074
vn 0.2024 0.9535 0.2234
vn 0.2185 0.9510 0.2185
vn -0.3524 0.6712 0.6522
vn 0.1939 0.9617 0.1939
vn -0.3715 0.6790 0.6332
vn 0.1781 0.9678 0.1781
vn 0.6297 0.6855 -0.3654
vn 0.6029 0.5224 0.6030
vn 0.1416 0.9798 0.1416
vn 0.6045 0.6949 -0.3896
vn 0.1606 0.9739 0.1606
vn 0.1585 0.9768 0.1437
vn 0.7130 0.5145 0.4764
vn 0.1718 0.9768 0.1275
vn -0.4263 0.8586 -0.2849
vn 0.1835 0.9768 0.1100
vn 0.0581 0.6490 0.7586
vn 0.7801 0.5357 0.3231
vn 0.0333 0.6579 0.7524
vn -0.1544 0.6499 0.7442
vn 0.1849 0.9798 0.0766
vn 0.1934 0.9768 0.0915
vn -0.4787 0.8553 -0.1983
vn -0.3807 0.8890 -0.2544
vn 0.2868 0.9425 0.1719
vn 0.7384 0.4598 0.4934
vn 0.2685 0.9425 0.1992
vn 0.2477 0.9425 0.2245
vn 0.2301 0.9456 0.2301
vn 0.6651 0.6702 -0.3293
vn -0.3223 0.8901 -0.3223
vn 0.2480 0.9647 0.0887
vn 0.8068 0.4873 0.3342
vn 0.4429 0.6785 -0.5861
vn 0.2533 0.9617 0.1049
vn 0.4147 0.4756 0.7758
vn -0.2231 0.8809 -0.4174
vn 0.7657 0.6374 -0.0866
vn -0.5299 0.7034 0.4738
vn 0.2580 0.4581 0.8506
vn -0.1310 0.8924 -0.4318
vn 0.7737 0.6302 -0.0648
vn -0.5192 0.6952 0.4971
vn 0.4965 0.7010 -0.5120
vn -0.0691 0.6243 0.7781
vn -0.4300 0.6689 0.6064
vn 0.7406 0.6455 -0.1868
vn -0.5393 0.7103 0.4523
vn 0.7579 0.6436 -0.1065
vn -0.3277 0.6455 0.6899
vn 0.6787 0.6689 -0.3034
vn -0.3604 0.6745 0.6443
vn 0.6410 0.6809 -0.3543
vn -0.3948 0.8597 -0.3241
vn 0.6643 0.5114 0.5452
vn -0.3824 0.6834 0.6220
vn 0.6183 0.6899 -0.3765
vn 0.8450 0.4694 0.2563
vn -0.4491 0.8831 -0.1362
vn -0.0576 0.6204 0.7822
vn 0.5087 0.6965 -0.5061
vn -0.4081 0.6930 0.5943
vn 0.5904 0.6996 -0.4025
vn -0.1707 0.6541 0.7369
vn 0.3830 0.7347 -0.5599
vn -0.1442 0.8679 -0.4753
vn 0.2508 0.5033 0.8269
vn -0.4538 0.8574 -0.2426
vn 0.7543 0.5181 0.4032
vn 0.7816 0.4632 0.4178
vn -0.4053 0.8882 -0.2166
vn 0.5805 0.4032 0.7074
vn -0.2558 0.9151 -0.3117
vn 0.6878 0.4564 0.5645
vn -0.3523 0.8901 -0.2891
vn 0.8359 0.4869 0.2535
vn -0.4658 0.8735 -0.1413
vn -0.0816 0.6815 0.7273
vn 0.4575 0.6739 -0.5801
vn -0.3444 0.6677 0.6599
vn 0.6567 0.6741 -0.3382
vn 0.5597 0.4708 0.6820
vn -0.2986 0.8824 -0.3638
vn -0.2372 0.9584 0.1585
vn -0.1761 0.9485 0.2635
vn -0.2668 0.9532 0.1426
vn -0.1337 0.9706 0.2001
vn -0.0623 0.9767 0.2054
vn -0.3187 0.9324 0.1704
vn -0.1012 0.9767 0.1893
vn -0.2043 0.9645 0.1676
vn -0.1950 0.9364 0.2918
vn -0.1411 0.9295 0.3407
vn -0.2054 0.9767 0.0623
vn -0.3458 0.9324 0.1049
vn -0.2992 0.9330 0.1999
vn -0.1426 0.9532 0.2668
vn -0.2918 0.9364 0.1950
vn -0.2545 0.9330 0.2545
vn -0.1673 0.9536 0.2504
vn -0.1676 0.9645 0.2043
vn -0.1855 0.9426 0.2777
vn -0.2430 0.9648 0.1007
vn -0.1461 0.9648 0.2187
vn -0.2187 0.9648 0.1461
vn -0.2635 0.9485 0.1761
vn -0.2361 0.9426 0.2362
vn -0.1860 0.9648 0.1860
vn -0.0921 0.8950 -0.4364
vn -0.7121 0.4647 0.5262
vn 0.2390 0.6709 0.7020
vn -0.6548 0.4654 0.5955
vn 0.3544 0.8790 -0.3190
vn 0.3198 0.8784 -0.3552
vn -0.5948 0.4675 0.6540
vn -0.3923 0.3910 0.8326
vn 0.4060 0.9099 0.0851
vn -0.7699 0.6362 -0.0495
vn -0.3068 0.4226 0.8528
vn -0.3868 0.4190 0.8214
vn 0.1864 0.9016 -0.3904
vn 0.1449 0.9008 -0.4094
vn -0.2687 0.9027 -0.3360
vn -0.4686 0.4172 0.7787
vn 0.4703 0.6689 0.5757
vn -0.7172 0.6666 -0.2033
vn -0.0423 0.6285 0.7767
vn 0.4043 0.9035 0.1425
vn -0.7239 0.6623 -0.1933
vn -0.3175 0.6548 0.6859
vn 0.3537 0.8953 0.2706
vn -0.5738 0.6750 -0.4639
vn -0.5645 0.6784 -0.4703
vn 0.4158 0.8876 -0.1984
vn -0.7343 0.6700 -0.1091
vn 0.0965 0.6499 0.7538
vn -0.2314 0.8783 -0.4184
vn -0.6776 0.6868 0.2630
vn 0.4826 0.7196 0.4993
vn 0.4721 0.7148 0.5159
vn -0.2909 0.5116 0.8085
vn -0.3677 0.5045 0.7812
vn 0.2185 0.8616 -0.4581
vn 0.1709 0.8591 -0.4825
vn -0.4470 0.6990 -0.5583
vn -0.8298 0.4715 0.2986
vn 0.3300 0.8863 0.3249
vn -0.4028 0.6856 -0.6064
vn -0.3832 0.7113 0.5893
vn 0.4971 0.8496 -0.1761
vn -0.8198 0.4227 0.3862
vn -0.8512 0.4263 0.3060
vn 0.4103 0.9003 -0.1451
vn 0.3909 0.9013 -0.1866
vn -0.0179 0.6939 0.7198
vn 0.2870 0.8774 -0.3843
vn -0.7110 0.6485 -0.2721
vn 0.1978 0.6572 0.7273
vn -0.5934 0.6672 -0.4503
vn -0.5834 0.6711 -0.4574
vn 0.2081 0.6611 0.7209
vn -0.6005 0.6655 -0.4432
vn -0.3540 0.6247 0.6960
vn 0.3715 0.9018 -0.2208
vn 0.3422 0.6343 0.6932
vn -0.6716 0.6793 -0.2958
vn -0.6671 0.6817 -0.3005
vn 0.3466 0.6366 0.6889
vn 0.2064 0.9147 -0.3473
vn -0.7047 0.6150 0.3537
vn 0.4510 0.6585 0.6025
vn -0.2201 0.9091 -0.3536
vn -0.6154 0.4040 0.6768
vn 0.3544 0.6383 0.6834
vn -0.7834 0.6199 0.0438
vn -0.2115 0.9647 0.1569
vn -0.7240 0.4917 0.4838
vn 0.2423 0.6771 0.6949
vn -0.2280 0.9617 0.1523
vn -0.1951 0.9647 0.1768
vn 0.3481 0.8704 -0.3481
vn -0.1768 0.9647 0.1951
vn -0.6152 0.4930 0.6152
vn -0.3471 0.4210 0.8380
vn -0.1541 0.9329 0.3256
vn -0.1394 0.9313 0.3366
vn -0.7675 0.6390 -0.0512
vn -0.3419 0.4490 0.8255
vn -0.1289 0.9535 0.2725
vn 0.1712 0.8944 -0.4132
vn -0.1015 0.9535 0.2839
vn -0.1550 0.9535 0.2586
vn -0.4973 0.4457 0.7443
vn 0.4704 0.6735 0.5701
vn -0.1717 0.9510 0.2570
vn -0.1808 0.9456 0.2706
vn -0.1992 0.9425 0.2685
vn -0.1903 0.9395 0.2848
vn -0.7185 0.6675 -0.1957
vn -0.2586 0.9535 0.1550
vn -0.2570 0.9510 0.1717
vn -0.5682 0.6795 -0.4642
vn -0.2438 0.9560 0.1629
vn -0.2725 0.9535 0.1289
vn -0.2709 0.9560 0.1122
vn 0.0896 0.6512 0.7536
vn 0.4404 0.8791 -0.1824
vn -0.1100 0.9768 0.1835
vn -0.1112 0.9798 0.1664
vn 0.4726 0.7218 0.5057
vn -0.1262 0.9739 0.1889
vn -0.3237 0.5335 0.7814
vn -0.0915 0.9768 0.1934
vn 0.2010 0.8510 -0.4852
vn -0.0720 0.9768 0.2014
vn -0.4699 0.5335 0.7033
vn -0.4388 0.7050 -0.5571
vn -0.8022 0.4961 0.3323
vn -0.2480 0.9647 0.0887
vn -0.2533 0.9617 0.1049
vn 0.2935 0.9098 -0.2935
vn -0.4106 0.6884 -0.5979
vn -0.1849 0.9798 0.0766
vn -0.2015 0.9768 0.0721
vn 0.5022 0.8394 -0.2080
vn -0.0828 0.6093 0.7886
vn -0.8245 0.4511 0.3415
vn -0.3392 0.9329 0.1213
vn 0.4148 0.8935 -0.1718
vn -0.3256 0.9329 0.1541
vn -0.1569 0.9647 0.2115
vn 0.2757 0.8682 -0.4126
vn -0.7125 0.6506 -0.2628
vn -0.1399 0.9678 0.2094
vn -0.7870 0.6166 -0.0190
vn -0.2848 0.9395 0.1903
vn -0.5875 0.6722 -0.4506
vn -0.2706 0.9456 0.1808
vn 0.2003 0.6622 0.7221
vn -0.6026 0.6660 -0.4396
vn -0.2955 0.9347 0.1975
vn -0.3090 0.9329 0.1852
vn 0.3713 0.8947 -0.2481
vn -0.2576 0.9313 0.2576
vn -0.6685 0.6820 -0.2966
vn -0.2513 0.9347 0.2513
vn 0.3429 0.6371 0.6903
vn -0.0213 0.6312 0.7753
vn -0.1852 0.9329 0.3090
vn -0.1975 0.9347 0.2955
vn 0.4475 0.6589 0.6046
vn 0.2320 0.9086 -0.3472
vn 0.1587 0.9099 -0.3833
vn -0.2245 0.9424 0.2478
vn -0.6370 0.4341 0.6370
vn 0.3555 0.6435 0.6779
vn -0.2422 0.9395 0.2422
vn -0.7685 0.5551 0.3183
vn -0.0026 0.6718 0.7407
vn 0.3796 0.8711 -0.3115
vn -0.6734 0.4911 0.5526
vn -0.4220 0.4458 0.7894
vn 0.2100 0.8953 -0.3928
vn 0.4644 0.6698 0.5794
vn -0.7117 0.6717 -0.2057
vn -0.7760 0.4752 0.4148
vn 0.4184 0.8803 -0.2236
vn 0.2455 0.8536 -0.4594
vn -0.4007 0.5266 0.7497
vn -0.2588 0.4528 0.8532
vn 0.1303 0.8936 -0.4295
vn -0.8523 0.4546 0.2585
vn 0.4313 0.8927 -0.1308
vn -0.7041 0.6546 -0.2753
vn 0.4619 0.7168 0.5223
vn -0.6833 0.6634 -0.3050
vn 0.4831 0.7264 0.4888
vn 0.3130 0.8698 -0.3813
vn -0.5512 0.4951 0.6716
vn -0.5589 0.6828 -0.4706
vn 0.2293 0.6726 0.7036
vn 0.1900 0.6583 0.7284
vn -0.5974 0.6682 -0.4434
vn -0.7887 0.4475 0.4216
vn 0.3939 0.8947 -0.2106
vn 0.1537 0.8484 -0.5066
vn -0.2442 0.5406 0.8050
vn -0.4539 0.7004 -0.5508
vn 0.0996 0.6543 0.7496
vn -0.6731 0.6796 -0.2918
vn 0.3384 0.6348 0.6946
vn 0.4510 0.6612 0.5994
vn -0.7251 0.6631 -0.1856
vn 0.2106 0.6660 0.7156
vn -0.5775 0.6760 -0.4577
vn -0.5726 0.4305 0.6977
vn 0.2727 0.9029 -0.3323
vn -0.7698 0.6367 -0.0454
vn 0.5293 0.6778 0.5103
vn -0.6640 0.6844 -0.3013
vn 0.3472 0.6393 0.6861
vn -0.4283 0.4176 0.8013
vn 0.1967 0.9088 -0.3680
vn -0.3930 0.6923 -0.6052
vn 0.1473 0.6972 0.7016
vn 0.5198 0.8396 -0.1577
vn -0.8034 0.5433 0.2437
vn 0.4746 0.8683 -0.1440
vn -0.8289 0.4998 0.2514
vn 0.1114 0.9797 -0.1667
vn 0.4986 0.5216 -0.6924
vn -0.2999 0.8418 0.4488
vn -0.5136 0.6882 -0.5125
vn 0.6718 0.6908 0.2673
vn 0.1251 0.9770 -0.1725
vn 0.1187 0.9769 -0.1776
vn -0.1213 0.9485 -0.2928
vn -0.0767 0.9645 -0.2529
vn -0.1950 0.9364 -0.2918
vn -0.2918 0.9364 -0.1950
vn -0.2635 0.9485 -0.1761
vn -0.3325 0.9330 -0.1377
vn -0.1278 0.9426 -0.3085
vn -0.2636 0.9584 -0.1092
vn -0.2777 0.9426 -0.1855
vn -0.1153 0.9536 -0.2782
vn -0.1320 0.9824 -0.1320
vn -0.3458 0.9324 -0.1049
vn -0.1777 0.9769 -0.1187
vn -0.2608 0.9295 -0.2607
vn -0.1893 0.9767 -0.1012
vn -0.1999 0.9330 -0.2992
vn -0.2430 0.9648 -0.1007
vn -0.3187 0.9324 -0.1704
vn -0.1552 0.9824 -0.1037
vn -0.2794 0.9324 -0.2293
vn -0.1860 0.9648 -0.1860
vn -0.2049 0.9295 -0.3066
vn -0.1855 0.9426 -0.2777
vn -0.2504 0.9536 -0.1673
vn 0.5564 0.6844 -0.4712
vn 0.5609 0.6879 -0.4607
vn -0.7472 0.6583 0.0910
vn -0.7513 0.6550 0.0809
vn -0.3221 0.8905 0.3213
vn 0.4381 0.8989 -0.0093
vn -0.3784 0.4591 -0.8037
vn -0.3003 0.4615 -0.8348
vn -0.4484 0.6893 0.5690
vn 0.1028 0.6627 -0.7418
vn 0.1168 0.6672 -0.7357
vn -0.4336 0.6940 0.5748
vn -0.7252 0.6644 0.1807
vn -0.7286 0.6622 0.1753
vn 0.4499 0.6539 -0.6083
vn 0.4537 0.6561 -0.6031
vn 0.4232 0.6650 -0.6154
vn -0.5883 0.7125 0.3824
vn -0.6025 0.7076 0.3691
vn 0.4109 0.6603 -0.6287
vn 0.3986 0.6566 -0.6403
vn -0.7099 0.6866 -0.1569
vn 0.3158 0.8816 0.3508
vn 0.3478 0.8874 -0.3027
vn -0.8262 0.4785 -0.2974
vn -0.7955 0.4764 -0.3745
vn 0.0248 0.8950 0.4455
vn 0.4198 0.8726 0.2497
vn -0.2620 0.6985 -0.6660
vn -0.5143 0.6830 0.5186
vn 0.2406 0.8823 0.4045
vn 0.2819 0.8821 0.3774
vn -0.5280 0.4589 -0.7145
vn -0.4583 0.4582 -0.7616
vn -0.6940 0.6323 0.3442
vn 0.3475 0.9081 -0.2335
vn -0.6742 0.4120 -0.6129
vn 0.1888 0.8988 0.3956
vn 0.1008 0.6460 -0.7566
vn -0.7557 0.6511 0.0704
vn -0.7829 0.6193 -0.0587
vn 0.3380 0.9066 0.2526
vn 0.3622 0.9069 0.2153
vn -0.3541 0.6255 -0.6953
vn 0.3985 0.9063 0.1410
vn -0.8579 0.4109 -0.3084
vn -0.8256 0.4088 -0.3889
vn 0.3805 0.9068 0.1817
vn -0.5869 0.6593 0.4699
vn -0.5967 0.6553 0.4631
vn 0.1881 0.6681 -0.7199
vn 0.1984 0.6722 -0.7133
vn -0.5774 0.6632 0.4762
vn 0.3412 0.9006 -0.2692
vn -0.7711 0.4360 -0.4640
vn 0.4054 0.8934 0.1935
vn 0.0899 0.6599 -0.7459
vn -0.7427 0.6598 0.1144
vn 0.4606 0.6577 -0.5961
vn -0.4665 0.4253 -0.7756
vn -0.2870 0.9008 0.3259
vn 0.0061 0.6502 -0.7598
vn 0.5556 0.6889 -0.4656
vn -0.1122 0.9560 -0.2709
vn -0.7470 0.6595 0.0840
vn -0.1183 0.9510 -0.2855
vn -0.1049 0.9617 -0.2533
vn -0.1126 0.9647 -0.2380
vn -0.3342 0.4872 -0.8068
vn -0.0887 0.9647 -0.2480
vn -0.2533 0.9617 -0.1049
vn 0.1073 0.6690 -0.7355
vn -0.2327 0.9678 -0.0964
vn -0.4404 0.6956 0.5677
vn -0.7692 0.6386 -0.0246
vn 0.2422 0.8999 0.3625
vn -0.7258 0.6649 0.1766
vn -0.2024 0.9313 -0.3029
vn 0.4501 0.6566 -0.6053
vn -0.1975 0.9347 -0.2955
vn -0.1416 0.9798 -0.1416
vn -0.5926 0.7147 0.3715
vn -0.1606 0.9739 -0.1606
vn 0.4130 0.6676 -0.6195
vn -0.6024 0.5238 -0.6024
vn -0.7126 0.5154 -0.4761
vn 0.3898 0.6586 -0.6437
vn -0.1781 0.9678 -0.1781
vn -0.1768 0.9647 -0.1951
vn 0.3450 0.8729 0.3450
vn -0.2015 0.9768 -0.0721
vn -0.7977 0.5046 -0.3304
vn -0.1934 0.9768 -0.0915
vn -0.2099 0.9739 -0.0869
vn 0.4185 0.8641 0.2796
vn -0.1835 0.9768 -0.1100
vn -0.1664 0.9798 -0.1112
vn -0.5205 0.6854 0.5092
vn 0.2697 0.8743 0.4036
vn -0.1569 0.9647 -0.2115
vn -0.4857 0.4855 -0.7269
vn -0.1354 0.9647 -0.2259
vn -0.0867 0.6162 -0.7828
vn 0.3071 0.9008 0.3071
vn -0.2576 0.9313 -0.2576
vn -0.2669 0.9329 -0.2419
vn -0.6345 0.4413 -0.6345
vn -0.6912 0.6350 0.3449
vn -0.1430 0.9425 -0.3022
vn -0.1245 0.9456 -0.3007
vn -0.7553 0.6523 0.0628
vn 0.1736 0.8912 0.4190
vn -0.2893 0.9329 -0.2146
vn 0.3624 0.9000 0.2422
vn -0.3090 0.9329 -0.1852
vn -0.2955 0.9347 -0.1974
vn -0.3392 0.9329 -0.1213
vn -0.8309 0.4371 -0.3442
vn -0.3256 0.9329 -0.1541
vn 0.4032 0.8997 0.1670
vn -0.5910 0.6604 0.4633
vn -0.2848 0.9395 -0.1903
vn 0.1906 0.6731 -0.7145
vn -0.2706 0.9456 -0.1808
vn -0.5719 0.6678 0.4764
vn -0.2570 0.9510 -0.1717
vn -0.2586 0.9535 -0.1550
vn -0.7366 0.4638 -0.4922
vn 0.4289 0.8857 0.1777
vn 0.0830 0.6610 -0.7458
vn -0.2709 0.9560 -0.1122
vn -0.2725 0.9535 -0.1289
vn 0.4608 0.6627 -0.5903
vn -0.4954 0.4527 -0.7414
vn -0.1719 0.9425 -0.2868
vn -0.1903 0.9395 -0.2848
vn 0.5600 0.6923 -0.4551
vn -0.7429 0.6628 0.0941
vn 0.4463 0.6544 -0.6104
vn -0.7292 0.6626 0.1710
vn 0.4254 0.6722 -0.6060
vn -0.5781 0.7195 0.3848
vn 0.4004 0.6628 -0.6328
vn -0.6068 0.7096 0.3581
vn 0.4833 0.8631 0.1466
vn -0.8248 0.5070 -0.2502
vn 0.4434 0.8644 0.2370
vn -0.7623 0.5028 -0.4075
vn 0.3081 0.8741 0.3755
vn -0.5543 0.4864 -0.6754
vn 0.2879 0.6831 -0.6712
vn -0.6954 0.6329 0.3404
vn -0.4254 0.7001 0.5735
vn 0.1214 0.6734 -0.7293
vn 0.5511 0.6853 -0.4761
vn -0.7511 0.6561 0.0738
vn -0.8597 0.4393 -0.2608
vn 0.4184 0.8994 0.1269
vn 0.2767 0.7035 -0.6547
vn -0.5044 0.6902 0.5188
vn -0.5811 0.6643 0.4702
vn 0.2009 0.6771 -0.7079
vn -0.6008 0.6563 0.4564
vn 0.1803 0.6690 -0.7211
vn 0.1415 0.8731 0.4665
vn -0.2531 0.4897 -0.8343
vn 0.2286 0.8745 0.4277
vn -0.4122 0.4851 -0.7712
vn -0.7817 0.4630 -0.4178
vn 0.4083 0.8864 0.2182
vn 0.4538 0.6587 -0.6001
vn -0.7224 0.6670 0.1821
vn -0.4205 0.4521 -0.7866
vn 0.2131 0.8920 0.3986
vn -0.7941 0.4351 -0.4244
vn 0.3837 0.9004 0.2051
vn 0.0931 0.6644 -0.7416
vn -0.4553 0.6908 0.5617
vn -0.6952 0.4371 -0.5706
vn 0.3371 0.8999 0.2767
s 1
usemtl base
f 2529//594 2530//594 2531//595 2532//595
f 2533//596 2534//596 2530//594 2529//594
f 2535//597 2536//597 2534//596 2533//596
f 2537//598 2538//598 2536//597 2535//597
f 2539//599 2540//599 2538//598 2537//598
f 2541//600 2542//600 2540//599 2539//599
f 2543//601 2544//601 2542//600 2541//600
f 2545//602 2546//602 2544//601 2543//601
f 2547//603 2548//603 2546//602 2545//602
f 2549//604 2550//604 2548//603 2547//603
f 2551//605 2552//605 2550//604 2549//604
f 2553//606 2554//606 2552//605 2551//605
f 2555//607 2556//607 2554//606 2553//606
f 2557//608 2558//608 2556//607 2555//607
f 2559//609 2560//609 2558//608 2557//608
f 2561//610 2562//610 2560//609 2559//609
f 2563//611 2564//611 2562//610 2561//610
f 2565//612 2566//612 2564//611 2563//611
f 2567//613 2568//613 2566//612 2565//612
f 2569//614 2570//614 2568//613 2567//613
f 2571//615 2572//615 2570//614 2569//614
f 2573//616 2574//616 2572//615 2571//615
f 2575//617 2576//617 2574//616 2573//616
f 2577//618 2578//618 2576//617 2575//617
f 2579//619 2580//619 2578//618 2577//618
f 2581//620 2582//620 2580//619 2579//619
f 2583//621 2584//621 2582//620 2581//620
f 2585//622 2586//622 2584//621 2583//621
f 2587//623 2588//623 2586//622 2585//622
f 2589//624 2590//624 2588//623 2587//623
f 2591//625 2592//625 2590//624 2589//624
f 2532//595 2531//595 2592//625 2591//625
f 2732//595 2733//595 2734//595 2735//595
f 2736//624 2737//624 2738//624 2739//624
f 2740//622 2741//622 2742//622 2743//622
f 2744//620 2745//620 2746//620 2747//620
f 2748//616 2749//616 2750//616 2751//616
f 2752//614 2753//614 2754//614 2755//614
f 2756//606 2757//606 2758//606 2759//606
f 2760//604 2761//604 2762//604 2763//604
f 2764//602 2765//602 2766//602 2767//602
f 2768//600 2769//600 2770//600 2771//600
f 3057//683 3058//683 3059//683
f 3060//683 3061//683 3058//683 3057//683
f 3062//683 3063//683 3061//683 3060//683
f 3062//683 3064//683 3063//683
f 3065//683 3066//683 3067//683
f 3068//683 3069//683 3066//683 3065//683
f 3070//683 3071//683 3069//683 3068//683
f 3070//683 3072//683 3071//683
f 3137//683 3138//683 3139//683 3140//683
f 3141//793 3142//793 3143//793 3144//793
f 3145//794 3146//794 3147//794 3148//794
f 3149//795 3150//795 3151//795 3152//795
f 3140//683 3352//683 3353//683 3137//683
f 3354//798 3355//798 3356//798 3357//798
f 3364//604 3365//604 3366//604 3367//604
f 3374//596 3375//596 3376//596 3377//596
f 3390//612 3391//612 3392//612 3393//612
f 3394//616 3395//616 3396//616 3397//616
f 3398//624 3399//624 3400//624 3401//624
f 3402//799 3403//799 3404//799 3405//799
f 3406//800 3407//800 3408//800 3409//800
f 3729//638 3730//638 3731//638 3732//638
f 3733//853 3734//853 3735//853 3736//853
f 3737//793 3738//793 3739//793 3740//793
f 3741//638 3742//638 3743//638 3744//638
f 3745//854 3746//854 3747//854 3748//854
f 3749//855 3750//855 3751//855 3752//855
f 3753//638 3754//638 3755//638 3756//638
f 3757//795 3758//795 3759//795 3760//795
f 3761//856 3762//856 3763//856 3764//856
f 3765//683 3766//683 3767//683 3768//683
f 3768//683 3769//683 3770//683 3765//683
f 3771//853 3772//853 3773//853 3774//853
f 3775//638 3776//638 3754//638 3753//638
f 3777//857 3778//857 3779//857 3780//857
f 3781//858 3782//858 3783//858 3784//858
f 3785//856 3786//856 3787//856 3788//856
f 3789//638 3790//638 3730//638 3729//638
f 3791//859 3792//859 3793//859 3794//859
f 3795//638 3796//638 3742//638 3741//638
f 2530//683 2622//683 2623//683 2531//683
f 2534//683 2624//683 2622//683 2530//683
f 2536//683 2625//683 2624//683 2534//683
f 2538//683 2626//683 2625//683 2536//683
f 2540//683 2627//683 2626//683 2538//683
f 2542//683 2628//683 2627//683 2540//683
f 2544//683 2629//683 2628//683 2542//683
f 2546//683 2630//683 2629//683 2544//683
f 2548//683 2631//683 2630//683 2546//683
f 2550//683 2632//683 2631//683 2548//683
f 2552//683 2633//683 2632//683 2550//683
f 2554//683 2634//683 2633//683 2552//683
f 2556//683 2635//683 2634//683 2554//683
f 2558//683 2636//683 2635//683 2556//683
f 2560//683 2637//683 2636//683 2558//683
f 2562//683 2638//683 2637//683 2560//683
f 2564//683 2639//683 2638//683 2562//683
f 2566//683 2640//683 2639//683 2564//683
f 2568//683 2641//683 2640//683 2566//683
f 2570//683 2642//683 2641//683 2568//683
f 2572//683 2643//683 2642//683 2570//683
f 2574//683 2644//683 2643//683 2572//683
f 2576//683 2645//683 2644//683 2574//683
f 2578//683 2646//683 2645//683 2576//683
f 2580//683 2647//683 2646//683 2578//683
f 2582//683 2648//683 2647//683 2580//683
f 2584//683 2649//683 2648//683 2582//683
f 2586//683 2650//683 2649//683 2584//683
f 2588//683 2651//683 2650//683 2586//683
f 2590//683 2652//683 2651//683 2588//683
f 2592//683 2653//683 2652//683 2590//683
f 2531//683 2623//683 2653//683 2592//683
f 2695//618 3843//618 3844//618 2696//618
f 2683//612 3845//612 3846//612 2684//612
f 2679//610 2785//610 2784//610 2680//610
f 3847//608 2781//608 2780//608 3848//608
f 4267//683 2912//683 2893//683 4296//683
f 4287//683 2896//683 3009//683 4293//683
f 4277//683 3012//683 3005//683 4273//683
f 2845//683 4289//683 4279//683
f 4271//683 3008//683 2997//683 4274//683
f 4282//683 3000//683 2989//683 4294//683
f 4292//683 2992//683 2981//683 4295//683
f 4281//683 2984//683 2973//683 4272//683
f 4283//683 2976//683 2965//683 4275//683
f 4284//683 2968//683 2957//683 4297//683
f 2825//683 4285//683 4298//683
f 4285//683 2960//683 2949//683 4298//683
f 4286//683 2952//683 2901//683 4291//683
f 4288//683 2904//683 2941//683 4270//683
f 4268//683 2944//683 2933//683 4280//683
f 2840//683 2833//683 4317//683
f 4278//683 2936//683 2925//683 4290//683
f 4289//683 2928//683 2917//683 4279//683
f 4276//683 2920//683 2909//683 4269//683
f 2816//683 2809//683 4328//683
f 2849//683 4276//683 4269//683
f 2841//683 4278//683 4290//683
f 2821//683 4284//683 4297//683
f 2813//683 4281//683 4272//683
f 2829//683 4286//683 4291//683
f 2809//683 4292//683 4295//683
f 2801//683 4271//683 4274//683
f 2793//683 4287//683 4293//683
f 2797//683 4277//683 4273//683
f 2817//683 4283//683 4275//683
f 2805//683 4282//683 4294//683
f 2833//683 4288//683 4270//683
f 2837//683 4268//683 4280//683
f 3865//683 3409//683 3408//683
f 3866//683 3867//683 3409//683 3865//683
f 3868//683 3354//683 3867//683 3866//683
f 3868//683 3355//683 3354//683
f 3353//854 3352//854 3781//854 3784//854
f 3869//683 3774//683 3773//683 3870//683
f 3871//683 3794//683 3793//683 3872//683
f 3873//683 3788//683 3787//683 3874//683
f 3870//683 3142//683 3141//683 3869//683
f 3872//683 3146//683 3145//683 3871//683
f 3874//683 3150//683 3149//683 3873//683
f 3071//930 3072//930 3392//930 3391//930
f 3063//931 3064//931 3366//931 3365//931
f 3895//620 3357//620 3356//620 3896//620
f 3407//600 3406//600 3897//600 3898//600
f 3066//932 3399//932 3398//932 3067//932
f 3395//933 3394//933 3059//933 3058//933
f 3921//614 3922//614 3734//859 3733//859
f 3740//854 3739//854 3922//614 3921//614
f 3923//606 3924//606 3750//853 3749//853
f 3748//795 3747//795 3924//606 3923//606
f 3925//598 3926//598 3762//855 3761//855
f 3760//794 3759//794 3926//598 3925//598
f 3927//638 3928//638 3783//638 3782//638
f 3929//622 3768//622 3767//856 3930//856
f 3931//793 3769//793 3768//622 3929//622
f 3755//950 3144//950 3143//950 3756//950
f 3772//951 3771//951 3776//951 3775//951
f 3777//855 3780//855 3139//855 3138//855
f 3779//638 3778//638 3928//638 3927//638
f 3785//952 3790//952 3789//952 3786//952
f 3151//953 3732//953 3731//953 3152//953
f 3744//954 3743//954 3148//954 3147//954
f 3792//955 3791//955 3796//955 3795//955
f 3947//965 4609//966 4610//966 3835//966 4059//967
f 2655//598 3851//598 3850//598 2656//598
f 3819//596 2777//596 2776//596 2774//596
f 3402//608 3405//608 3894//608 3997//608
f 3375//1017 3890//1017 3998//1017 3376//1017
f 3999//683 3735//683 3734//683 3922//683
f 3922//683 3739//683 3738//683 3999//683
f 4000//683 3751//683 3750//683 3924//683
f 3924//683 3747//683 3746//683 4000//683
f 4001//683 3763//683 3762//683 3926//683
f 3926//683 3759//683 3758//683 4001//683
f 3930//859 3767//859 3766//859 4002//859
f 4003//794 3770//794 3769//794 3931//794
f 2529//1024 4004//1025 4005//1026 2533//1027
f 2533//1027 4005//1026 4006//1028 2535//1029
f 2535//1029 4006//1028 4007//1030 2537//1031
f 2537//1031 4007//1030 4008//1032 2539//1033
f 2539//1033 4008//1032 4009//1034 2541//1035
f 2541//1035 4009//1034 4010//1036 2543//1037
f 2543//1037 4010//1036 4011//1038 2545//1039
f 2545//1039 4011//1038 4012//1040 2547//1041
f 2547//1041 4012//1040 4013//1042 2549//1043
f 2549//1043 4013//1042 4014//1044 2551//1045
f 2551//1045 4014//1044 4015//1046 2553//1047
f 2553//1047 4015//1046 4016//1048 2555//1049
f 2555//1049 4016//1048 4017//1050 2557//1051
f 2557//1051 4017//1050 4018//1052 2559//1053
f 2559//1053 4018//1052 4019//1054 2561//1055
f 2561//1055 4019//1054 4020//1056 2563//1057
f 2563//1057 4020//1056 4021//1058 2565//1059
f 2565//1059 4021//1058 4022//1060 2567//1061
f 2567//1061 4022//1060 4023//1062 2569//1063
f 2569//1063 4023//1062 4024//1064 2571//1065
f 2571//1065 4024//1064 4025//1066 2573//1067
f 2573//1067 4025//1066 4026//1068 2575//1069
f 2575//1069 4026//1068 4027//1070 2577//1071
f 2577//1071 4027//1070 4028//1072 2579//1073
f 2579//1073 4028//1072 4029//1074 2581//1075
f 2581//1075 4029//1074 4030//1076 2583//1077
f 2583//1077 4030//1076 4031//1078 2585//1079
f 2585//1079 4031//1078 4032//1080 2587//1081
f 2587//1081 4032//1080 4033//1082 2589//1083
f 2589//1083 4033//1082 4034//1084 2591//1085
f 2591//1085 4034//1084 4035//1086 2532//1087
f 2532//1087 4035//1086 4004//1025 2529//1024
f 4004//1025 4035//1086 4036//1088 4037//1089
f 4037//1089 4038//1090 4005//1026 4004//1025
f 3826//1091 4585//1092 4586//1092 3828//1092 4039//1093
f 4037//1089 3827//1094 4038//1090
f 4039//1093 4040//1095 3825//1096
f 4039//1093 4041//1097 4042//1098 4043//1099
f 4038//1090 3827//1094 4044//1100
f 4040//1095 4039//1093 4043//1099 4045//1101
f 4044//1100 3825//1096 4040//1095
f 4044//1100 3827//1094 3942//1102
f 4046//1103 3833//1104 4049//1105
f 4048//1106 3829//1107 4047//1108
f 4047//1108 3829//1107 3830//1109
f 4047//1108 3833//1104 4046//1103
f 4012//1040 4011//1038 4046//1103 4049//1105
f 4049//1105 3831//1110 4050//1111
f 4051//1112 3829//1107 4048//1106
f 4013//1042 4012//1040 4049//1105 4050//1111
f 4050//1111 3831//1110 4052//1113
f 4052//1113 3834//1114 4053//1115
f 4052//1113 3831//1110 3832//1116
f 4053//1115 3834//1114 4051//1112
f 4056//1117 4055//1118 3839//1119
f 4056//1117 4057//1120 4020//1056 4019//1054
f 4056//1117 3839//1119 4057//1120
f 4055//1118 4054//1121 3835//966
f 4055//1118 3835//966 3836//1122
f 4057//1120 4058//1123 4021//1058 4020//1056
f 4057//1120 3837//1124 4058//1123
f 4059//967 3835//966 4054//1121
f 4060//1125 4061//1126 3840//1127
f 4060//1125 3840//1127 4059//967
f 4061//1126 3837//1124 3838//1128
f 4064//1140 4063//1141 2731//1142
f 4064//1140 2731//1142 4065//1143
f 4063//1141 4062//1144 2722//1145
f 4063//1141 2722//1145 2724//1146
f 4028//1072 4027//1070 4064//1140 4065//1143
f 4065//1143 4066//1147 4029//1074 4028//1072
f 4065//1143 2725//1148 4066//1147
f 4067//1149 2722//1145 4062//1144
f 4068//1150 4069//1151 2729//1152
f 4068//1150 2729//1152 4067//1149
f 4069//1151 2725//1148 2727//1153
f 4036//1088 3823//1166 4037//1089
f 4041//1097 4039//1093 3828//1092
f 4041//1097 3828//1092 4070//1167
f 4070//1167 3828//1092 3943//1168
f 4070//1167 3823//1166 4036//1088
f 4045//1101 4043//1099 4071//1169 4072//1170
f 4072//1170 4071//1169 4073//1171 4074//1172
f 4043//1099 4042//1098 4075//1173 4071//1169
f 4071//1169 4075//1173 4076//1174 4073//1171
f 4083//1188 4085//1189 4086//1190 4084//1191
f 4087//1192 4082//1193 4068//1150 4067//1149
f 4087//1192 4088//1194 4089//1195 4085//1189
f 4085//1189 4083//1188 4082//1193 4087//1192
f 4085//1189 4089//1195 4090//1196 4086//1190
f 4088//1194 4087//1192 4067//1149 4062//1144
f 4096//1227 4099//1228 4100//1229 4097//1230
f 4097//1230 4100//1229 4101//1231 4098//1232
f 4099//1228 4096//1227 4060//1125 4059//967
f 4099//1228 4102//1233 4103//1234 4100//1229
f 4100//1229 4103//1234 4104//1235 4101//1231
f 4102//1233 4099//1228 4059//967 4054//1121
f 4112//1272 4113//1273 4114//1274 4110//1275
f 4110//1275 4114//1274 4115//1276 4111//1277
f 4113//1273 4112//1272 4053//1115 4051//1112
f 4113//1273 4116//1278 4117//1279 4114//1274
f 4114//1274 4117//1279 4118//1280 4115//1276
f 4116//1278 4113//1273 4051//1112 4048//1106
f 4073//1171 4076//1174 2599//1333 2597//1334
f 4076//1174 4078//1335 2601//1336 2599//1333
f 4078//1335 4077//1340 2603//1341 4145//1342 2601//1336
f 4077//1340 3419//1343 2603//1341
f 4079//1344 3414//1345 3419//1343 4077//1340
f 4080//1346 4081//1347 3932//1348 4153//1349 3797//1350
f 4080//1346 3415//1351 3414//1345 4079//1344
f 4081//1347 4084//1191 3934//1352 3932//1348
f 4084//1191 4086//1190 3936//1353 3934//1352
f 4086//1190 4090//1196 3938//1354 3936//1353
f 4090//1196 4091//1355 3940//1356 3938//1354
f 4091//1355 4092//1357 2605//1358 4152//1359 3940//1356
f 4092//1357 3413//1360 2605//1358
f 4093//1361 3902//1362 3413//1360 4092//1357
f 4094//1363 4095//1364 3798//1365 4140//1366 2608//1367
f 4094//1363 2610//1368 3902//1362 4093//1361
f 4095//1364 4098//1232 3800//1369 3798//1365
f 4098//1232 4101//1231 3802//1370 3800//1369
f 4101//1231 4104//1235 3804//1371 3802//1370
f 4104//1235 4105//1372 3806//1373 3804//1371
f 4105//1372 4106//1374 2611//1375 4142//1376 3806//1373
f 4106//1374 3412//1377 2611//1375
f 4107//1378 3900//1379 3412//1377 4106//1374
f 4108//1380 4109//1381 3808//1382 4146//1383 2614//1384
f 4108//1380 2616//1385 3900//1379 4107//1378
f 4109//1381 4111//1277 3810//1386 3808//1382
f 4111//1277 4115//1276 3812//1387 3810//1386
f 4115//1276 4118//1280 3814//1388 3812//1387
f 4118//1280 4119//1389 3816//1390 3814//1388
f 4119//1389 4120//1391 2617//1392 4141//1393 3816//1390
f 4120//1391 3420//1394 2617//1392
f 4121//1395 3904//1396 3420//1394 4120//1391
f 4122//1397 4123//1398 2596//1399 4143//1400 2621//1401
f 4122//1397 3905//1402 3904//1396 4121//1395
f 4123//1398 4074//1172 2593//1403 2596//1399
f 2597//1334 2593//1403 4074//1172 4073//1171
f 3797//1350 3415//1351 4080//1346
f 2608//1367 2610//1368 4094//1363
f 2614//1384 2616//1385 4108//1380
f 2621//1401 3905//1402 4122//1397
f 3942//1102 3825//1096 4044//1100
f 3943//1168 3823//1166 4070//1167
f 3830//1109 3833//1104 4047//1108
f 3832//1116 3834//1114 4052//1113
f 3837//1124 4061//1126 4058//1123
f 3836//1122 3839//1119 4055//1118
f 3838//1128 3840//1127 4061//1126
f 4067//1149 2729//1152 4569//1152 4570//1152 3842//1404
f 2725//1148 4069//1151 4066//1147
f 2727//1153 2729//1152 4069//1151
f 2724//1146 2731//1142 4063//1141
f 4128//683 3890//683 3889//683 4129//683
f 4128//683 3998//683 3890//683
f 4130//683 3404//683 3403//683
f 4129//683 3889//683 3404//683 4130//683
f 3218//683 3374//683 3931//683
f 3218//683 3931//683 3929//683 3215//683
f 3215//683 3929//683 3930//683 3219//683
f 3220//683 3219//683 3396//683
f 3228//683 3364//683 3760//683
f 3228//683 3760//683 3925//683 3225//683
f 3225//683 3925//683 3761//683 3229//683
f 3230//683 3229//683 3400//683
f 3238//683 3390//683 3748//683
f 3238//683 3748//683 3923//683 3235//683
f 3235//683 3923//683 3749//683 3239//683
f 3240//683 3239//683 3897//683
f 3248//683 3895//683 3740//683
f 3248//683 3740//683 3921//683 3245//683
f 3245//683 3921//683 3733//683 3249//683
f 3250//683 3249//683 3894//683
f 3397//683 3396//683 3930//683
f 3367//683 3757//683 3760//683
f 3364//683 3228//683 3362//683
f 3377//683 4003//683 3931//683
f 3997//683 3894//683 3733//683
f 3374//683 3218//683 3369//683
f 3898//683 3897//683 3749//683
f 3896//683 3737//683 3740//683
f 3895//683 3248//683 3382//683
f 3401//683 3400//683 3761//683
f 3393//683 3745//683 3748//683
f 3390//683 3238//683 3388//683
f 3733//683 3894//683 3249//683
f 3733//683 3736//683 3997//683
f 3740//683 3895//683 3896//683
f 3748//683 3390//683 3393//683
f 3749//683 3897//683 3239//683
f 3749//683 3752//683 3898//683
f 3760//683 3364//683 3367//683
f 3761//683 3400//683 3229//683
f 3761//683 3764//683 3401//683
f 3930//683 3396//683 3219//683
f 3930//683 4002//683 3397//683
f 3931//683 3374//683 3377//683
f 2734//683 3637//683 3640//683 2921//683
f 2774//683 3644//683 3637//683 2734//683
f 2776//683 3648//683 3649//683 2913//683
f 2656//683 3645//683 3648//683 2776//683
f 3850//683 3549//683 3552//683 2905//683
f 2771//683 3556//683 3549//683 3850//683
f 2770//683 3557//683 3560//683 2889//683
f 2767//683 3564//683 3557//683 2770//683
f 2766//683 3568//683 3569//683 3013//683
f 2763//683 3565//683 3568//683 2766//683
f 2762//683 3573//683 3576//683 3001//683
f 2759//683 3580//683 3573//683 2762//683
f 2758//683 3581//683 3584//683 2993//683
f 3848//683 3588//683 3581//683 2758//683
f 2780//683 3592//683 3593//683 2985//683
f 2680//683 3589//683 3592//683 2780//683
f 2784//683 3600//683 3601//683 2977//683
f 2684//683 3597//683 3600//683 2784//683
f 3846//683 3909//683 3910//683 2969//683
f 2755//683 3912//683 3909//683 3846//683
f 2754//683 3605//683 3608//683 2961//683
f 2751//683 3612//683 3605//683 2754//683
f 2750//683 3613//683 3616//683 2953//683
f 2696//683 3620//683 3613//683 2750//683
f 3844//683 3914//683 3915//683 2945//683
f 2747//683 3913//683 3914//683 3844//683
f 2746//683 3621//683 3624//683 2897//683
f 2743//683 3628//683 3621//683 2746//683
f 2742//683 3632//683 3633//683 2937//683
f 2739//683 3629//683 3632//683 2742//683
f 2738//683 3918//683 3919//683 2929//683
f 2735//683 3917//683 3918//683 2738//683
f 2889//683 2906//683 2771//683 2770//683
f 2889//683 3560//683 3561//683 2890//683
f 2897//683 2946//683 2747//683 2746//683
f 2897//683 3624//683 3625//683 2898//683
f 2905//683 2914//683 2656//683 3850//683
f 2905//683 3552//683 3553//683 2906//683
f 2913//683 2922//683 2774//683 2776//683
f 2913//683 3649//683 3652//683 2914//683
f 2921//683 2930//683 2735//683 2734//683
f 2921//683 3640//683 3641//683 2922//683
f 2929//683 2938//683 2739//683 2738//683
f 2929//683 3919//683 3920//683 2930//683
f 2937//683 2898//683 2743//683 2742//683
f 2937//683 3633//683 3636//683 2938//683
f 2945//683 2954//683 2696//683 3844//683
f 2945//683 3915//683 3916//683 2946//683
f 2953//683 2962//683 2751//683 2750//683
f 2953//683 3616//683 3617//683 2954//683
f 2961//683 2970//683 2755//683 2754//683
f 2961//683 3608//683 3609//683 2962//683
f 2969//683 2978//683 2684//683 3846//683
f 2969//683 3910//683 3911//683 2970//683
f 2977//683 2986//683 2680//683 2784//683
f 2977//683 3601//683 3604//683 2978//683
f 2985//683 2994//683 3848//683 2780//683
f 2985//683 3593//683 3596//683 2986//683
f 2993//683 3002//683 2759//683 2758//683
f 2993//683 3584//683 3585//683 2994//683
f 3001//683 3014//683 2763//683 2762//683
f 3001//683 3576//683 3577//683 3002//683
f 3013//683 2890//683 2767//683 2766//683
f 3013//683 3569//683 3572//683 3014//683
f 2914//683 3652//683 3645//683 2656//683
f 2922//683 3641//683 3644//683 2774//683
f 2930//683 3920//683 3917//683 2735//683
f 2938//683 3636//683 3629//683 2739//683
f 2898//683 3625//683 3628//683 2743//683
f 2946//683 3916//683 3913//683 2747//683
f 2954//683 3617//683 3620//683 2696//683
f 2962//683 3609//683 3612//683 2751//683
f 2970//683 3911//683 3912//683 2755//683
f 2978//683 3604//683 3597//683 2684//683
f 2986//683 3596//683 3589//683 2680//683
f 2994//683 3585//683 3588//683 3848//683
f 3002//683 3577//683 3580//683 2759//683
f 3014//683 3572//683 3565//683 2763//683
f 2890//683 3561//683 3564//683 2767//683
f 2906//683 3553//683 3556//683 2771//683
f 3057//609 3980//1429 3981//610 3060//610
f 3060//610 3981//610 3975//1430 3062//611
f 3065//617 3982//1431 3983//618 3068//618
f 3068//618 3983//618 3977//1432 3070//619
f 3865//625 3984//1433 3985//595 3866//595
f 3866//595 3985//595 3979//1434 3868//594
f 4130//601 3986//1435 3987//602 4129//602
f 4129//602 3987//602 3973//1436 4128//603
f 3973//1436 3998//885 4128//603
f 3954//604 3998//885 3973//1436
f 3954//604 3784//1437 3376//1438
f 3138//895 3974//608 3777//1439
f 3980//1429 3059//782 3974//608
f 3975//1430 3064//886 3062//611
f 3958//612 3064//886 3975//1430
f 3958//612 3144//1440 3366//1441
f 3774//897 3976//616 3771//1442
f 3982//1431 3067//887 3976//616
f 3977//1432 3072//888 3070//619
f 3962//620 3072//888 3977//1432
f 3962//620 3148//1443 3392//1444
f 3794//797 3978//624 3791//1445
f 3984//1433 3408//778 3978//624
f 3979//1434 3355//779 3868//594
f 3966//596 3355//779 3979//1434
f 3966//596 3152//1446 3356//1447
f 3788//1408 3972//600 3785//1448
f 3986//1435 3403//780 3972//600
f 3397//895 4002//1449 3394//1450
f 3367//894 3366//1441 3757//1451
f 3377//1407 3376//1438 4003//1452
f 3997//1408 3736//1453 3402//1454
f 3898//797 3752//1455 3407//1456
f 3896//796 3356//1447 3737//1457
f 3401//897 3764//1458 3398//1459
f 3393//896 3392//1444 3745//1460
f 3376//1438 3784//1437 4003//1452
f 3998//885 3954//604 3376//1438
f 3059//782 3980//1429 3057//609
f 3394//1450 3974//608 3059//782
f 3394//1450 3777//1439 3974//608
f 3366//1441 3144//1440 3757//1451
f 3064//886 3958//612 3366//1441
f 3067//887 3982//1431 3065//617
f 3398//1459 3976//616 3067//887
f 3398//1459 3771//1442 3976//616
f 3392//1444 3148//1443 3745//1460
f 3072//888 3962//620 3392//1444
f 3408//778 3984//1433 3865//625
f 3407//1456 3978//624 3408//778
f 3407//1456 3791//1445 3978//624
f 3356//1447 3152//1446 3737//1457
f 3355//779 3966//596 3356//1447
f 3403//780 3986//1435 4130//601
f 3402//1454 3972//600 3403//780
f 3402//1454 3785//1448 3972//600
f 3730//598 3999//598 3731//794
f 3730//598 3790//855 3999//598
f 3736//1453 3785//1448 3402//1454
f 3737//1457 3999//598 3738//794
f 3737//1457 3731//794 3999//598
f 3999//598 3790//855 3736//1453
f 3735//855 3999//598 3736//1453
f 3742//622 3796//856 4000//622
f 3745//1460 4000//622 3746//793
f 3745//1460 3743//793 4000//622
f 3752//1455 3791//1445 3407//1456
f 4000//622 3743//793 3742//622
f 4000//622 3796//856 3752//1455
f 3751//856 4000//622 3752//1455
f 3754//614 3776//859 4001//614
f 3757//1451 4001//614 3758//854
f 3757//1451 3755//854 4001//614
f 3764//1458 3771//1442 3398//1459
f 4001//614 3755//854 3754//614
f 4001//614 3776//859 3764//1458
f 3763//859 4001//614 3764//1458
f 3928//606 3765//606 3783//795
f 3928//606 3778//853 3765//606
f 4002//1449 3777//1439 3394//1450
f 4003//1452 3765//606 3770//795
f 4003//1452 3783//795 3765//606
f 3765//606 3778//853 4002//1449
f 3766//853 3765//606 4002//1449
f 3144//1440 3958//612 3141//894
f 3755//854 3757//1451 3144//1440
f 3771//1442 3764//1458 3776//859
f 3784//1437 3954//604 3353//1407
f 3783//795 4003//1452 3784//1437
f 3777//1439 4002//1449 3778//853
f 3152//1446 3966//596 3149//796
f 3731//794 3737//1457 3152//1446
f 3785//1448 3736//1453 3790//855
f 3148//1443 3962//620 3145//896
f 3743//793 3745//1460 3148//1443
f 3791//1445 3752//1455 3796//856
f 2789//683 4267//683 4296//683
f 3005//683 3008//683 4299//683 4363//683
f 3008//683 4271//683 4366//683 4299//683
f 4271//683 4273//683 4300//683 4366//683
f 4273//683 3005//683 4363//683 4300//683
f 2941//683 2944//683 4369//683 4301//683
f 2944//683 4268//683 4302//683 4369//683
f 4268//683 4270//683 4303//683 4302//683
f 4270//683 2941//683 4301//683 4303//683
f 4272//683 4283//683 4373//683 4304//683
f 4283//683 2817//683 4377//683 4373//683
f 4324//683 2796//683 4436//683
f 4423//683 2792//683 4314//683
f 2813//683 4272//683 4304//683 4305//683
f 4274//683 4282//683 4381//683 4306//683
f 4282//683 2805//683 4307//683 4381//683
f 2793//683 2796//683 4324//683
f 2789//683 2792//683 4423//683
f 2801//683 4274//683 4306//683 4385//683
f 4275//683 4284//683 4389//683 4392//683
f 4284//683 2821//683 4308//683 4389//683
f 2800//683 2793//683 4441//683
f 2796//683 2789//683 4436//683
f 2817//683 4275//683 4392//683 4394//683
f 2981//683 2984//683 4399//683 4309//683
f 2984//683 4281//683 4310//683 4399//683
f 4281//683 4295//683 4311//683 4310//683
f 4295//683 2981//683 4309//683 4311//683
f 2957//683 2960//683 4405//683 4404//683
f 2960//683 4285//683 4409//683 4405//683
f 4285//683 4297//683 4408//683 4409//683
f 4297//683 2957//683 4404//683 4408//683
f 4291//683 4288//683 4411//683 4414//683
f 4288//683 2833//683 4312//683 4411//683
f 4455//683 2804//683 4452//683
f 4444//683 2800//683 4441//683
f 2829//683 4291//683 4414//683 4313//683
f 4269//683 4267//683 4418//683 4421//683
f 4267//683 2789//683 4423//683 4418//683
f 2801//683 2804//683 4455//683
f 2797//683 2800//683 4444//683
f 2849//683 4269//683 4421//683 4314//683
f 4290//683 4289//683 4428//683 4431//683
f 4289//683 2845//683 4417//683 4428//683
f 2812//683 2805//683 4334//683
f 2804//683 2797//683 4452//683
f 2841//683 4290//683 4431//683 4315//683
f 4270//683 4268//683 4432//683 4435//683
f 4268//683 2837//683 4316//683 4432//683
f 4307//683 2808//683 4385//683
f 4333//683 2812//683 4334//683
f 2833//683 4270//683 4435//683 4317//683
f 4279//683 4276//683 4319//683 4318//683
f 4276//683 2849//683 4320//683 4319//683
f 2805//683 2808//683 4307//683
f 2809//683 2812//683 4333//683
f 2845//683 4279//683 4318//683 4425//683
f 4298//683 4286//683 4445//683 4448//683
f 4286//683 2829//683 4321//683 4445//683
f 2816//683 4328//683 4474//683
f 2808//683 2801//683 4385//683
f 2825//683 4298//683 4448//683 4450//683
f 4296//683 4287//683 4323//683 4322//683
f 4287//683 2793//683 4324//683 4323//683
f 4377//683 2820//683 4305//683
f 2813//683 2816//683 4474//683
f 2789//683 4296//683 4322//683 4436//683
f 4293//683 4277//683 4460//683 4463//683
f 4277//683 2797//683 4444//683 4460//683
f 2817//683 2820//683 4377//683
f 2793//683 4293//683 4463//683 4441//683
f 2933//683 2936//683 4325//683 4465//683
f 2936//683 4278//683 4326//683 4325//683
f 4278//683 4280//683 4327//683 4326//683
f 4280//683 2933//683 4465//683 4327//683
f 4295//683 4281//683 4469//683 4472//683
f 4281//683 2813//683 4474//683 4469//683
f 2824//683 2817//683 4394//683
f 2820//683 2813//683 4305//683
f 2809//683 4295//683 4472//683 4328//683
f 4297//683 4285//683 4330//683 4329//683
f 4285//683 2825//683 4479//683 4330//683
f 2825//683 2828//683 4479//683
f 4308//683 2824//683 4394//683
f 2821//683 4297//683 4329//683 4331//683
f 4273//683 4271//683 4332//683 4483//683
f 4271//683 2801//683 4455//683 4332//683
f 2828//683 2821//683 4331//683
f 2821//683 2824//683 4308//683
f 2797//683 4273//683 4483//683 4452//683
f 4294//683 4292//683 4484//683 4487//683
f 4292//683 2809//683 4333//683 4484//683
f 2832//683 4450//683 4321//683
f 2828//683 4331//683 4479//683
f 2805//683 4294//683 4487//683 4334//683
f 2989//683 2992//683 4336//683 4335//683
f 2992//683 4292//683 4491//683 4336//683
f 4292//683 4294//683 4337//683 4491//683
f 4294//683 2989//683 4335//683 4337//683
f 4280//683 4278//683 4338//683 4495//683
f 4278//683 2841//683 4339//683 4338//683
f 2832//683 2825//683 4450//683
f 2829//683 2832//683 4321//683
f 2837//683 4280//683 4495//683 4340//683
f 2901//683 2904//683 4497//683 4341//683
f 2904//683 4288//683 4500//683 4497//683
f 4288//683 4291//683 4342//683 4500//683
f 4291//683 2901//683 4341//683 4342//683
f 2997//683 3000//683 4343//683 4503//683
f 3000//683 4282//683 4344//683 4343//683
f 4282//683 4274//683 4506//683 4344//683
f 4274//683 2997//683 4503//683 4506//683
f 2973//683 2976//683 4346//683 4345//683
f 2976//683 4283//683 4347//683 4346//683
f 4283//683 4272//683 4348//683 4347//683
f 4272//683 2973//683 4345//683 4348//683
f 2893//683 2896//683 4514//683 4513//683
f 2896//683 4287//683 4349//683 4514//683
f 4287//683 4296//683 4517//683 4349//683
f 4296//683 2893//683 4513//683 4517//683
f 2925//683 2928//683 4350//683 4520//683
f 2928//683 4289//683 4524//683 4350//683
f 4289//683 4290//683 4523//683 4524//683
f 4290//683 2925//683 4520//683 4523//683
f 2949//683 2952//683 4352//683 4351//683
f 2952//683 4286//683 4530//683 4352//683
f 4286//683 4298//683 4529//683 4530//683
f 4298//683 2949//683 4351//683 4529//683
f 3009//683 3012//683 4533//683 4353//683
f 3012//683 4277//683 4354//683 4533//683
f 4277//683 4293//683 4355//683 4354//683
f 4293//683 3009//683 4353//683 4355//683
f 2909//683 2912//683 4538//683 4356//683
f 2912//683 4267//683 4357//683 4538//683
f 4267//683 4269//683 4541//683 4357//683
f 4269//683 2909//683 4356//683 4541//683
f 2917//683 2920//683 4359//683 4358//683
f 2920//683 4276//683 4547//683 4359//683
f 4276//683 4279//683 4546//683 4547//683
f 4279//683 2917//683 4358//683 4546//683
f 2965//683 2968//683 4360//683 4550//683
f 2968//683 4284//683 4361//683 4360//683
f 4284//683 4275//683 4553//683 4361//683
f 4275//683 2965//683 4550//683 4553//683
f 2792//683 2849//683 4314//683
f 2849//683 2852//683 4320//683
f 2852//683 2845//683 4425//683
f 4320//683 2852//683 4425//683
f 2845//683 2848//683 4417//683
f 2848//683 2841//683 4315//683
f 4417//683 2848//683 4315//683
f 2841//683 2844//683 4339//683
f 2844//683 2837//683 4340//683
f 4339//683 2844//683 4340//683
f 2840//683 4317//683 4316//683
f 2837//683 2840//683 4316//683
f 2833//683 2836//683 4312//683
f 2836//683 2829//683 4313//683
f 4312//683 2836//683 4313//683
f 3842//1404 4563//1145 4564//1145 2722//1145 4067//1149
f 3841//1622 4561//1148 4562//1148 2725//1148 4065//1143
f 4065//1143 2731//1142 4555//1142 4556//1142 3841//1622
f 3824//1623 4573//1094 4574//1094 3827//1094 4037//1089
f 4037//1089 3823//1166 4583//1166 4584//1166 3824//1623
f 4039//1093 3825//1096 4571//1096 4572//1096 3826//1091
f 4051//1112 3834//1114 4589//1114 4590//1114 3945//1624
f 3944//1625 4593//1110 4594//1110 3831//1110 4049//1105
f 3945//1624 4591//1107 4592//1107 3829//1107 4051//1112
f 4049//1105 3833//1104 4587//1104 4588//1104 3944//1625
f 4059//967 3840//1127 4605//1127 4606//1127 3947//965
f 3946//1626 4603//1124 4604//1124 3837//1124 4057//1120
f 4057//1120 3839//1119 4607//1119 4608//1119 3946//1626
f 4627//1975 4628//1976 4052//1977
f 4629//1978 4053//1979 4630//1980
f 4667//1982 4668//1983 4106//1984
f 4677//1985 4047//1986 4678//1987
f 4679//1988 4680//1989 4048//1990
f 4681//1991 4682//1992 4096//1993
f 4683//1994 4097//1995 4684//1996
f 4697//1998 4032//1999 4698//2000
f 4727//2004 4007//2005 4728//2006
f 4729//2007 4730//2008 4008//2009
f 4731//2010 4732//2011 4031//2012
f 4749//2013 4750//2014 4112//2015
f 4759//2016 4760//2017 4072//2018
f 4763//2019 4062//2020 4764//2021
f 4765//2022 4766//2023 4088//2024
f 4767//2025 4108//2026 4768//2027
f 4769//2028 4770//2029 4109//2030
f 4771//2031 4095//2032 4772//2033
f 4773//2034 4068//2035 4774//2036
f 4775//2037 4776//2038 4069//2039
f 4777//2040 4006//2041 4778//2042
f 4787//2045 4016//2046 4788//2047
f 4789//2048 4790//2049 4017//2050
f 4799//2053 4046//2054 4800//2055
f 4805//2056 4806//2057 4018//2058
f 4807//2059 4025//2060 4808//2061
f 4813//2062 4814//2063 4066//2064
f 4827//2066 4828//2067 4093//2068
f 4834//2069 4835//2070 4056//2071
f 4836//2072 4837//2073 4094//2074
f 4846//2075 4847//2076 4063//2077
f 4848//2078 4064//2079 4849//2080
f 4854//2081 4855//2082 4055//2083
f 4889//2086 4058//2087 4890//2088
f 4891//2089 4892//2090 4022//2091
f 4893//2092 4894//2093 4024//2094
f 4907//2096 4908//2097 4116//2098
f 4913//2099 4054//2100 4914//2101
f 4925//2102 4926//2103 4023//2104
f 4931//2106 4061//2107 4932//2108
f 4933//2109 4082//2110 4934//2111
f 4935//2112 4936//2113 4026//2114
f 4945//2115 4009//2116 4946//2117
f 4963//2119 4034//2120 4964//2121
f 4969//2123 4041//2124 4970//2125
f 4971//2126 4972//2127 4042//2128
f 4973//2129 4974//2130 4107//2131
f 4975//2132 4083//2133 4976//2134
f 5298//2135 4080//2136 5296//2137
f 4981//2138 4982//2139 4081//2140
f 4983//2141 4984//2142 4033//2143
f 4993//2144 4036//2145 4994//2146
f 4995//2147 4996//2148 4070//2149
f 4997//2150 4120//2151 4998//2152
f 4999//2153 5000//2154 4121//2155
f 5001//2156 5002//2157 4044//2158
f 5035//2161 5036//2162 4038//2163
f 5037//2164 5038//2165 4122//2166
f 5052//2168 5053//2169 4040//2170
f 5055//2171 4119//2172 5056//2173
f 5062//2174 5063//2175 4089//2176
f 5064//2177 5065//2178 4123//2179
f 5070//2180 4045//2181 5071//2182
f 5081//2183 5082//2184 4117//2185
f 5083//2186 4030//2187 5084//2188
f 5086//2189 4050//2190 5087//2191
f 5093//2192 4092//2193 5094//2194
f 5095//2195 4091//2196 5096//2197
f 5097//2198 4079//2199 5098//2200
f 5100//2201 5101//2202 4010//2203
f 5111//2204 4060//2205 5112//2206
f 5118//2207 4077//2208 5119//2209
f 5124//2210 4110//2211 5125//2212
f 5130//2213 5131//2214 4078//2215
f 5132//2216 5133//2217 4075//2218
f 5150//2220 4015//2221 5151//2222
f 5161//2223 5162//2224 4102//2225
f 5175//2227 4014//2228 5176//2229
f 5186//2231 4105//2232 5187//2233
f 5189//2234 4103//2235 5190//2236
f 4052//1977 4053//1979 4629//1978 4627//1975
f 4677//1985 4679//1988 4048//1990 4047//1986
f 4096//1993 4097//1995 4683//1994 4681//1991
f 4727//2004 4729//2007 4008//2009 4007//2005
f 4072//2018 4074//2244 4761//2245 4759//2016
f 4097//1995 4098//2246 4762//2247 4684//1996
f 4763//2019 4765//2022 4088//2024 4062//2020
f 4767//2025 4769//2028 4109//2030 4108//2026
f 4771//2031 4762//2248 4098//2249 4095//2032
f 4773//2034 4775//2037 4069//2039 4068//2035
f 4777//2040 4728//2006 4007//2005 4006//2041
f 4053//1979 4112//2015 4750//2014 4630//1980
f 4787//2045 4789//2048 4017//2050 4016//2046
f 4790//2049 4805//2056 4018//2058 4017//2050
f 4066//2064 4069//2039 4776//2038 4813//2062
f 4833//2252 4834//2069 4056//2071 4019//2253
f 4828//2067 4836//2072 4094//2074 4093//2068
f 4063//2077 4064//2079 4848//2078 4846//2075
f 4021//2257 4058//2087 4889//2086 4888//2258
f 4888//2259 4891//2089 4022//2091 4021//2260
f 4806//2057 4833//2263 4019//2264 4018//2058
f 4680//1989 4907//2096 4116//2098 4048//1990
f 4837//2073 4772//2033 4095//2032 4094//2074
f 4054//2100 4055//2083 4855//2082 4914//2101
f 4894//2093 4808//2061 4025//2060 4024//2094
f 4058//2087 4061//2107 4931//2106 4890//2088
f 4068//2035 4082//2110 4933//2109 4774//2036
f 4807//2059 4935//2112 4026//2114 4025//2060
f 4969//2123 4971//2126 4042//2128 4041//2124
f 5298//2135 4981//2138 4081//2140 4080//2136
f 4055//2083 4056//2071 4835//2070 4854//2081
f 4974//2130 4768//2027 4108//2026 4107//2131
f 4668//1983 4973//2129 4107//2131 4106//1984
f 4993//2144 4995//2147 4070//2149 4036//2145
f 4997//2150 4999//2153 4121//2155 4120//2151
f 4926//2103 4893//2092 4024//2094 4023//2104
f 4062//2020 4063//2077 4847//2076 4764//2021
f 4892//2090 4925//2102 4023//2104 4022//2091
f 4038//2163 4044//2158 5002//2157 5035//2161
f 4984//2142 4964//2121 4034//2120 4033//2143
f 5000//2154 5037//2164 4122//2166 4121//2155
f 4005//2272 4038//2163 5036//2162 5039//2273
f 4083//2133 4084//2276 5054//2277 4976//2134
f 5055//2171 4998//2152 4120//2151 4119//2172
f 4963//2119 5061//2278 4035//2279 4034//2120
f 4766//2023 5062//2174 4089//2176 4088//2024
f 5053//2169 5001//2156 4044//2158 4040//2170
f 4732//2011 4698//2000 4032//1999 4031//2012
f 5038//2165 5064//2177 4123//2179 4122//2166
f 4040//2170 4045//2181 5070//2180 5052//2168
f 4082//2110 4083//2133 4975//2132 4934//2111
f 4982//2139 5054//2280 4084//2281 4081//2140
f 5061//2282 4994//2146 4036//2145 4035//2283
f 4045//2181 4072//2018 4760//2017 5071//2182
f 5080//2284 5056//2173 4119//2172 4118//2285
f 4908//2097 5081//2183 4117//2185 4116//2098
f 5083//2186 4731//2010 4031//2012 4030//2187
f 4013//2286 4050//2190 5086//2189 5085//2287
f 5088//2288 4800//2055 4046//2054 4011//2289
f 5082//2184 5080//2290 4118//2291 4117//2185
f 5093//2192 4827//2066 4093//2068 4092//2193
f 5095//2195 5094//2194 4092//2193 4091//2196
f 5097//2198 5296//2137 4080//2136 4079//2199
f 5099//2293 5084//2188 4030//2187 4029//2294
f 4936//2113 5102//2296 4027//2297 4026//2114
f 5111//2204 4932//2108 4061//2107 4060//2205
f 4041//2124 4070//2149 4996//2148 4970//2125
f 4770//2029 5117//2302 4111//2303 4109//2030
f 5118//2207 5098//2200 4079//2199 4077//2208
f 5124//2210 4749//2013 4112//2015 4110//2211
f 4972//2127 5132//2216 4075//2218 4042//2128
f 5150//2220 4788//2047 4016//2046 4015//2221
f 5133//2217 5152//2307 4076//2308 4075//2218
f 4110//2211 4111//2309 5117//2310 5125//2212
f 4913//2099 5161//2223 4102//2225 4054//2100
f 4074//2313 4123//2179 5065//2178 4761//2314
f 4077//2208 4078//2215 5131//2214 5119//2209
f 5175//2227 5151//2222 4015//2221 4014//2228
f 5152//2318 5130//2213 4078//2215 4076//2319
f 5185//2321 5096//2197 4091//2196 4090//2322
f 5102//2324 4849//2080 4064//2079 4027//2325
f 5085//2327 5176//2229 4014//2228 4013//2328
f 5101//2202 5088//2330 4011//2331 4010//2203
f 4029//2332 4066//2064 4814//2063 5099//2333
f 5063//2175 5185//2334 4090//2335 4089//2176
f 4060//2205 4096//1993 4682//1992 5112//2206
f 4697//1998 4983//2141 4033//2143 4032//1999
f 5039//2338 4778//2042 4006//2041 4005//2339
f 5186//2231 4667//1982 4106//1984 4105//2232
f 4050//2190 4052//1977 4628//1976 5087//2191
f 5188//2340 5187//2233 4105//2232 4104//2341
f 5189//2234 5188//2342 4104//2343 4103//2235
f 5162//2224 5190//2236 4103//2235 4102//2225
f 4730//2008 4946//2117 4009//2116 4008//2009
f 4945//2115 5100//2201 4010//2203 4009//2116
f 4799//2053 4678//1987 4047//1986 4046//2054
usemtl diffuse3
f 4192//626 2594//626 2595//627 4159//627
f 4164//628 2598//628 2594//626 4192//626
f 4168//629 2600//629 2598//628 4164//628
f 4182//630 2602//630 2600//629 4168//629
f 4209//631 4147//631 2602//630 4182//630
f 2605//632 2606//632 2607//632
f 2608//633 2609//633 2610//633
f 2611//634 2612//634 2613//634
f 2614//635 2615//635 2616//635
f 2617//636 2618//636 2619//636
f 4143//637 4208//637 4207//637 4149//637 2620//637 2621//637
f 2712//638 4582//638 4583//638 3823//638
f 2722//639 2723//640 2724//641
f 2725//642 2726//643 2727//644
f 2727//644 2726//643 2728//645
f 2727//644 2728//645 2729//646
f 2724//641 2730//647 2731//648
f 2723//640 2730//647 2724//641
f 2789//651 2790//651 2791//652 2792//652
f 2793//653 2794//653 2795//654 2796//654
f 2797//655 2798//655 2799//656 2800//656
f 2801//657 2802//657 2803//658 2804//658
f 2805//659 2806//659 2807//660 2808//660
f 2809//661 2810//661 2811//662 2812//662
f 2813//663 2814//663 2815//664 2816//664
f 2817//665 2818//665 2819//666 2820//666
f 2821//667 2822//667 2823//668 2824//668
f 2825//669 2826//669 2827//670 2828//670
f 2829//671 2830//671 2831//672 2832//672
f 2833//673 2834//673 2835//674 2836//674
f 2837//675 2838//675 2839//676 2840//676
f 2841//677 2842//677 2843//678 2844//678
f 2845//679 2846//679 2847//680 2848//680
f 2849//681 2850//681 2851//682 2852//682
f 2796//654 2795//654 2790//651 2789//651
f 2800//656 2799//656 2794//653 2793//653
f 2804//658 2803//658 2798//655 2797//655
f 2808//660 2807//660 2802//657 2801//657
f 2812//662 2811//662 2806//659 2805//659
f 2816//664 2815//664 2810//661 2809//661
f 2820//666 2819//666 2814//663 2813//663
f 2824//668 2823//668 2818//665 2817//665
f 2828//670 2827//670 2822//667 2821//667
f 2832//672 2831//672 2826//669 2825//669
f 2836//674 2835//674 2830//671 2829//671
f 2840//676 2839//676 2834//673 2833//673
f 2844//678 2843//678 2838//675 2837//675
f 2848//680 2847//680 2842//677 2841//677
f 2852//682 2851//682 2846//679 2845//679
f 2792//652 2791//652 2850//681 2849//681
f 3017//778 3018//625 3019//625 3020//778
f 3021//595 3022//595 3019//625 3018//625
f 3023//594 3024//594 3022//595 3021//595
f 3025//779 3026//779 3024//594 3023//594
f 3027//780 3028//780 3029//601 3030//601
f 3031//781 3032//603 3033//603 3034//781
f 3035//782 3036//782 3037//609 3038//609
f 3039//783 3040//611 3041//611 3042//783
f 3043//778 3044//778 3045//625 3046//625
f 3047//784 3048//594 3049//594 3050//784
f 3038//609 3037//609 3051//610 3052//610
f 3052//610 3051//610 3041//611 3040//611
f 3046//625 3045//625 3053//595 3054//595
f 3054//595 3053//595 3049//594 3048//594
f 3030//601 3029//601 3055//602 3056//602
f 3056//602 3055//602 3033//603 3032//603
f 3410//633 2609//633 2608//633
f 3411//635 2615//635 2614//635
f 3412//634 2612//634 2611//634
f 3413//632 2606//632 2605//632
f 3414//801 3415//802 3416//802 3417//801
f 3417//801 3418//803 3419//803 3414//801
f 3420//636 2618//636 2617//636
f 3421//804 3422//804 3423//805 3424//805
f 3425//806 3426//806 3422//804 3421//804
f 3427//807 3428//807 3426//806 3425//806
f 3429//808 3430//808 3428//807 3427//807
f 3431//809 3432//809 3430//808 3429//808
f 3433//810 3434//810 3432//809 3431//809
f 3435//811 3436//811 3434//810 3433//810
f 3437//812 3438//812 3436//811 3435//811
f 3439//813 3440//813 3438//812 3437//812
f 3441//814 3442//814 3440//813 3439//813
f 3443//815 3444//815 3442//814 3441//814
f 3445//816 3446//816 3444//815 3443//815
f 3447//817 3448//817 3446//816 3445//816
f 3449//818 3450//818 3448//817 3447//817
f 3451//627 3452//627 3450//818 3449//818
f 3453//819 3454//819 3452//627 3451//627
f 3455//628 3456//628 3454//819 3453//819
f 3457//820 3458//820 3456//628 3455//628
f 3459//630 3460//630 3458//820 3457//820
f 3461//821 3462//821 3460//630 3459//630
f 3463//801 3464//801 3462//821 3461//821
f 3465//822 3466//822 3464//801 3463//801
f 3467//823 3468//823 3466//822 3465//822
f 3469//824 3470//824 3468//823 3467//823
f 3471//825 3472//825 3470//824 3469//824
f 3473//826 3474//826 3472//825 3471//825
f 3475//827 3476//827 3474//826 3473//826
f 3477//828 3478//828 3476//827 3475//827
f 3479//829 3480//829 3478//828 3477//828
f 3481//830 3482//830 3480//829 3479//829
f 3483//831 3484//831 3482//830 3481//830
f 3424//805 3423//805 3484//831 3483//831
f 3665//602 3666//601 3667//601 3668//602
f 3668//602 3669//603 3670//603 3665//602
f 3666//601 3671//600 3672//600 3667//601
f 3671//600 3673//599 3674//599 3672//600
f 3673//599 3675//598 3676//598 3674//599
f 3675//598 3677//597 3678//597 3676//598
f 3677//597 3679//596 3680//596 3678//597
f 3679//596 3681//594 3682//594 3680//596
f 3681//594 3683//595 3684//595 3682//594
f 3683//595 3685//625 3686//625 3684//595
f 3685//625 3687//624 3688//624 3686//625
f 3687//624 3689//623 3690//623 3688//624
f 3689//623 3691//622 3692//622 3690//623
f 3691//622 3693//621 3694//621 3692//622
f 3693//621 3695//620 3696//620 3694//621
f 3695//620 3697//619 3698//619 3696//620
f 3697//619 3699//618 3700//618 3698//619
f 3699//618 3701//617 3702//617 3700//618
f 3701//617 3703//616 3704//616 3702//617
f 3703//616 3705//615 3706//615 3704//616
f 3705//615 3707//614 3708//614 3706//615
f 3707//614 3709//613 3710//613 3708//614
f 3709//613 3711//612 3712//612 3710//613
f 3711//612 3713//611 3714//611 3712//612
f 3713//611 3715//610 3716//610 3714//611
f 3715//610 3717//609 3718//609 3716//610
f 3717//609 3719//608 3720//608 3718//609
f 3719//608 3721//607 3722//607 3720//608
f 3721//607 3723//606 3724//606 3722//607
f 3723//606 3725//605 3726//605 3724//606
f 3725//605 3727//604 3728//604 3726//605
f 3727//604 3670//603 3669//603 3728//604
f 2603//860 3418//860 2604//860
f 3797//861 3416//861 3415//861
f 4140//862 4206//862 4205//862 4144//862 3410//862 2608//862
f 4188//834 3801//834 3799//831 4190//831
f 4184//804 3803//804 3801//834 4188//834
f 4186//806 3805//806 3803//804 4184//804
f 4174//807 3807//807 3805//806 4186//806
f 4203//863 4148//863 3807//807 4174//807
f 4146//864 4202//864 4201//864 4154//864 3411//864 2614//864
f 4170//812 3811//812 3809//811 4166//811
f 4172//813 3813//813 3811//812 4170//812
f 4162//814 3815//814 3813//813 4172//813
f 4156//815 3817//815 3815//814 4162//814
f 4199//865 4139//865 3817//815 4156//815
f 4575//683 4578//683 4585//683 3826//683 4572//683
f 3829//646 2717//866 3830//867
f 3831//648 2715//868 3832//869
f 3830//867 2716//870 3833//642
f 3832//869 2714//871 3834//639
f 3832//869 2715//868 2714//871
f 2717//866 2716//870 3830//867
f 3835//872 2721//873 3836//874
f 3837//875 2719//876 3838//877
f 3836//874 2720//878 3839//879
f 3838//877 2718//880 3840//881
f 3838//877 2719//876 2718//880
f 2721//873 2720//878 3836//874
f 4566//638 4561//638 3841//638 4556//638 4567//638
f 2857//601 3174//601 3173//780 2854//780
f 2859//602 3188//602 3174//601 2857//601
f 2861//603 3153//603 3188//602 2859//602
f 2863//885 3154//885 3153//603 2861//603
f 2866//782 2869//609 3184//609 3183//782
f 2871//610 3191//610 3184//609 2869//609
f 2873//611 3167//611 3191//610 2871//610
f 2875//886 3168//886 3167//611 2873//611
f 2878//887 2881//617 3178//617 3177//887
f 2883//618 3208//618 3178//617 2881//617
f 2885//619 3157//619 3208//618 2883//618
f 2887//888 3158//888 3157//619 2885//619
f 3860//887 3181//887 3165//617 3861//617
f 3862//889 3863//619 3164//619 3171//889
f 3861//617 3165//617 3161//618 3864//618
f 3864//618 3161//618 3164//619 3863//619
f 3899//861 3416//861 3797//861
f 3900//809 2616//934 2615//934 3901//809
f 3901//809 2612//935 3412//935 3900//809
f 3902//829 2610//936 2609//936 3903//829
f 3903//829 2606//937 3413//937 3902//829
f 3419//860 3418//860 2603//860
f 3904//817 3905//938 3906//938 3907//817
f 3907//817 2618//939 3420//939 3904//817
f 3317//683 3665//683 3670//683 3256//683
f 3315//683 3666//683 3665//683 3317//683
f 3313//683 3671//683 3666//683 3315//683
f 3311//683 3673//683 3671//683 3313//683
f 3309//683 3675//683 3673//683 3311//683
f 3307//683 3677//683 3675//683 3309//683
f 3305//683 3679//683 3677//683 3307//683
f 3303//683 3681//683 3679//683 3305//683
f 3301//683 3683//683 3681//683 3303//683
f 3299//683 3685//683 3683//683 3301//683
f 3297//683 3687//683 3685//683 3299//683
f 3295//683 3689//683 3687//683 3297//683
f 3293//683 3691//683 3689//683 3295//683
f 3291//683 3693//683 3691//683 3293//683
f 3289//683 3695//683 3693//683 3291//683
f 3287//683 3697//683 3695//683 3289//683
f 3285//683 3699//683 3697//683 3287//683
f 3283//683 3701//683 3699//683 3285//683
f 3281//683 3703//683 3701//683 3283//683
f 3279//683 3705//683 3703//683 3281//683
f 3277//683 3707//683 3705//683 3279//683
f 3275//683 3709//683 3707//683 3277//683
f 3273//683 3711//683 3709//683 3275//683
f 3271//683 3713//683 3711//683 3273//683
f 3269//683 3715//683 3713//683 3271//683
f 3267//683 3717//683 3715//683 3269//683
f 3265//683 3719//683 3717//683 3267//683
f 3263//683 3721//683 3719//683 3265//683
f 3261//683 3723//683 3721//683 3263//683
f 3259//683 3725//683 3723//683 3261//683
f 3257//683 3727//683 3725//683 3259//683
f 3256//683 3670//683 3727//683 3257//683
f 3371//638 3370//638 3728//638 3669//638
f 3668//638 3667//638 3254//638 3373//638
f 3667//638 3672//638 3251//638 3254//638
f 3672//638 3674//638 3252//638 3251//638
f 3674//638 3676//638 3246//638 3252//638
f 3676//638 3678//638 3247//638 3246//638
f 3678//638 3680//638 3383//638 3247//638
f 3680//638 3682//638 3381//638 3383//638
f 3682//638 3684//638 3379//638 3381//638
f 3684//638 3686//638 3244//638 3379//638
f 3686//638 3688//638 3241//638 3244//638
f 3688//638 3690//638 3242//638 3241//638
f 3690//638 3692//638 3236//638 3242//638
f 3692//638 3694//638 3237//638 3236//638
f 3694//638 3696//638 3389//638 3237//638
f 3696//638 3698//638 3387//638 3389//638
f 3698//638 3700//638 3385//638 3387//638
f 3700//638 3702//638 3234//638 3385//638
f 3702//638 3704//638 3231//638 3234//638
f 3704//638 3706//638 3232//638 3231//638
f 3706//638 3708//638 3226//638 3232//638
f 3708//638 3710//638 3227//638 3226//638
f 3710//638 3712//638 3363//638 3227//638
f 3712//638 3714//638 3361//638 3363//638
f 3714//638 3716//638 3359//638 3361//638
f 3716//638 3718//638 3224//638 3359//638
f 3718//638 3720//638 3221//638 3224//638
f 3720//638 3722//638 3222//638 3221//638
f 3722//638 3724//638 3216//638 3222//638
f 3724//638 3726//638 3217//638 3216//638
f 3726//638 3728//638 3370//638 3217//638
f 3669//638 3668//638 3373//638 3371//638
f 4153//956 4198//956 4197//956 4151//956 3899//956 3797//956
f 4176//824 3935//824 3933//823 4158//823
f 4178//825 3937//825 3935//824 4176//824
f 4180//826 3939//826 3937//825 4178//825
f 4194//827 3941//827 3939//826 4180//826
f 4195//957 4150//957 3941//827 4194//827
f 2621//958 3906//958 3905//958
f 3942//959 2711//960 2710//961
f 3942//959 2710//961 3825//872
f 3943//962 2712//963 3823//875
f 3828//881 2713//964 3943//962
f 3827//879 2711//960 3942//959
f 2713//964 2712//963 3943//962
f 4598//683 4591//683 3945//683 4590//683 4595//683
f 4559//683 4558//683 4563//683 3842//683 4570//683
f 2620//958 3906//958 2621//958
f 4576//683 4571//683 3825//683 2710//683
f 2716//638 4602//638 4587//638 3833//638
f 4596//683 4589//683 3834//683 2714//683
f 4618//638 4607//638 3839//638 2720//638
f 2718//683 4612//683 4605//683 3840//683
f 4568//638 4555//638 2731//638 2730//638
f 4574//638 4579//638 2711//638 3827//638
f 4594//638 4599//638 2715//638 3831//638
f 2717//683 3829//683 4592//683 4597//683
f 2719//638 3837//638 4604//638 4615//638
f 4610//683 4613//683 2721//683 3835//683
f 2726//638 2725//638 4562//638 4565//638
f 2594//638 3424//638 3483//638 2595//638
f 2598//638 3421//638 3424//638 2594//638
f 2600//638 3425//638 3421//638 2598//638
f 2602//638 3427//638 3425//638 2600//638
f 2604//1409 3418//1343 3417//1345 4131//1410
f 2604//1409 3429//638 3427//638 2602//638 4147//638
f 4131//1410 3417//1345 3416//1351 3899//1411
f 4131//1410 3431//638 3429//638 2604//1409
f 3899//1411 3433//638 3431//638 4131//1410
f 3933//638 3435//638 3433//638 3899//1411 4151//638
f 3935//638 3437//638 3435//638 3933//638
f 3937//638 3439//638 3437//638 3935//638
f 3939//638 3441//638 3439//638 3937//638
f 3941//638 3443//638 3441//638 3939//638
f 2607//1412 2606//1360 3903//1362 4132//1413
f 2607//1412 3445//638 3443//638 3941//638 4150//638
f 4132//1413 3903//1362 2609//1368 3410//1414
f 4132//1413 3447//638 3445//638 2607//1412
f 3410//1414 3449//638 3447//638 4132//1413
f 3799//638 3451//638 3449//638 3410//1414 4144//638
f 3801//638 3453//638 3451//638 3799//638
f 3803//638 3455//638 3453//638 3801//638
f 3805//638 3457//638 3455//638 3803//638
f 3807//638 3459//638 3457//638 3805//638
f 2613//1415 2612//1377 3901//1379 4133//1416
f 2613//1415 3461//638 3459//638 3807//638 4148//638
f 4133//1416 3901//1379 2615//1385 3411//1417
f 4133//1416 3463//638 3461//638 2613//1415
f 3411//1417 3465//638 3463//638 4133//1416
f 3809//638 3467//638 3465//638 3411//1417 4154//638
f 3811//638 3469//638 3467//638 3809//638
f 3813//638 3471//638 3469//638 3811//638
f 3815//638 3473//638 3471//638 3813//638
f 3817//638 3475//638 3473//638 3815//638
f 2619//1418 2618//1394 3907//1396 4134//1419
f 2619//1418 3477//638 3475//638 3817//638 4139//638
f 4134//1419 3907//1396 3906//1402 2620//1420
f 4134//1419 3479//638 3477//638 2619//1418
f 2620//1420 3481//638 3479//638 4134//1419
f 2595//638 3483//638 3481//638 2620//1420 4149//638
f 2605//957 2607//957 4150//957 4195//957 4196//957 4152//957
f 4158//823 3933//823 4151//956 4197//956
f 2617//865 2619//865 4139//865 4199//865 4200//865 4141//865
f 4166//811 3809//811 4154//864 4201//864
f 2611//863 2613//863 4148//863 4203//863 4204//863 4142//863
f 4190//831 3799//831 4144//862 4205//862
f 4159//627 2595//627 4149//637 4207//637
f 2603//631 2604//631 4147//631 4209//631 4210//631 4145//631
f 2596//627 4160//627 4208//637 4143//637
f 3798//831 4189//831 4206//862 4140//862
f 3808//811 4165//811 4202//864 4146//864
f 3932//823 4157//823 4198//956 4153//956
f 4152//957 4196//957 4193//827 3940//827
f 3940//827 4193//827 4179//833 3938//833
f 3938//833 4179//833 4177//825 3936//825
f 3936//825 4177//825 4175//832 3934//832
f 3934//832 4175//832 4157//823 3932//823
f 4141//865 4200//865 4155//815 3816//815
f 3816//815 4155//815 4161//836 3814//836
f 3814//836 4161//836 4171//813 3812//813
f 3812//813 4171//813 4169//835 3810//835
f 3810//835 4169//835 4165//811 3808//811
f 4142//863 4204//863 4173//807 3806//807
f 3806//807 4173//807 4185//806 3804//1461
f 3804//1461 4185//806 4183//804 3802//804
f 3802//804 4183//804 4187//805 3800//805
f 3800//805 4187//805 4189//831 3798//831
f 4145//631 4210//631 4181//630 2601//630
f 2601//630 4181//630 4167//820 2599//820
f 2599//820 4167//820 4163//628 2597//628
f 2597//628 4163//628 4191//819 2593//819
f 2593//819 4191//819 4160//627 2596//627
f 2728//683 4560//683 4569//683 2729//683
f 4564//683 4557//683 2723//683 2722//683
f 3828//683 4586//683 4577//683 2713//683
f 4581//638 4580//638 4573//638 3824//638 4584//638
f 4601//638 4600//638 4593//638 3944//638 4588//638
f 4611//683 4614//683 4609//683 3947//683 4606//683
f 4616//638 4603//638 3946//638 4608//638 4617//638
f 5669//1981 5671//1981 5672//1981 5666//1981
f 5339//1997 5340//1997 5342//1997 5336//1997
f 5613//2001 5684//2001 5683//2001 5614//2001
f 5540//2002 5542//2002 5544//2002 5537//2002
f 5449//2003 5462//2003 5461//2003 5451//2003
f 5531//2043 5667//2043 5665//2043 5532//2043
f 5331//2044 5337//2044 5341//2044 5332//2044
f 5568//2051 5570//2051 5572//2051 5564//2051
f 5346//2052 5375//2052 5379//2052 5347//2052
f 5786//2065 5788//2065 5789//2065 5783//2065
f 5760//2084 5718//2084 5716//2084 5754//2084
f 5473//2085 5424//2085 5422//2085 5474//2085
f 5459//2095 5460//2095 5464//2095 5456//2095
f 5838//2105 5830//2105 5828//2105 5833//2105
f 5435//2118 5447//2118 5445//2118 5437//2118
f 5306//2122 5307//2122 5310//2122 5304//2122
f 5448//2159 5450//2159 5452//2159 5446//2159
f 5772//2160 5775//2160 5776//2160 5770//2160
f 5834//2167 5836//2167 5839//2167 5832//2167
f 5593//2219 5596//2219 5598//2219 5591//2219
f 5511//2226 5538//2226 5543//2226 5512//2226
f 5369//2230 5430//2230 5427//2230 5370//2230
f 5299//2237 5241//2237 5239//2237 5300//2237
f 5246//2238 5248//2238 5250//2238 5244//2238
f 5752//2239 5693//2239 5692//2239 5755//2239
f 5272//2240 5273//2240 5276//2240 5270//2240
f 5556//2241 5678//2241 5675//2241 5558//2241
f 5642//2242 5643//2242 5646//2242 5640//2242
f 5663//2243 5606//2243 5605//2243 5664//2243
f 5193//2250 5196//2250 5198//2250 5191//2250
f 5843//2251 5792//2251 5790//2251 5845//2251
f 5697//2254 5705//2254 5702//2254 5698//2254
f 5802//2255 5804//2255 5807//2255 5799//2255
f 5745//2256 5738//2256 5736//2256 5747//2256
f 5735//2261 5737//2261 5739//2261 5733//2261
f 5434//2262 5417//2262 5415//2262 5429//2262
f 5773//2265 5750//2265 5748//2265 5774//2265
f 5377//2266 5378//2266 5380//2266 5374//2266
f 5395//2267 5397//2267 5398//2267 5392//2267
f 5229//2268 5232//2268 5233//2268 5227//2268
f 5301//2269 5271//2269 5269//2269 5302//2269
f 5345//2270 5348//2270 5349//2270 5343//2270
f 5212//2271 5214//2271 5216//2271 5209//2271
f 5756//2274 5757//2274 5761//2274 5753//2274
f 5490//2275 5492//2275 5494//2275 5487//2275
f 5439//2292 5442//2292 5444//2292 5436//2292
f 5707//2295 5709//2295 5711//2295 5703//2295
f 5412//2298 5416//2298 5418//2298 5411//2298
f 5236//2300 5240//2300 5242//2300 5235//2300
f 5706//2301 5771//2301 5777//2301 5708//2301
f 5623//2304 5626//2304 5627//2304 5621//2304
f 5507//2305 5508//2305 5510//2305 5504//2305
f 5612//2306 5616//2306 5618//2306 5611//2306
f 5576//2311 5602//2311 5607//2311 5578//2311
f 5329//2312 5330//2312 5334//2312 5327//2312
f 5660//2315 5677//2315 5682//2315 5661//2315
f 5409//2316 5414//2316 5413//2316 5410//2316
f 5609//2317 5657//2317 5655//2317 5610//2317
f 5585//2320 5600//2320 5599//2320 5587//2320
f 5498//2323 5443//2323 5441//2323 5500//2323
f 5303//2326 5282//2326 5281//2326 5305//2326
f 5274//2329 5328//2329 5333//2329 5275//2329
f 5480//2336 5484//2336 5486//2336 5479//2336
f 5530//2337 5534//2337 5536//2337 5529//2337
f 5586//2344 5588//2344 5589//2344 5582//2344
f 5335//2345 5231//2345 5230//2345 5338//2345
f 5577//2346 5579//2346 5580//2346 5574//2346
f 5223//2348 5192//2348 5197//2348 5225//2348
f 5208//2349 5324//2349 5323//2349 5201//2349
f 5253//2350 5210//2350 5215//2350 5255//2350
f 5234//2351 5264//2351 5262//2351 5228//2351
f 5690//2352 5113//2352 5280//2352 5279//2352
f 5293//2353 5202//2353 5199//2353 5294//2353
f 5194//2354 5205//2354 5203//2354 5195//2354
f 5316//2355 5320//2355 5325//2355 5317//2355
f 5221//2356 5224//2356 5226//2356 5218//2356
f 5321//2357 5322//2357 5326//2357 5319//2357
f 5285//2358 5284//2358 5283//2358 5287//2358
f 5211//2359 5222//2359 5220//2359 5213//2359
f 5263//2360 5266//2360 5268//2360 5261//2360
f 5314//2361 5315//2361 5318//2361 5312//2361
f 5265//2362 5291//2362 5289//2362 5267//2362
f 5204//2363 5206//2363 5207//2363 5200//2363
f 5311//2364 5309//2364 5308//2364 5313//2364
f 5251//2365 5249//2365 5247//2365 5252//2365
f 5288//2366 5290//2366 5292//2366 5286//2366
f 5237//2367 5219//2367 5217//2367 5238//2367
f 5243//2368 5258//2368 5256//2368 5245//2368
f 5257//2369 5259//2369 5260//2369 5254//2369
f 5277//2370 5297//2370 5295//2370 5279//2370
f 5296//2371 5690//2371 5281//2371 5280//2371
f 5191//2372 5192//2372 4622//2372
f 5193//2373 4619//2373 5194//2373
f 5195//2374 4620//2374 5196//2374
f 4621//2375 5197//2375 5198//2375
f 5199//2376 5200//2376 5201//2376 4626//2376
f 5202//2377 4623//2377 5203//2377 5204//2377
f 5205//2378 4624//2378 5206//2378
f 5207//2379 4625//2379 5208//2379
f 5209//2380 5210//2380 4634//2380
f 4631//2381 5211//2381 5212//2381
f 5213//2382 4632//2382 5214//2382
f 4633//2383 5215//2383 5216//2383
f 5217//2384 5218//2384 4638//2384
f 5219//2385 4635//2385 5220//2385 5221//2385
f 5222//2386 4636//2386 5223//2386 5224//2386
f 5225//2387 4637//2387 5226//2387
f 5227//2388 5228//2388 4650//2388
f 5229//2389 4647//2389 5230//2389
f 5231//2390 4648//2390 5232//2390
f 5233//2391 4649//2391 5234//2391
f 5236//2392 4673//2392 5237//2392
f 5238//2393 4674//2393 5239//2393 5240//2393
f 5241//2394 4675//2394 5242//2394
f 5243//2395 5244//2395 4696//2395
f 5245//2396 4693//2396 5246//2396
f 4694//2397 5247//2397 5248//2397
f 5249//2398 4695//2398 5250//2398
f 5253//2399 5254//2399 4786//2399
f 5255//2400 4783//2400 5256//2400 5257//2400
f 5258//2401 4784//2401 5259//2401
f 4819//2402 5262//2402 5263//2402
f 5264//2403 4820//2403 5265//2403 5266//2403
f 5267//2404 4821//2404 5268//2404
f 5269//2405 5270//2405 4832//2405
f 5271//2406 4829//2406 5272//2406
f 5273//2407 4830//2407 5274//2407
f 5275//2408 4831//2408 5276//2408
f 5279//2409 5280//2409 5281//2409 5690//2409
f 5285//2410 5286//2410 4968//2410
f 5287//2411 4965//2411 5288//2411
f 4966//2412 5289//2412 5290//2412
f 5291//2413 4967//2413 5292//2413
f 5303//2414 5304//2414 5116//2414
f 5305//2415 5113//2415 5306//2415
f 5307//2416 5114//2416 5308//2416
f 5309//2417 5115//2417 5310//2417
f 5311//2418 5312//2418 5123//2418
f 5313//2419 5120//2419 5314//2419
f 5315//2420 5121//2420 5316//2420
f 5317//2421 5122//2421 5318//2421
f 5319//2422 5320//2422 5129//2422
f 5322//2423 5127//2423 5323//2423
f 5324//2424 5128//2424 5325//2424 5326//2424
f 5327//2425 5328//2425 5149//2425
f 5330//2426 5147//2426 5331//2426
f 5332//2427 5148//2427 5333//2427 5334//2427
f 5335//2428 5336//2428 5337//2428 5174//2428
f 5338//2429 5171//2429 5339//2429
f 5173//2430 5341//2430 5342//2430
f 4622//2431 4619//2431 5193//2431 5191//2431
f 5194//2432 5195//2432 5196//2432 5193//2432
f 4620//2433 4621//2433 5198//2433 5196//2433
f 5197//2434 5192//2434 5191//2434 5198//2434
f 5199//2435 5202//2435 5204//2435 5200//2435
f 5203//2436 5205//2436 5206//2436 5204//2436
f 4624//2437 4625//2437 5207//2437 5206//2437
f 5208//2438 5201//2438 5200//2438 5207//2438
f 4634//2439 4631//2439 5212//2439 5209//2439
f 5211//2440 5213//2440 5214//2440 5212//2440
f 4632//2441 4633//2441 5216//2441 5214//2441
f 5215//2442 5210//2442 5209//2442 5216//2442
f 5217//2443 5219//2443 5221//2443 5218//2443
f 5220//2444 5222//2444 5224//2444 5221//2444
f 5223//2445 5225//2445 5226//2445 5224//2445
f 4637//2446 4638//2446 5218//2446 5226//2446
f 4650//2447 4647//2447 5229//2447 5227//2447
f 5230//2448 5231//2448 5232//2448 5229//2448
f 4648//2449 4649//2449 5233//2449 5232//2449
f 5234//2450 5228//2450 5227//2450 5233//2450
f 4676//2451 4673//2451 5236//2451 5235//2451
f 5237//2452 5238//2452 5240//2452 5236//2452
f 5239//2453 5241//2453 5242//2453 5240//2453
f 4675//2454 4676//2454 5235//2454 5242//2454
f 5243//2455 5245//2455 5246//2455 5244//2455
f 4693//2456 4694//2456 5248//2456 5246//2456
f 5247//2457 5249//2457 5250//2457 5248//2457
f 4695//2458 4696//2458 5244//2458 5250//2458
f 5251//2459 5252//2459 4697//2459 4698//2459
f 5253//2460 5255//2460 5257//2460 5254//2460
f 5256//2461 5258//2461 5259//2461 5257//2461
f 4784//2462 4785//2462 5260//2462 5259//2462
f 4785//2463 4786//2463 5254//2463 5260//2463
f 4822//2464 4819//2464 5263//2464 5261//2464
f 5262//2465 5264//2465 5266//2465 5263//2465
f 5265//2466 5267//2466 5268//2466 5266//2466
f 4821//2467 4822//2467 5261//2467 5268//2467
f 5269//2468 5271//2468 5272//2468 5270//2468
f 4829//2469 4830//2469 5273//2469 5272//2469
f 5274//2470 5275//2470 5276//2470 5273//2470
f 4831//2471 4832//2471 5270//2471 5276//2471
f 4915//2472 5687//2472 5282//2472
f 5691//2473 5278//2473 5277//2473
f 5283//2474 5284//2474 4933//2474 4934//2474
f 5285//2475 5287//2475 5288//2475 5286//2475
f 4965//2476 4966//2476 5290//2476 5288//2476
f 5289//2477 5291//2477 5292//2477 5290//2477
f 4967//2478 4968//2478 5286//2478 5292//2478
f 5293//2479 5294//2479 4972//2479 4971//2479
f 5295//2480 5297//2480 5298//2480 5296//2480
f 5299//2481 5300//2481 4993//2481 4994//2481
f 5301//2482 5302//2482 5083//2482 5084//2482
f 5303//2483 5305//2483 5306//2483 5304//2483
f 5113//2484 5114//2484 5307//2484 5306//2484
f 5308//2485 5309//2485 5310//2485 5307//2485
f 5115//1049 5116//1049 5304//1049 5310//1049
f 5311//2486 5313//2486 5314//2486 5312//2486
f 5120//2487 5121//2487 5315//2487 5314//2487
f 5316//2488 5317//2488 5318//2488 5315//2488
f 5122//2489 5123//2489 5312//2489 5318//2489
f 5129//2490 5126//2490 5321//2490 5319//2490
f 5126//2491 5127//2491 5322//2491 5321//2491
f 5323//2492 5324//2492 5326//2492 5322//2492
f 5325//2493 5320//2493 5319//2493 5326//2493
f 5149//2494 5146//2494 5329//2494 5327//2494
f 5146//2495 5147//2495 5330//2495 5329//2495
f 5331//2496 5332//2496 5334//2496 5330//2496
f 5333//2497 5328//2497 5327//2497 5334//2497
f 5335//2498 5338//2498 5339//2498 5336//2498
f 5171//2499 5172//2499 5340//2499 5339//2499
f 5172//2500 5173//2500 5342//2500 5340//2500
f 5341//2501 5337//2501 5336//2501 5342//2501
f 4619//2502 4624//2502 5205//2502 5194//2502
f 4623//2503 4620//2503 5195//2503 5203//2503
f 4631//2504 4636//2504 5222//2504 5211//2504
f 4635//2505 4632//2505 5213//2505 5220//2505
f 4698//2506 4695//2506 5249//2506 5251//2506
f 4694//2507 4697//2507 5252//2507 5247//2507
f 4786//2508 4634//2508 5210//2508 5253//2508
f 4633//2509 4783//2509 5255//2509 5215//2509
f 4968//2510 4933//2510 5284//2510 5285//2510
f 4934//2511 4965//2511 5287//2511 5283//2511
f 4820//2512 4967//2512 5291//2512 5265//2512
f 4966//2513 4821//2513 5267//2513 5289//2513
f 4994//2514 4675//2514 5241//2514 5299//2514
f 4674//2515 4993//2515 5300//2515 5239//2515
f 4636//2516 4622//2516 5192//2516 5223//2516
f 4621//2517 4637//2517 5225//2517 5197//2517
f 4649//2518 4820//2518 5264//2518 5234//2518
f 4819//2519 4650//2519 5228//2519 5262//2519
f 5278//2520 5298//2520 5297//2520 5277//2520
f 5296//2521 5280//2521 5279//2521 5295//2521
f 5116//2522 4915//2522 5282//2522 5303//2522
s 0
f 5280//2523 5113//2523 5305//2523 5281//2523
s 1
f 5121//2524 5129//2524 5320//2524 5316//2524
f 5128//2525 5122//2525 5317//2525 5325//2525
f 5123//2526 5115//2526 5309//2526 5311//2526
f 5114//2527 5120//2527 5313//2527 5308//2527
f 4830//2528 5149//2528 5328//2528 5274//2528
f 5148//2529 4831//2529 5275//2529 5333//2529
f 5084//2530 4829//2530 5271//2530 5301//2530
f 4832//2531 5083//2531 5302//2531 5269//2531
f 4971//2532 4623//2532 5202//2532 5293//2532
f 4626//2533 4972//2533 5294//2533 5199//2533
f 5174//2534 4648//2534 5231//2534 5335//2534
f 4647//2535 5171//2535 5338//2535 5230//2535
f 5147//2536 5174//2536 5337//2536 5331//2536
f 5173//2537 5148//2537 5332//2537 5341//2537
f 4625//2538 5128//2538 5324//2538 5208//2538
f 5127//2539 4626//2539 5201//2539 5323//2539
f 4673//2540 4635//2540 5219//2540 5237//2540
f 4638//2541 4674//2541 5238//2541 5217//2541
f 4696//2542 4784//2542 5258//2542 5243//2542
f 4783//2543 4693//2543 5245//2543 5256//2543
f 5367//2544 5344//2544 5350//2544 5361//2544
f 5363//2545 5402//2545 5407//2545 5365//2545
f 5373//2546 5382//2546 5381//2546 5376//2546
f 5394//2547 5384//2547 5390//2547 5396//2547
f 5425//2548 5505//2548 5509//2548 5420//2548
f 5463//2549 5469//2549 5467//2549 5457//2549
f 5471//2550 5485//2550 5483//2550 5466//2550
f 5493//2551 5497//2551 5495//2551 5488//2551
f 5468//2552 5470//2552 5472//2552 5465//2552
f 5403//2553 5405//2553 5408//2553 5401//2553
f 5354//2554 5356//2554 5358//2554 5352//2554
f 5364//2555 5366//2555 5368//2555 5360//2555
f 5371//2556 5387//2556 5386//2556 5372//2556
f 5438//2557 5357//2557 5355//2557 5440//2557
f 5391//2558 5491//2558 5489//2558 5393//2558
f 5385//2559 5388//2559 5389//2559 5383//2559
f 5455//2560 5454//2560 5453//2560 5458//2560
f 5351//2561 5362//2561 5359//2561 5353//2561
f 5421//2562 5423//2562 5426//2562 5419//2562
f 5481//2563 5476//2563 5475//2563 5482//2563
f 5399//2564 5406//2564 5404//2564 5400//2564
f 5499//2565 5501//2565 5502//2565 5496//2565
f 5431//2566 5432//2566 5433//2566 5428//2566
f 5477//2567 5506//2567 5503//2567 5478//2567
f 5343//2568 5344//2568 4702//2568
f 5345//2569 4699//2569 5346//2569
f 5347//2570 4700//2570 5348//2570
f 5349//2571 4701//2571 5350//2571
f 5351//2572 5352//2572 4714//2572
f 5353//2573 4711//2573 5354//2573
f 4712//2574 5355//2574 5356//2574
f 5357//2575 4713//2575 5358//2575
f 5359//2576 5360//2576 5361//2576 4718//2576
f 5362//2577 4715//2577 5363//2577 5364//2577
f 5365//2578 4716//2578 5366//2578
f 4717//2579 5367//2579 5368//2579
f 5373//2580 5374//2580 5375//2580 4798//2580
f 5376//2581 4795//2581 5377//2581
f 4797//2582 5379//2582 5380//2582
f 5383//2583 5384//2583 4875//2583
f 5385//2584 4872//2584 5386//2584
f 5387//2585 4873//2585 5388//2585
f 5389//2586 4874//2586 5390//2586
f 5391//2587 5392//2587 4902//2587
f 5393//2588 4899//2588 5394//2588 5395//2588
f 5396//2589 4900//2589 5397//2589
f 5401//2590 5402//2590 4940//2590
f 4938//2591 5404//2591 5405//2591
f 5406//2592 4939//2592 5407//2592 5408//2592
f 5412//2593 4947//2593 5413//2593
f 5414//2594 4948//2594 5415//2594 5416//2594
f 5417//2595 4949//2595 5418//2595
f 5419//2596 5420//2596 4958//2596
f 4956//2597 5422//2597 5423//2597
f 5424//2598 4957//2598 5425//2598 5426//2598
f 5427//2599 5428//2599 5429//2599 4980//2599
f 5430//2600 4977//2600 5431//2600
f 5433//2601 4979//2601 5434//2601
f 5435//2602 5436//2602 4988//2602
f 5437//2603 4985//2603 5438//2603 5439//2603
f 5440//2604 4986//2604 5441//2604 5442//2604
f 5443//2605 4987//2605 5444//2605
f 5445//2606 5446//2606 4992//2606
f 5447//2607 4989//2607 5448//2607
f 4990//2608 5449//2608 5450//2608
f 5451//2609 4991//2609 5452//2609
f 5455//2610 5456//2610 5457//2610 5018//2610
f 5458//2611 5015//2611 5459//2611
f 5460//2612 5016//2612 5461//2612
f 5462//2613 5017//2613 5463//2613 5464//2613
f 5465//2614 5466//2614 5030//2614
f 5027//2615 5467//2615 5468//2615
f 5469//2616 5028//2616 5470//2616
f 5029//2617 5471//2617 5472//2617
f 5480//2618 5072//2618 5481//2618
f 5482//2619 5073//2619 5483//2619 5484//2619
f 5485//2620 5074//2620 5486//2620
f 5487//2621 5488//2621 5110//2621
f 5107//2622 5489//2622 5490//2622
f 5491//2623 5108//2623 5492//2623
f 5109//2624 5493//2624 5494//2624
f 5495//2625 5496//2625 5145//2625
f 5497//2626 5142//2626 5498//2626 5499//2626
f 5500//2627 5143//2627 5501//2627
f 5503//2628 5504//2628 5505//2628 5180//2628
f 5506//2629 5177//2629 5507//2629
f 5179//2630 5509//2630 5510//2630
f 4702//2631 4699//2631 5345//2631 5343//2631
f 5346//2632 5347//2632 5348//2632 5345//2632
f 4700//2633 4701//2633 5349//2633 5348//2633
f 5350//2634 5344//2634 5343//2634 5349//2634
f 5351//2635 5353//2635 5354//2635 5352//2635
f 4711//2636 4712//2636 5356//2636 5354//2636
f 5355//2637 5357//2637 5358//2637 5356//2637
f 4713//2638 4714//2638 5352//2638 5358//2638
f 5359//2639 5362//2639 5364//2639 5360//2639
f 5363//2640 5365//2640 5366//2640 5364//2640
f 4716//2641 4717//2641 5368//2641 5366//2641
f 5367//2642 5361//2642 5360//2642 5368//2642
f 5369//2643 5370//2643 4730//2643 4729//2643
f 5371//2644 5372//2644 4777//2644 4778//2644
f 5373//2645 5376//2645 5377//2645 5374//2645
f 4795//2646 4796//2646 5378//2646 5377//2646
f 4796//2647 4797//2647 5380//2647 5378//2647
f 5379//2648 5375//2648 5374//2648 5380//2648
f 5381//2649 5382//2649 4799//2649 4800//2649
f 4875//2650 4872//2650 5385//2650 5383//2650
f 5386//2651 5387//2651 5388//2651 5385//2651
f 4873//2652 4874//2652 5389//2652 5388//2652
f 5390//2653 5384//2653 5383//2653 5389//2653
f 5391//2654 5393//2654 5395//2654 5392//2654
f 5394//2655 5396//2655 5397//2655 5395//2655
f 4900//2656 4901//2656 5398//2656 5397//2656
f 4901//2657 4902//2657 5392//2657 5398//2657
f 5399//2658 5400//2658 4908//2658 4907//2658
f 4940//2659 4937//2659 5403//2659 5401//2659
f 4937//2660 4938//2660 5405//2660 5403//2660
f 5404//2661 5406//2661 5408//2661 5405//2661
f 5407//2662 5402//2662 5401//2662 5408//2662
f 5409//2663 5410//2663 4945//2663 4946//2663
f 4950//2664 4947//2664 5412//2664 5411//2664
f 5413//2665 5414//2665 5416//2665 5412//2665
f 5415//2666 5417//2666 5418//2666 5416//2666
f 4949//2667 4950//2667 5411//2667 5418//2667
f 4958//2668 4955//2668 5421//2668 5419//2668
f 4955//2669 4956//2669 5423//2669 5421//2669
f 5422//2670 5424//2670 5426//2670 5423//2670
f 5425//2671 5420//2671 5419//2671 5426//2671
f 5427//2672 5430//2672 5431//2672 5428//2672
f 4977//2673 4978//2673 5432//2673 5431//2673
f 4978//2674 4979//2674 5433//2674 5432//2674
f 5434//2675 5429//2675 5428//2675 5433//2675
f 5435//2676 5437//2676 5439//2676 5436//2676
f 5438//2677 5440//2677 5442//2677 5439//2677
f 5441//2678 5443//2678 5444//2678 5442//2678
f 4987//2679 4988//2679 5436//2679 5444//2679
f 5445//2680 5447//2680 5448//2680 5446//2680
f 4989//2681 4990//2681 5450//2681 5448//2681
f 5449//2682 5451//2682 5452//2682 5450//2682
f 4991//2683 4992//2683 5446//2683 5452//2683
f 5453//2684 5454//2684 5000//2684 4999//2684
f 5455//2685 5458//2685 5459//2685 5456//2685
f 5015//2686 5016//2686 5460//2686 5459//2686
f 5461//2687 5462//2687 5464//2687 5460//2687
f 5463//2688 5457//2688 5456//2688 5464//2688
f 5030//2689 5027//2689 5468//2689 5465//2689
f 5467//2690 5469//2690 5470//2690 5468//2690
f 5028//2691 5029//2691 5472//2691 5470//2691
f 5471//2692 5466//2692 5465//2692 5472//2692
f 5473//2693 5474//2693 5053//2693 5052//2693
f 5475//2694 5476//2694 5065//2694 5064//2694
f 5477//2695 5478//2695 5070//2695 5071//2695
f 5075//2696 5072//2696 5480//2696 5479//2696
f 5481//2697 5482//2697 5484//2697 5480//2697
f 5483//2698 5485//2698 5486//2698 5484//2698
f 5074//2699 5075//2699 5479//2699 5486//2699
f 5110//2700 5107//2700 5490//2700 5487//2700
f 5489//2701 5491//2701 5492//2701 5490//2701
f 5108//2702 5109//2702 5494//2702 5492//2702
f 5493//2703 5488//2703 5487//2703 5494//2703
f 5495//2704 5497//2704 5499//2704 5496//2704
f 5498//2705 5500//2705 5501//2705 5499//2705
f 5143//2706 5144//2706 5502//2706 5501//2706
f 5144//2707 5145//2707 5496//2707 5502//2707
f 5503//2708 5506//2708 5507//2708 5504//2708
f 5177//2709 5178//2709 5508//2709 5507//2709
f 5178//2710 5179//2710 5510//2710 5508//2710
f 5509//2711 5505//2711 5504//2711 5510//2711
f 4714//2712 4715//2712 5362//2712 5351//2712
f 4718//2713 4711//2713 5353//2713 5359//2713
f 4717//2714 4702//2714 5344//2714 5367//2714
f 4701//2715 4718//2715 5361//2715 5350//2715
f 4798//2716 4799//2716 5382//2716 5373//2716
f 4800//2717 4795//2717 5376//2717 5381//2717
f 4699//2718 4798//2718 5375//2718 5346//2718
f 4797//2719 4700//2719 5347//2719 5379//2719
f 4899//2720 4875//2720 5384//2720 5394//2720
f 4874//2721 4900//2721 5396//2721 5390//2721
f 4946//2722 4948//2722 5414//2722 5409//2722
f 4947//2723 4945//2723 5410//2723 5413//2723
f 4715//2724 4940//2724 5402//2724 5363//2724
f 4939//2725 4716//2725 5365//2725 5407//2725
f 4729//2726 4977//2726 5430//2726 5369//2726
f 4980//2727 4730//2727 5370//2727 5427//2727
f 4988//2728 4989//2728 5447//2728 5435//2728
f 4992//2729 4985//2729 5437//2729 5445//2729
f 5017//2730 5028//2730 5469//2730 5463//2730
f 5027//2731 5018//2731 5457//2731 5467//2731
f 4990//2732 5017//2732 5462//2732 5449//2732
f 5016//2733 4991//2733 5451//2733 5461//2733
f 5052//2734 4957//2734 5424//2734 5473//2734
f 4956//2735 5053//2735 5474//2735 5422//2735
f 4778//2736 4873//2736 5387//2736 5371//2736
f 4872//2737 4777//2737 5372//2737 5386//2737
f 5018//2738 5000//2738 5454//2738 5455//2738
f 4999//2739 5015//2739 5458//2739 5453//2739
f 5072//2740 5065//2740 5476//2740 5481//2740
f 5064//2741 5073//2741 5482//2741 5475//2741
f 4907//2742 4939//2742 5406//2742 5399//2742
f 4938//2743 4908//2743 5400//2743 5404//2743
f 5029//2744 5074//2744 5485//2744 5471//2744
f 5073//2745 5030//2745 5466//2745 5483//2745
f 4902//2746 5108//2746 5491//2746 5391//2746
f 5107//2747 4899//2747 5393//2747 5489//2747
f 4979//2748 4949//2748 5417//2748 5434//2748
f 4948//2749 4980//2749 5429//2749 5415//2749
f 5109//2750 5142//2750 5497//2750 5493//2750
f 5145//2751 5110//2751 5488//2751 5495//2751
f 5071//2752 5177//2752 5506//2752 5477//2752
f 5180//2753 5070//2753 5478//2753 5503//2753
f 4957//2754 5180//2754 5505//2754 5425//2754
f 5179//2755 4958//2755 5420//2755 5509//2755
f 5142//2756 4987//2756 5443//2756 5498//2756
f 4986//2757 5143//2757 5500//2757 5441//2757
f 4985//2758 4713//2758 5357//2758 5438//2758
f 4712//2759 4986//2759 5440//2759 5355//2759
f 5571//2760 5515//2760 5519//2760 5565//2760
f 5551//2761 5555//2761 5553//2761 5547//2761
f 5563//2762 5575//2762 5573//2762 5566//2762
f 5635//2763 5583//2763 5590//2763 5631//2763
f 5597//2764 5638//2764 5637//2764 5592//2764
f 5651//2765 5622//2765 5628//2765 5653//2765
f 5581//2766 5595//2766 5594//2766 5584//2766
f 5513//2767 5523//2767 5521//2767 5516//2767
f 5559//2768 5670//2768 5668//2768 5561//2768
f 5673//2769 5535//2769 5533//2769 5674//2769
f 5685//2770 5617//2770 5615//2770 5686//2770
f 5624//2771 5620//2771 5619//2771 5625//2771
f 5649//2772 5652//2772 5654//2772 5647//2772
f 5539//2773 5548//2773 5545//2773 5541//2773
f 5639//2774 5650//2774 5648//2774 5641//2774
f 5658//2775 5659//2775 5662//2775 5656//2775
f 5549//2776 5550//2776 5552//2776 5546//2776
f 5525//2777 5632//2777 5629//2777 5527//2777
f 5557//2778 5560//2778 5562//2778 5554//2778
f 5603//2779 5604//2779 5608//2779 5601//2779
f 5633//2780 5634//2780 5636//2780 5630//2780
f 5517//2781 5518//2781 5520//2781 5514//2781
f 5567//2782 5645//2782 5644//2782 5569//2782
f 5679//2783 5680//2783 5681//2783 5676//2783
f 5524//2784 5526//2784 5528//2784 5522//2784
f 5513//2785 5514//2785 5515//2785 4642//2785
f 5516//2786 4639//2786 5517//2786
f 4641//2787 5519//2787 5520//2787
f 5521//2788 5522//2788 4646//2788
f 5523//2789 4643//2789 5524//2789
f 4644//2790 5525//2790 5526//2790
f 5527//2791 4645//2791 5528//2791
f 5530//2792 4655//2792 5531//2792
f 5532//2793 4656//2793 5533//2793 5534//2793
f 5535//2794 4657//2794 5536//2794
f 5537//2795 5538//2795 4706//2795
f 4703//2796 5539//2796 5540//2796
f 5541//2797 4704//2797 5542//2797
f 4705//2798 5543//2798 5544//2798
f 5545//2799 5546//2799 5547//2799 4710//2799
f 5548//2800 4707//2800 5549//2800
f 4709//2801 5551//2801 5552//2801
f 5553//2802 5554//2802 4726//2802
f 5555//2803 4723//2803 5556//2803 5557//2803
f 5558//2804 4724//2804 5559//2804 5560//2804
f 5561//2805 4725//2805 5562//2805
f 5563//2806 5564//2806 5565//2806 4740//2806
f 5566//2807 4737//2807 5567//2807 5568//2807
f 5569//2808 4738//2808 5570//2808
f 4739//2809 5571//2809 5572//2809
f 5573//2810 5574//2810 4744//2810
f 5575//2811 4741//2811 5576//2811 5577//2811
f 5578//2812 4742//2812 5579//2812
f 5581//2813 5582//2813 5583//2813 4754//2813
f 5584//2814 4751//2814 5585//2814 5586//2814
f 5587//2815 4752//2815 5588//2815
f 5589//2816 4753//2816 5590//2816
f 5591//2817 5592//2817 4758//2817
f 5593//2818 4755//2818 5594//2818
f 5595//2819 4756//2819 5596//2819
f 4757//2820 5597//2820 5598//2820
f 5601//2821 5602//2821 4782//2821
f 5604//2822 4780//2822 5605//2822
f 5606//2823 4781//2823 5607//2823 5608//2823
f 5612//2824 4791//2824 5613//2824
f 5614//2825 4792//2825 5615//2825 5616//2825
f 5617//2826 4793//2826 5618//2826
f 5621//2827 5622//2827 4887//2827
f 5623//2828 4884//2828 5624//2828
f 5625//2829 4885//2829 5626//2829
f 5627//2830 4886//2830 5628//2830
f 5629//2831 5630//2831 5631//2831 4906//2831
f 5632//2832 4903//2832 5633//2832
f 4905//2833 5635//2833 5636//2833
f 5639//2834 5640//2834 5137//2834
f 5641//2835 5134//2835 5642//2835
f 5643//2836 5135//2836 5644//2836
f 5645//2837 5136//2837 5646//2837
f 5138//2838 5648//2838 5649//2838
f 5650//2839 5139//2839 5651//2839 5652//2839
f 5653//2840 5140//2840 5654//2840
f 5655//2841 5656//2841 5156//2841
f 5657//2842 5153//2842 5658//2842
f 5659//2843 5154//2843 5660//2843
f 5661//2844 5155//2844 5662//2844
f 5665//2845 5666//2845 5166//2845
f 5667//2846 5163//2846 5668//2846 5669//2846
f 5670//2847 5164//2847 5671//2847
f 5675//2848 5676//2848 5677//2848 5184//2848
f 5678//2849 5181//2849 5679//2849
f 5681//2850 5183//2850 5682//2850
f 5511//2851 5512//2851 4629//2851 4630//2851
f 5513//2852 5516//2852 5517//2852 5514//2852
f 4639//2853 4640//2853 5518//2853 5517//2853
f 4640//2854 4641//2854 5520//2854 5518//2854
f 5519//2855 5515//2855 5514//2855 5520//2855
f 5521//2856 5523//2856 5524//2856 5522//2856
f 4643//2857 4644//2857 5526//2857 5524//2857
f 5525//2858 5527//2858 5528//2858 5526//2858
f 4645//2859 4646//2859 5522//2859 5528//2859
f 4658//2860 4655//2860 5530//2860 5529//2860
f 5531//2861 5532//2861 5534//2861 5530//2861
f 5533//2862 5535//2862 5536//2862 5534//2862
f 4657//2863 4658//2863 5529//2863 5536//2863
f 4706//2864 4703//2864 5540//2864 5537//2864
f 5539//2865 5541//2865 5542//2865 5540//2865
f 4704//2866 4705//2866 5544//2866 5542//2866
f 5543//2867 5538//2867 5537//2867 5544//2867
f 5545//2868 5548//2868 5549//2868 5546//2868
f 4707//2869 4708//2869 5550//2869 5549//2869
f 4708//2870 4709//2870 5552//2870 5550//2870
f 5551//2871 5547//2871 5546//2871 5552//2871
f 5553//2872 5555//2872 5557//2872 5554//2872
f 5556//2873 5558//2873 5560//2873 5557//2873
f 5559//2874 5561//2874 5562//2874 5560//2874
f 4725//2875 4726//2875 5554//2875 5562//2875
f 5563//2876 5566//2876 5568//2876 5564//2876
f 5567//2877 5569//2877 5570//2877 5568//2877
f 4738//2878 4739//2878 5572//2878 5570//2878
f 5571//2879 5565//2879 5564//2879 5572//2879
f 5573//2880 5575//2880 5577//2880 5574//2880
f 5576//2881 5578//2881 5579//2881 5577//2881
f 4742//2882 4743//2882 5580//2882 5579//2882
f 4743//2883 4744//2883 5574//2883 5580//2883
f 5581//2884 5584//2884 5586//2884 5582//2884
f 5585//2885 5587//2885 5588//2885 5586//2885
f 4752//2886 4753//2886 5589//2886 5588//2886
f 5590//2887 5583//2887 5582//2887 5589//2887
f 4758//2888 4755//2888 5593//2888 5591//2888
f 5594//2889 5595//2889 5596//2889 5593//2889
f 4756//2890 4757//2890 5598//2890 5596//2890
f 5597//2891 5592//2891 5591//2891 5598//2891
f 5599//2892 5600//2892 4767//2892 4768//2892
f 4782//2893 4779//2893 5603//2893 5601//2893
f 4779//2894 4780//2894 5604//2894 5603//2894
f 5605//2895 5606//2895 5608//2895 5604//2895
f 5607//2896 5602//2896 5601//2896 5608//2896
f 5609//2897 5610//2897 4787//2897 4788//2897
f 4794//2898 4791//2898 5612//2898 5611//2898
f 5613//2899 5614//2899 5616//2899 5612//2899
f 5615//2900 5617//2900 5618//2900 5616//2900
f 4793//2901 4794//2901 5611//2901 5618//2901
f 5619//2902 5620//2902 4835//2902 4834//2902
f 4887//2903 4884//2903 5623//2903 5621//2903
f 5624//2904 5625//2904 5626//2904 5623//2904
f 4885//2905 4886//2905 5627//2905 5626//2905
f 5628//2906 5622//2906 5621//2906 5627//2906
f 5629//2907 5632//2907 5633//2907 5630//2907
f 4903//2908 4904//2908 5634//2908 5633//2908
f 4904//2909 4905//2909 5636//2909 5634//2909
f 5635//2910 5631//2910 5630//2910 5636//2910
f 5637//2911 5638//2911 5124//2911 5125//2911
f 5639//2912 5641//2912 5642//2912 5640//2912
f 5134//2913 5135//2913 5643//2913 5642//2913
f 5644//2914 5645//2914 5646//2914 5643//2914
f 5136//2915 5137//2915 5640//2915 5646//2915
f 5141//2916 5138//2916 5649//2916 5647//2916
f 5648//2917 5650//2917 5652//2917 5649//2917
f 5651//2918 5653//2918 5654//2918 5652//2918
f 5140//2919 5141//2919 5647//2919 5654//2919
f 5655//2920 5657//2920 5658//2920 5656//2920
f 5153//2921 5154//2921 5659//2921 5658//2921
f 5660//2922 5661//2922 5662//2922 5659//2922
f 5155//2923 5156//2923 5656//2923 5662//2923
f 5663//2924 5664//2924 5162//2924 5161//2924
f 5665//2925 5667//2925 5669//2925 5666//2925
f 5668//2926 5670//2926 5671//2926 5669//2926
f 5164//2927 5165//2927 5672//2927 5671//2927
f 5165//2928 5166//2928 5666//2928 5672//2928
f 5673//2929 5674//2929 5175//2929 5176//2929
f 5675//2930 5678//2930 5679//2930 5676//2930
f 5181//2931 5182//2931 5680//2931 5679//2931
f 5182//2932 5183//2932 5681//2932 5680//2932
f 5682//2933 5677//2933 5676//2933 5681//2933
f 5683//2934 5684//2934 5186//2934 5187//2934
f 5685//2935 5686//2935 5189//2935 5190//2935
f 4642//2936 4643//2936 5523//2936 5513//2936
f 4646//2937 4639//2937 5516//2937 5521//2937
f 4703//2938 4707//2938 5548//2938 5539//2938
f 4710//2939 4704//2939 5541//2939 5545//2939
f 4709//2940 4723//2940 5555//2940 5551//2940
f 4726//2941 4710//2941 5547//2941 5553//2941
f 4740//2942 4741//2942 5575//2942 5563//2942
f 4744//2943 4737//2943 5566//2943 5573//2943
f 4754//2944 4756//2944 5595//2944 5581//2944
f 4755//2945 4751//2945 5584//2945 5594//2945
f 4630//2946 4706//2946 5538//2946 5511//2946
f 4705//2947 4629//2947 5512//2947 5543//2947
f 4884//2948 4835//2948 5620//2948 5624//2948
f 4834//2949 4885//2949 5625//2949 5619//2949
f 4905//2950 4754//2950 5583//2950 5635//2950
f 4753//2951 4906//2951 5631//2951 5590//2951
f 4751//2952 4767//2952 5600//2952 5585//2952
f 4768//2953 4752//2953 5587//2953 5599//2953
f 4644//2954 4903//2954 5632//2954 5525//2954
f 4906//2955 4645//2955 5527//2955 5629//2955
f 4739//2956 4642//2956 5515//2956 5571//2956
f 4641//2957 4740//2957 5565//2957 5519//2957
f 5137//2958 5139//2958 5650//2958 5639//2958
f 5138//2959 5134//2959 5641//2959 5648//2959
f 5139//2960 4887//2960 5622//2960 5651//2960
f 4886//2961 5140//2961 5653//2961 5628//2961
f 4757//2962 5124//2962 5638//2962 5597//2962
f 5125//2963 4758//2963 5592//2963 5637//2963
f 4741//2964 4782//2964 5602//2964 5576//2964
f 4781//2965 4742//2965 5578//2965 5607//2965
f 4788//2966 5153//2966 5657//2966 5609//2966
f 5156//2967 4787//2967 5610//2967 5655//2967
f 4724//2968 5164//2968 5670//2968 5559//2968
f 5163//2969 4725//2969 5561//2969 5668//2969
f 4737//2970 5136//2970 5645//2970 5567//2970
f 5135//2971 4738//2971 5569//2971 5644//2971
f 4723//2972 5181//2972 5678//2972 5556//2972
f 5184//2973 4724//2973 5558//2973 5675//2973
f 5176//2974 4657//2974 5535//2974 5673//2974
f 4656//2975 5175//2975 5674//2975 5533//2975
f 5154//2976 5184//2976 5677//2976 5660//2976
f 5183//2977 5155//2977 5661//2977 5682//2977
f 4655//2978 5163//2978 5667//2978 5531//2978
f 5166//2979 4656//2979 5532//2979 5665//2979
f 4791//2980 5186//2980 5684//2980 5613//2980
f 5187//2981 4792//2981 5614//2981 5683//2981
f 5190//2982 4793//2982 5617//2982 5685//2982
f 4792//2983 5189//2983 5686//2983 5615//2983
f 5161//2984 4781//2984 5606//2984 5663//2984
f 4780//2985 5162//2985 5664//2985 5605//2985
f 5689//2986 5691//2986 5277//2986 5279//2986
f 5689//2987 5690//2987 5281//2987
f 4915//2988 4916//2988 5688//2988 5687//2988
f 5690//2989 5689//2989 5279//2989
f 4916//2990 5278//2990 5691//2990 5688//2990
f 5687//2991 5689//2991 5281//2991 5282//2991
f 5691//2992 5689//2992 5687//2992 5688//2992
f 5793//2993 5695//2993 5701//2993 5795//2993
f 5720//2994 5704//2994 5710//2994 5721//2994
f 5731//2995 5841//2995 5846//2995 5725//2995
f 5818//2996 5800//2996 5806//2996 5820//2996
f 5826//2997 5817//2997 5823//2997 5827//2997
f 5811//2998 5813//2998 5815//2998 5809//2998
f 5794//2999 5796//2999 5797//2999 5791//2999
f 5835//3000 5714//3000 5712//3000 5837//3000
f 5819//3001 5821//3001 5822//3001 5816//3001
f 5696//3002 5699//3002 5700//3002 5694//3002
f 5732//3003 5741//3003 5740//3003 5734//3003
f 5778//3004 5810//3004 5808//3004 5779//3004
f 5764//3005 5767//3005 5769//3005 5762//3005
f 5780//3006 5784//3006 5782//3006 5781//3006
f 5763//3007 5759//3007 5758//3007 5765//3007
f 5727//3008 5729//3008 5730//3008 5724//3008
f 5715//3009 5717//3009 5719//3009 5713//3009
f 5812//3010 5805//3010 5803//3010 5814//3010
f 5766//3011 5743//3011 5742//3011 5768//3011
f 5798//3012 5787//3012 5785//3012 5801//3012
f 5746//3013 5749//3013 5751//3013 5744//3013
f 5722//3014 5728//3014 5726//3014 5723//3014
f 5842//3015 5844//3015 5847//3015 5840//3015
f 5825//3016 5829//3016 5831//3016 5824//3016
f 5694//3017 5695//3017 4688//3017
f 5696//3018 4685//3018 5697//3018
f 5698//3019 4686//3019 5699//3019
f 5700//3020 4687//3020 5701//3020
f 5702//3021 5703//3021 5704//3021 4692//3021
f 5705//3022 4689//3022 5706//3022 5707//3022
f 5708//3023 4690//3023 5709//3023
f 4691//3024 5710//3024 5711//3024
f 5712//3025 5713//3025 4722//3025
f 5714//3026 4719//3026 5715//3026
f 4720//3027 5716//3027 5717//3027
f 5718//3028 4721//3028 5719//3028
f 5724//3029 5725//3029 4812//3029
f 4809//3030 5726//3030 5727//3030
f 5728//3031 4810//3031 5729//3031
f 5730//3032 4811//3032 5731//3032
f 5732//3033 5733//3033 4826//3033
f 5734//3034 4823//3034 5735//3034
f 4824//3035 5736//3035 5737//3035
f 5738//3036 4825//3036 5739//3036
f 4838//3037 5745//3037 5746//3037
f 5747//3038 4839//3038 5748//3038 5749//3038
f 5750//3039 4840//3039 5751//3039
f 5752//3040 5753//3040 5754//3040 4845//3040
f 5755//3041 4842//3041 5756//3041
f 5757//3042 4843//3042 5758//3042
f 5759//3043 4844//3043 5760//3043 5761//3043
f 4856//3044 5763//3044 5764//3044
f 5765//3045 4857//3045 5766//3045 5767//3045
f 5768//3046 4858//3046 5769//3046
f 5770//3047 5771//3047 4883//3047
f 5772//3048 4880//3048 5773//3048
f 5774//3049 4881//3049 5775//3049
f 5776//3050 4882//3050 5777//3050
f 5782//3051 5783//3051 4898//3051
f 5784//3052 4895//3052 5785//3052 5786//3052
f 5787//3053 4896//3053 5788//3053
f 5790//3054 5791//3054 4912//3054
f 5792//3055 4909//3055 5793//3055 5794//3055
f 5795//3056 4910//3056 5796//3056
f 5798//3057 5799//3057 5800//3057 4930//3057
f 5801//3058 4927//3058 5802//3058
f 4928//3059 5803//3059 5804//3059
f 5805//3060 4929//3060 5806//3060 5807//3060
f 5808//3061 5809//3061 4954//3061
f 5810//3062 4951//3062 5811//3062
f 4952//3063 5812//3063 5813//3063
f 5814//3064 4953//3064 5815//3064
f 5816//3065 5817//3065 5022//3065
f 5019//3066 5818//3066 5819//3066
f 5820//3067 5020//3067 5821//3067
f 5822//3068 5021//3068 5823//3068
f 5825//3069 5031//3069 5826//3069
f 5827//3070 5032//3070 5828//3070 5829//3070
f 5830//3071 5033//3071 5831//3071
f 5832//3072 5833//3072 5051//3072
f 5049//3073 5835//3073 5836//3073
f 5837//3074 5050//3074 5838//3074 5839//3074
f 5840//3075 5841//3075 5069//3075
f 5067//3076 5843//3076 5844//3076
f 5845//3077 5068//3077 5846//3077 5847//3077
f 5692//3078 5693//3078 4683//3078 4684//3078
f 4688//3079 4685//3079 5696//3079 5694//3079
f 5697//3080 5698//3080 5699//3080 5696//3080
f 4686//3081 4687//3081 5700//3081 5699//3081
f 5701//3082 5695//3082 5694//3082 5700//3082
f 5702//3083 5705//3083 5707//3083 5703//3083
f 5706//3084 5708//3084 5709//3084 5707//3084
f 4690//3085 4691//3085 5711//3085 5709//3085
f 5710//3086 5704//3086 5703//3086 5711//3086
f 5712//3087 5714//3087 5715//3087 5713//3087
f 4719//3088 4720//3088 5717//3088 5715//3088
f 5716//3089 5718//3089 5719//3089 5717//3089
f 4721//3090 4722//3090 5713//3090 5719//3090
f 5720//3091 5721//3091 4766//3091 4765//3091
f 5722//3092 5723//3092 4807//3092 4808//3092
f 4812//3093 4809//3093 5727//3093 5724//3093
f 5726//3094 5728//3094 5729//3094 5727//3094
f 4810//3095 4811//3095 5730//3095 5729//3095
f 5731//3096 5725//3096 5724//3096 5730//3096
f 5732//3097 5734//3097 5735//3097 5733//3097
f 4823//3098 4824//3098 5737//3098 5735//3098
f 5736//3099 5738//3099 5739//3099 5737//3099
f 4825//3100 4826//3100 5733//3100 5739//3100
f 5740//3101 5741//3101 4828//3101 4827//3101
f 5742//3102 5743//3102 4837//3102 4836//3102
f 4841//3103 4838//3103 5746//3103 5744//3103
f 5745//3104 5747//3104 5749//3104 5746//3104
f 5748//3105 5750//3105 5751//3105 5749//3105
f 4840//3106 4841//3106 5744//3106 5751//3106
f 5752//3107 5755//3107 5756//3107 5753//3107
f 4842//3108 4843//3108 5757//3108 5756//3108
f 5758//3109 5759//3109 5761//3109 5757//3109
f 5760//3110 5754//3110 5753//3110 5761//3110
f 4859//3111 4856//3111 5764//3111 5762//3111
f 5763//3112 5765//3112 5767//3112 5764//3112
f 5766//3113 5768//3113 5769//3113 5767//3113
f 4858//3114 4859//3114 5762//3114 5769//3114
f 4883//3115 4880//3115 5772//3115 5770//3115
f 5773//3116 5774//3116 5775//3116 5772//3116
f 4881//3117 4882//3117 5776//3117 5775//3117
f 5777//3118 5771//3118 5770//3118 5776//3118
f 5778//3119 5779//3119 4889//3119 4890//3119
f 5780//3120 5781//3120 4894//3120 4893//3120
f 5782//3121 5784//3121 5786//3121 5783//3121
f 5785//3122 5787//3122 5788//3122 5786//3122
f 4896//3123 4897//3123 5789//3123 5788//3123
f 4897//3124 4898//3124 5783//3124 5789//3124
f 5790//3125 5792//3125 5794//3125 5791//3125
f 5793//3126 5795//3126 5796//3126 5794//3126
f 4910//3127 4911//3127 5797//3127 5796//3127
f 4911//3128 4912//3128 5791//3128 5797//3128
f 5798//3129 5801//3129 5802//3129 5799//3129
f 4927//3130 4928//3130 5804//3130 5802//3130
f 5803//3131 5805//3131 5807//3131 5804//3131
f 5806//3132 5800//3132 5799//3132 5807//3132
f 5808//3133 5810//3133 5811//3133 5809//3133
f 4951//3134 4952//3134 5813//3134 5811//3134
f 5812//3135 5814//3135 5815//3135 5813//3135
f 4953//3136 4954//3136 5809//3136 5815//3136
f 5022//3137 5019//3137 5819//3137 5816//3137
f 5818//3138 5820//3138 5821//3138 5819//3138
f 5020//3139 5021//3139 5822//3139 5821//3139
f 5823//3140 5817//3140 5816//3140 5822//3140
f 5034//3141 5031//3141 5825//3141 5824//3141
f 5826//3142 5827//3142 5829//3142 5825//3142
f 5828//3143 5830//3143 5831//3143 5829//3143
f 5033//3144 5034//3144 5824//3144 5831//3144
f 5051//3145 5048//3145 5834//3145 5832//3145
f 5048//3146 5049//3146 5836//3146 5834//3146
f 5835//3147 5837//3147 5839//3147 5836//3147
f 5838//3148 5833//3148 5832//3148 5839//3148
f 5069//3149 5066//3149 5842//3149 5840//3149
f 5066//3150 5067//3150 5844//3150 5842//3150
f 5843//3151 5845//3151 5847//3151 5844//3151
f 5846//3152 5841//3152 5840//3152 5847//3152
f 4685//3153 4689//3153 5705//3153 5697//3153
f 4692//3154 4686//3154 5698//3154 5702//3154
f 4808//3155 4810//3155 5728//3155 5722//3155
f 4809//3156 4807//3156 5723//3156 5726//3156
f 4826//3157 4828//3157 5741//3157 5732//3157
f 4827//3158 4823//3158 5734//3158 5740//3158
f 4838//3159 4825//3159 5738//3159 5745//3159
f 4824//3160 4839//3160 5747//3160 5736//3160
f 4845//3161 4683//3161 5693//3161 5752//3161
f 4684//3162 4842//3162 5755//3162 5692//3162
f 4856//3163 4844//3163 5759//3163 5763//3163
f 4843//3164 4857//3164 5765//3164 5758//3164
f 4880//3165 4840//3165 5750//3165 5773//3165
f 4839//3166 4881//3166 5774//3166 5748//3166
f 4893//3167 4895//3167 5784//3167 5780//3167
f 4898//3168 4894//3168 5781//3168 5782//3168
f 4844//3169 4721//3169 5718//3169 5760//3169
f 4720//3170 4845//3170 5754//3170 5716//3170
f 4909//3171 4688//3171 5695//3171 5793//3171
f 4687//3172 4910//3172 5795//3172 5701//3172
f 4890//3173 4951//3173 5810//3173 5778//3173
f 4954//3174 4889//3174 5779//3174 5808//3174
f 4857//3175 4837//3175 5743//3175 5766//3175
f 4836//3176 4858//3176 5768//3176 5742//3176
f 5031//3177 5022//3177 5817//3177 5826//3177
f 5021//3178 5032//3178 5827//3178 5823//3178
f 5019//3179 4930//3179 5800//3179 5818//3179
f 4929//3180 5020//3180 5820//3180 5806//3180
f 4765//3181 4692//3181 5704//3181 5720//3181
f 4691//3182 4766//3182 5721//3182 5710//3182
f 4689//3183 4883//3183 5771//3183 5706//3183
f 4882//3184 4690//3184 5708//3184 5777//3184
f 5050//3185 5033//3185 5830//3185 5838//3185
f 5032//3186 5051//3186 5833//3186 5828//3186
f 4811//3187 5069//3187 5841//3187 5731//3187
f 5068//3188 4812//3188 5725//3188 5846//3188
f 5067//3189 4909//3189 5792//3189 5843//3189
f 4912//3190 5068//3190 5845//3190 5790//3190
f 4952//3191 4929//3191 5805//3191 5812//3191
f 4928//3192 4953//3192 5814//3192 5803//3192
f 5049//3193 4719//3193 5714//3193 5835//3193
f 4722//3194 5050//3194 5837//3194 5712//3194
f 4930//3195 4896//3195 5787//3195 5798//3195
f 4895//3196 4927//3196 5801//3196 5785//3196
usemtl grate
f 3653//683 3654//683 3655//683 3656//683
f 3657//683 3658//683 3659//683 3660//683
f 3661//683 3662//683 3663//683 3664//683
f 3422//638 3426//638 3487//638 3486//638
f 3426//638 3428//638 3489//638 3487//638
f 3428//638 3430//638 3491//638 3489//638
f 3430//638 3432//638 3493//638 3491//638
f 3432//638 3434//638 3495//638 3493//638
f 3434//638 3436//638 3497//638 3495//638
f 3436//638 3438//638 3499//638 3497//638
f 3438//638 3440//638 3501//638 3499//638
f 3440//638 3442//638 3503//638 3501//638
f 3442//638 3444//638 3505//638 3503//638
f 3444//638 3446//638 3507//638 3505//638
f 3446//638 3448//638 3509//638 3507//638
f 3448//638 3450//638 3511//638 3509//638
f 3450//638 3452//638 3513//638 3511//638
f 3452//638 3454//638 3515//638 3513//638
f 3454//638 3456//638 3517//638 3515//638
f 3456//638 3458//638 3519//638 3517//638
f 3458//638 3460//638 3521//638 3519//638
f 3460//638 3462//638 3523//638 3521//638
f 3462//638 3464//638 3525//638 3523//638
f 3464//638 3466//638 3527//638 3525//638
f 3466//638 3468//638 3529//638 3527//638
f 3468//638 3470//638 3531//638 3529//638
f 3470//638 3472//638 3533//638 3531//638
f 3472//638 3474//638 3535//638 3533//638
f 3474//638 3476//638 3537//638 3535//638
f 3476//638 3478//638 3539//638 3537//638
f 3478//638 3480//638 3541//638 3539//638
f 3480//638 3482//638 3543//638 3541//638
f 3482//638 3484//638 3545//638 3543//638
f 3484//638 3423//638 3547//638 3545//638
f 3486//638 3547//638 3423//638 3422//638
f 3619//683 3618//683 3615//683 3614//683
f 3630//683 3635//683 3634//683 3631//683
f 3579//683 3578//683 3575//683 3574//683
f 3555//683 3554//683 3551//683 3550//683
f 3627//683 3626//683 3623//683 3622//683
f 3598//683 3603//683 3602//683 3599//683
f 3566//683 3571//683 3570//683 3567//683
f 3563//683 3562//683 3559//683 3558//683
f 3646//683 3651//683 3650//683 3647//683
f 3611//683 3610//683 3607//683 3606//683
f 3590//683 3595//683 3594//683 3591//683
f 3643//683 3642//683 3639//683 3638//683
f 3587//683 3586//683 3583//683 3582//683
usemtl metal
f 2654//606 2655//606 2656//606 2657//606
f 2658//599 2659//599 2660//599 2661//599
f 2662//601 2663//601 2664//601 2665//601
f 2666//603 2667//603 2668//603 2669//603
f 2670//605 2671//605 2672//605 2673//605
f 2674//607 2675//607 2676//607 2677//607
f 2678//618 2679//618 2680//618 2681//618
f 2682//620 2683//620 2684//620 2685//620
f 2686//613 2687//613 2688//613 2689//613
f 2690//615 2691//615 2692//615 2693//615
f 2694//595 2695//595 2696//595 2697//595
f 2698//619 2699//619 2700//619 2701//619
f 2702//623 2703//623 2704//623 2705//623
f 2706//625 2707//625 2708//625 2709//625
f 2734//649 2772//649 2773//649 2774//649
f 2775//620 2776//620 2777//620 2778//620
f 2779//600 2780//600 2781//600 2782//600
f 2783//602 2784//602 2785//602 2786//602
f 2746//650 2787//650 2788//650 2743//650
f 3073//665 3074//665 3075//665 3076//665
f 3077//785 3078//785 3079//785 3080//785
f 3081//786 3082//786 3083//786 3084//786
f 3085//787 3086//787 3087//787 3088//787
f 3089//673 3090//673 3091//673 3092//673
f 3093//788 3094//788 3095//788 3096//788
f 3097//789 3098//789 3099//789 3100//789
f 3101//790 3102//790 3103//790 3104//790
f 3105//681 3106//681 3107//681 3108//681
f 3109//791 3110//791 3111//791 3112//791
f 3113//785 3114//785 3115//785 3116//785
f 3117//667 3118//667 3119//667 3120//667
f 3121//657 3122//657 3123//657 3124//657
f 3125//792 3126//792 3127//792 3128//792
f 3129//788 3130//788 3131//788 3132//788
f 3133//675 3134//675 3135//675 3136//675
f 3153//638 3154//638 3155//638 3156//638
f 3157//638 3158//638 3159//638 3160//638
f 3161//683 3162//683 3163//683 3164//683
f 3165//683 3166//683 3162//683 3161//683
f 3167//638 3168//638 3169//638 3170//638
f 3171//683 3164//683 3163//683 3172//683
f 3173//638 3174//638 3175//638 3176//638
f 3177//638 3178//638 3179//638 3180//638
f 3181//683 3182//683 3166//683 3165//683
f 3183//638 3184//638 3185//638 3186//638
f 3156//638 3187//638 3188//638 3153//638
f 3187//638 3175//638 3174//638 3188//638
f 3176//638 3189//638 3173//638
f 3170//638 3190//638 3191//638 3167//638
f 3190//638 3185//638 3184//638 3191//638
f 3186//638 3192//638 3183//638
f 3193//594 3194//595 3195//595 3196//594
f 3196//594 3197//596 3198//596 3193//594
f 3194//595 3199//625 3200//625 3195//595
f 3199//625 3201//624 3202//624 3200//625
f 3197//596 3203//796 3204//796 3198//596
f 3201//624 3205//797 3206//797 3202//624
f 3160//638 3207//638 3208//638 3157//638
f 3207//638 3179//638 3178//638 3208//638
f 3172//683 3209//683 3171//683
f 3180//638 3210//638 3177//638
f 3211//638 3159//638 3158//638
f 3212//683 3182//683 3181//683
f 3213//638 3169//638 3168//638
f 3214//638 3155//638 3154//638
f 3215//606 3216//606 3217//605 3218//605
f 3219//607 3220//608 3221//608 3222//607
f 3219//607 3222//607 3216//606 3215//606
f 3220//608 3223//609 3224//609 3221//608
f 3225//614 3226//614 3227//613 3228//613
f 3229//615 3230//616 3231//616 3232//615
f 3229//615 3232//615 3226//614 3225//614
f 3230//616 3233//617 3234//617 3231//616
f 3235//622 3236//622 3237//621 3238//621
f 3239//623 3240//624 3241//624 3242//623
f 3239//623 3242//623 3236//622 3235//622
f 3240//624 3243//625 3244//625 3241//624
f 3245//598 3246//598 3247//597 3248//597
f 3249//599 3250//600 3251//600 3252//599
f 3249//599 3252//599 3246//598 3245//598
f 3250//600 3253//601 3254//601 3251//600
f 3255//603 3256//603 3257//604 3258//604
f 3258//604 3257//604 3259//605 3260//605
f 3260//605 3259//605 3261//606 3262//606
f 3262//606 3261//606 3263//607 3264//607
f 3264//607 3263//607 3265//608 3266//608
f 3266//608 3265//608 3267//609 3268//609
f 3268//609 3267//609 3269//610 3270//610
f 3270//610 3269//610 3271//611 3272//611
f 3272//611 3271//611 3273//612 3274//612
f 3274//612 3273//612 3275//613 3276//613
f 3276//613 3275//613 3277//614 3278//614
f 3278//614 3277//614 3279//615 3280//615
f 3280//615 3279//615 3281//616 3282//616
f 3282//616 3281//616 3283//617 3284//617
f 3284//617 3283//617 3285//618 3286//618
f 3286//618 3285//618 3287//619 3288//619
f 3288//619 3287//619 3289//620 3290//620
f 3290//620 3289//620 3291//621 3292//621
f 3292//621 3291//621 3293//622 3294//622
f 3294//622 3293//622 3295//623 3296//623
f 3296//623 3295//623 3297//624 3298//624
f 3298//624 3297//624 3299//625 3300//625
f 3300//625 3299//625 3301//595 3302//595
f 3302//595 3301//595 3303//594 3304//594
f 3304//594 3303//594 3305//596 3306//596
f 3306//596 3305//596 3307//597 3308//597
f 3308//597 3307//597 3309//598 3310//598
f 3310//598 3309//598 3311//599 3312//599
f 3312//599 3311//599 3313//600 3314//600
f 3314//600 3313//600 3315//601 3316//601
f 3316//601 3315//601 3317//602 3318//602
f 3318//602 3317//602 3256//603 3255//603
f 3319//683 3320//683 3321//683
f 3322//683 3320//683 3319//683
f 3323//683 3320//683 3322//683
f 3324//683 3320//683 3323//683
f 3325//683 3320//683 3324//683
f 3326//683 3320//683 3325//683
f 3327//683 3320//683 3326//683
f 3328//683 3320//683 3327//683
f 3329//683 3320//683 3328//683
f 3330//683 3320//683 3329//683
f 3331//683 3320//683 3330//683
f 3332//683 3320//683 3331//683
f 3333//683 3320//683 3332//683
f 3334//683 3320//683 3333//683
f 3335//683 3320//683 3334//683
f 3336//683 3320//683 3335//683
f 3337//683 3320//683 3336//683
f 3338//683 3320//683 3337//683
f 3339//683 3320//683 3338//683
f 3340//683 3320//683 3339//683
f 3341//683 3320//683 3340//683
f 3342//683 3320//683 3341//683
f 3343//683 3320//683 3342//683
f 3344//683 3320//683 3343//683
f 3345//683 3320//683 3344//683
f 3346//683 3320//683 3345//683
f 3347//683 3320//683 3346//683
f 3348//683 3320//683 3347//683
f 3349//683 3320//683 3348//683
f 3350//683 3320//683 3349//683
f 3351//683 3320//683 3350//683
f 3321//683 3320//683 3351//683
f 3223//609 3358//610 3359//610 3224//609
f 3358//610 3360//611 3361//611 3359//610
f 3360//611 3362//612 3363//612 3361//611
f 3362//612 3228//613 3227//613 3363//612
f 3368//603 3369//604 3370//604 3371//603
f 3369//604 3218//605 3217//605 3370//604
f 3253//601 3372//602 3373//602 3254//601
f 3243//625 3378//595 3379//595 3244//625
f 3378//595 3380//594 3381//594 3379//595
f 3380//594 3382//596 3383//596 3381//594
f 3382//596 3248//597 3247//597 3383//596
f 3233//617 3384//618 3385//618 3234//617
f 3384//618 3386//619 3387//619 3385//618
f 3386//619 3388//620 3389//620 3387//619
f 3388//620 3238//621 3237//621 3389//620
f 3485//628 3486//628 3487//629 3488//629
f 3488//629 3487//629 3489//630 3490//630
f 3490//630 3489//630 3491//821 3492//821
f 3492//821 3491//821 3493//801 3494//801
f 3494//801 3493//801 3495//822 3496//822
f 3496//822 3495//822 3497//823 3498//823
f 3498//823 3497//823 3499//832 3500//832
f 3500//832 3499//832 3501//825 3502//825
f 3502//825 3501//825 3503//833 3504//833
f 3504//833 3503//833 3505//827 3506//827
f 3506//827 3505//827 3507//828 3508//828
f 3508//828 3507//828 3509//829 3510//829
f 3510//829 3509//829 3511//830 3512//830
f 3512//830 3511//830 3513//831 3514//831
f 3514//831 3513//831 3515//834 3516//834
f 3516//834 3515//834 3517//804 3518//804
f 3518//804 3517//804 3519//806 3520//806
f 3520//806 3519//806 3521//807 3522//807
f 3522//807 3521//807 3523//808 3524//808
f 3524//808 3523//808 3525//809 3526//809
f 3526//809 3525//809 3527//810 3528//810
f 3528//810 3527//810 3529//811 3530//811
f 3530//811 3529//811 3531//835 3532//835
f 3532//835 3531//835 3533//813 3534//813
f 3534//813 3533//813 3535//836 3536//836
f 3536//836 3535//836 3537//815 3538//815
f 3538//815 3537//815 3539//816 3540//816
f 3540//816 3539//816 3541//817 3542//817
f 3542//817 3541//817 3543//818 3544//818
f 3544//818 3543//818 3545//627 3546//627
f 3546//627 3545//627 3547//626 3548//626
f 3548//626 3547//626 3486//628 3485//628
f 3549//837 3550//837 3551//837 3552//837
f 3553//838 3554//838 3555//838 3556//838
f 3557//839 3558//839 3559//839 3560//839
f 3561//840 3562//840 3563//840 3564//840
f 3565//671 3566//671 3567//671 3568//671
f 3569//655 3570//655 3571//655 3572//655
f 3573//841 3574//841 3575//841 3576//841
f 3577//842 3578//842 3579//842 3580//842
f 3581//843 3582//843 3583//843 3584//843
f 3585//844 3586//844 3587//844 3588//844
f 3589//677 3590//677 3591//677 3592//677
f 3593//661 3594//661 3595//661 3596//661
f 3597//679 3598//679 3599//679 3600//679
f 3601//663 3602//663 3603//663 3604//663
f 3605//845 3606//845 3607//845 3608//845
f 3609//846 3610//846 3611//846 3612//846
f 3613//847 3614//847 3615//847 3616//847
f 3617//848 3618//848 3619//848 3620//848
f 3621//849 3622//849 3623//849 3624//849
f 3625//850 3626//850 3627//850 3628//850
f 3629//659 3630//659 3631//659 3632//659
f 3633//675 3634//675 3635//675 3636//675
f 3637//851 3638//851 3639//851 3640//851
f 3641//852 3642//852 3643//852 3644//852
f 3645//665 3646//665 3647//665 3648//665
f 3649//681 3650//681 3651//681 3652//681
f 3371//603 3373//602 3372//602 3368//603
f 3818//604 3819//604 2774//604 2773//604
f 2659//608 2768//608 2771//608 2660//608
f 2663//610 2764//610 2767//610 2664//610
f 2671//614 2756//614 2759//614 2672//614
f 2782//609 2678//609 2681//609 2779//609
f 2786//611 2682//611 2685//611 2783//611
f 2687//622 2752//622 2755//622 2688//622
f 2691//624 2748//624 2751//624 2692//624
f 3820//617 2694//617 2697//617 3821//617
f 2699//596 2744//596 2747//596 2700//596
f 3822//598 2740//598 2743//598 2788//598
f 2703//600 2736//600 2739//600 2704//600
f 2707//602 2732//602 2735//602 2708//602
f 2772//618 2734//618 2733//618 3849//618
f 2776//882 2775//882 2657//882 2656//882
f 2661//622 3850//622 3851//622 2658//622
f 2665//624 2770//624 2769//624 2662//624
f 2766//883 2669//883 2668//883 2763//883
f 2673//596 2762//596 2761//596 2670//596
f 2758//884 2677//884 2676//884 3848//884
f 2693//606 2754//606 2753//606 2690//606
f 2787//612 2746//612 2745//612 3852//612
f 2705//614 2742//614 2741//614 2702//614
f 2709//616 2738//616 2737//616 2706//616
f 3080//890 3079//890 3074//890 3073//890
f 3076//891 3075//891 3078//891 3077//891
f 3100//792 3099//792 3102//792 3101//792
f 3104//659 3103//659 3098//659 3097//659
f 3120//787 3119//787 3114//787 3113//787
f 3116//786 3115//786 3118//786 3117//786
f 3128//892 3127//892 3122//892 3121//892
f 3124//893 3123//893 3126//893 3125//893
f 3055//683 3875//683 3876//683 3033//683
f 3029//683 3877//683 3875//683 3055//683
f 3024//638 3026//638 3197//638 3196//638
f 3053//683 3194//683 3193//683 3049//683
f 3045//683 3199//683 3194//683 3053//683
f 3050//683 3049//683 3193//683 3198//683
f 3034//683 3033//683 3876//683 3878//683
f 3028//683 3879//683 3877//683 3029//683
f 3020//638 3019//638 3200//638 3202//638
f 3044//683 3201//683 3199//683 3045//683
f 3878//683 3880//683 3034//683
f 3881//611 3882//610 3190//610 3170//611
f 3170//611 3169//612 3883//612 3881//611
f 3882//610 3884//609 3185//609 3190//610
f 3884//609 3885//608 3186//608 3185//609
f 3169//612 3213//894 3886//894 3883//612
f 3885//608 3887//895 3192//895 3186//608
f 3196//638 3195//638 3022//638 3024//638
f 3195//638 3200//638 3019//638 3022//638
f 3198//683 3204//683 3050//683
f 3202//638 3206//638 3020//638
f 3163//619 3162//618 3207//618 3160//619
f 3160//619 3159//620 3172//620 3163//619
f 3162//618 3166//617 3179//617 3207//618
f 3166//617 3182//616 3180//616 3179//617
f 3159//620 3211//896 3209//896 3172//620
f 3182//616 3212//897 3210//897 3180//616
f 3205//683 3201//683 3044//683
f 3203//638 3197//638 3026//638
f 3888//683 3879//683 3028//683
f 3258//898 3260//899 3323//899 3322//898
f 3260//899 3262//900 3324//900 3323//899
f 3262//900 3264//901 3325//901 3324//900
f 3264//901 3266//902 3326//902 3325//901
f 3266//902 3268//903 3327//903 3326//902
f 3268//903 3270//904 3328//904 3327//903
f 3270//904 3272//905 3329//905 3328//904
f 3272//905 3274//906 3330//906 3329//905
f 3274//906 3276//907 3331//907 3330//906
f 3276//907 3278//908 3332//908 3331//907
f 3278//908 3280//909 3333//909 3332//908
f 3280//909 3282//910 3334//910 3333//909
f 3282//910 3284//911 3335//911 3334//910
f 3284//911 3286//912 3336//912 3335//911
f 3286//912 3288//913 3337//913 3336//912
f 3288//913 3290//914 3338//914 3337//913
f 3290//914 3292//915 3339//915 3338//914
f 3292//915 3294//916 3340//916 3339//915
f 3294//916 3296//917 3341//917 3340//916
f 3296//917 3298//918 3342//918 3341//917
f 3298//918 3300//919 3343//919 3342//918
f 3300//919 3302//920 3344//920 3343//919
f 3302//920 3304//921 3345//921 3344//920
f 3304//921 3306//922 3346//922 3345//921
f 3306//922 3308//923 3347//923 3346//922
f 3308//923 3310//924 3348//924 3347//923
f 3310//924 3312//925 3349//925 3348//924
f 3312//925 3314//926 3350//926 3349//925
f 3314//926 3316//927 3351//927 3350//926
f 3316//927 3318//928 3321//928 3351//927
f 3318//928 3255//929 3319//929 3321//928
f 3322//898 3319//929 3255//929 3258//898
f 3485//638 3908//638 3548//638
f 3488//638 3908//638 3485//638
f 3490//638 3908//638 3488//638
f 3492//638 3908//638 3490//638
f 3494//638 3908//638 3492//638
f 3496//638 3908//638 3494//638
f 3498//638 3908//638 3496//638
f 3500//638 3908//638 3498//638
f 3502//638 3908//638 3500//638
f 3504//638 3908//638 3502//638
f 3506//638 3908//638 3504//638
f 3508//638 3908//638 3506//638
f 3510//638 3908//638 3508//638
f 3512//638 3908//638 3510//638
f 3514//638 3908//638 3512//638
f 3516//638 3908//638 3514//638
f 3518//638 3908//638 3516//638
f 3520//638 3908//638 3518//638
f 3522//638 3908//638 3520//638
f 3524//638 3908//638 3522//638
f 3526//638 3908//638 3524//638
f 3528//638 3908//638 3526//638
f 3530//638 3908//638 3528//638
f 3532//638 3908//638 3530//638
f 3534//638 3908//638 3532//638
f 3536//638 3908//638 3534//638
f 3538//638 3908//638 3536//638
f 3540//638 3908//638 3538//638
f 3542//638 3908//638 3540//638
f 3544//638 3908//638 3542//638
f 3546//638 3908//638 3544//638
f 3548//638 3908//638 3546//638
f 3556//667 3555//667 3550//667 3549//667
f 3552//651 3551//651 3554//651 3553//651
f 3564//669 3563//669 3558//669 3557//669
f 3560//653 3559//653 3562//653 3561//653
f 3568//940 3567//940 3570//940 3569//940
f 3572//941 3571//941 3566//941 3565//941
f 3588//675 3587//675 3582//675 3581//675
f 3584//659 3583//659 3586//659 3585//659
f 3592//942 3591//942 3594//942 3593//942
f 3596//943 3595//943 3590//943 3589//943
f 3600//944 3599//944 3602//944 3601//944
f 3604//945 3603//945 3598//945 3597//945
f 3909//946 3660//946 3659//946 3910//946
f 3911//947 3658//947 3657//947 3912//947
f 3612//651 3611//651 3606//651 3605//651
f 3608//667 3607//667 3610//667 3609//667
f 3913//655 3653//655 3656//655 3914//655
f 3915//671 3655//671 3654//671 3916//671
f 3628//657 3627//657 3622//657 3621//657
f 3624//673 3623//673 3626//673 3625//673
f 3917//661 3661//661 3664//661 3918//661
f 3919//677 3663//677 3662//677 3920//677
f 3644//663 3643//663 3638//663 3637//663
f 3640//679 3639//679 3642//679 3641//679
f 3648//948 3647//948 3650//948 3649//948
f 3652//949 3651//949 3646//949 3645//949
f 3849//594 3818//594 2773//594 2772//594
f 2778//597 2654//597 2657//597 2775//597
f 2667//612 2760//612 2763//612 2668//612
f 2675//616 3847//616 3848//616 2676//616
f 3852//621 3822//621 2788//621 2787//621
f 3850//968 2661//968 2660//968 2771//968
f 2770//969 2665//969 2664//969 2767//969
f 2669//595 2766//595 2765//595 2666//595
f 2762//970 2673//970 2672//970 2759//970
f 2677//598 2758//598 2757//598 2674//598
f 2780//971 2779//971 2681//971 2680//971
f 2784//972 2783//972 2685//972 2684//972
f 2689//604 3846//604 3845//604 2686//604
f 2754//973 2693//973 2692//973 2751//973
f 3821//608 2750//608 2749//608 3820//608
f 3844//974 2701//974 2700//974 2747//974
f 2742//975 2705//975 2704//975 2739//975
f 2738//976 2709//976 2708//976 2735//976
f 3084//791 3083//791 3086//791 3085//791
f 3088//651 3087//651 3082//651 3081//651
f 3096//893 3095//893 3090//893 3089//893
f 3092//892 3091//892 3094//892 3093//892
f 3112//891 3111//891 3106//891 3105//891
f 3108//890 3107//890 3110//890 3109//890
f 3136//790 3135//790 3130//790 3129//790
f 3132//789 3131//789 3134//789 3133//789
f 3580//673 3579//673 3574//673 3573//673
f 3576//657 3575//657 3578//657 3577//657
f 3912//681 3657//681 3660//681 3909//681
f 3910//665 3659//665 3658//665 3911//665
f 3620//653 3619//653 3614//653 3613//653
f 3616//669 3615//669 3618//669 3617//669
f 3914//1018 3656//1018 3655//1018 3915//1018
f 3916//1019 3654//1019 3653//1019 3913//1019
f 3632//1020 3631//1020 3634//1020 3633//1020
f 3636//1021 3635//1021 3630//1021 3629//1021
f 3918//1022 3664//1022 3663//1022 3919//1022
f 3920//1023 3662//1023 3661//1023 3917//1023
f 3846//1405 2689//1405 2688//1405 2755//1405
f 2750//1406 3821//1406 2697//1406 2696//1406
f 2701//610 3844//610 3843//610 2698//610
f 3051//683 3882//683 3881//683 3041//683
f 3037//683 3884//683 3882//683 3051//683
f 3042//683 3041//683 3881//683 3883//683
f 3036//683 3885//683 3884//683 3037//683
f 3876//603 3875//602 3187//602 3156//603
f 3156//603 3155//604 3878//604 3876//603
f 3875//602 3877//601 3175//601 3187//602
f 3877//601 3879//600 3176//600 3175//601
f 3155//604 3214//1407 3880//1407 3878//604
f 3879//600 3888//1408 3189//1408 3176//600
f 3883//683 3886//683 3042//683
f 3887//683 3885//683 3036//683
f 3849//638 2733//638 3819//638 3818//638
f 2778//638 2777//638 2655//638 2654//638
f 2658//638 3851//638 2768//638 2659//638
f 2662//638 2769//638 2764//638 2663//638
f 2666//638 2765//638 2760//638 2667//638
f 2670//638 2761//638 2756//638 2671//638
f 2674//638 2757//638 3847//638 2675//638
f 2782//638 2781//638 2679//638 2678//638
f 2786//638 2785//638 2683//638 2682//638
f 2686//638 3845//638 2752//638 2687//638
f 2690//638 2753//638 2748//638 2691//638
f 3820//638 2749//638 2695//638 2694//638
f 2698//638 3843//638 2744//638 2699//638
f 3852//638 2745//638 2740//638 3822//638
f 2702//638 2741//638 2736//638 2703//638
f 2706//638 2737//638 2732//638 2707//638
f 4251//1462 4252//1462 4196//1462 4195//1462
f 4197//1463 4198//1463 4254//1463 4253//1463
f 4255//1464 4256//1464 4200//1464 4199//1464
f 4201//1465 4202//1465 4258//1465 4257//1465
f 4259//1466 4260//1466 4204//1466 4203//1466
f 4205//1467 4206//1467 4262//1467 4261//1467
f 4207//1468 4208//1468 4264//1468 4263//1468
f 4265//1469 4266//1469 4210//1469 4209//1469
f 4216//1470 4264//1471 4208//1471 4160//1472
f 4159//1473 4207//1474 4263//1474 4215//1475
f 4245//1476 4262//1477 4206//1477 4189//1478
f 4190//1479 4205//1480 4261//1480 4246//1481
f 4221//1482 4258//1483 4202//1483 4165//1484
f 4166//1485 4201//1486 4257//1486 4222//1487
f 4213//1488 4254//1489 4198//1489 4157//1490
f 4158//1491 4197//1492 4253//1492 4214//1493
f 4252//1494 4249//1495 4193//1496 4196//1494
f 4195//1497 4194//1498 4250//1499 4251//1497
f 4249//1495 4235//1500 4179//1501 4193//1496
f 4194//1498 4180//1502 4236//1503 4250//1499
f 4235//1500 4233//1504 4177//1504 4179//1501
f 4180//1502 4178//1505 4234//1505 4236//1503
f 4233//1504 4231//1506 4175//1507 4177//1504
f 4178//1505 4176//1508 4232//1509 4234//1505
f 4231//1506 4213//1488 4157//1490 4175//1507
f 4176//1508 4158//1491 4214//1493 4232//1509
f 4256//1510 4211//1511 4155//1512 4200//1510
f 4199//1513 4156//1514 4212//1515 4255//1513
f 4211//1511 4217//1516 4161//1517 4155//1512
f 4156//1514 4162//1518 4218//1519 4212//1515
f 4217//1516 4227//1520 4171//1520 4161//1517
f 4162//1518 4172//1521 4228//1521 4218//1519
f 4227//1520 4225//1522 4169//1523 4171//1520
f 4172//1521 4170//1524 4226//1525 4228//1521
f 4225//1522 4221//1482 4165//1484 4169//1523
f 4170//1524 4166//1485 4222//1487 4226//1525
f 4260//1526 4229//1527 4173//1528 4204//1526
f 4203//1529 4174//1530 4230//1531 4259//1529
f 4229//1527 4241//1532 4185//1533 4173//1528
f 4174//1530 4186//1534 4242//1535 4230//1531
f 4241//1532 4239//1536 4183//1536 4185//1533
f 4186//1534 4184//1537 4240//1537 4242//1535
f 4239//1536 4243//1538 4187//1539 4183//1536
f 4184//1537 4188//1540 4244//1541 4240//1537
f 4243//1538 4245//1476 4189//1478 4187//1539
f 4188//1540 4190//1479 4246//1481 4244//1541
f 4266//1542 4237//1543 4181//1544 4210//1542
f 4209//1545 4182//1546 4238//1547 4265//1545
f 4237//1543 4223//1548 4167//1549 4181//1544
f 4182//1546 4168//1550 4224//1551 4238//1547
f 4223//1548 4219//1552 4163//1552 4167//1549
f 4168//1550 4164//1553 4220//1553 4224//1551
f 4219//1552 4247//1554 4191//1555 4163//1552
f 4164//1553 4192//1556 4248//1557 4220//1553
f 4247//1554 4216//1470 4160//1472 4191//1555
f 4192//1556 4159//1473 4215//1475 4248//1557
f 4363//1558 4299//1559 4364//1559 4362//1558
f 4300//1560 4363//1558 4362//1558 4365//1560
f 4367//1561 4364//1559 4299//1559 4366//1561
f 4366//1561 4300//1560 4365//1560 4367//1561
f 4301//1562 4369//1563 4370//1563 4368//1562
f 4303//1564 4301//1562 4368//1562 4371//1564
f 4372//1565 4370//1563 4369//1563 4302//1565
f 4302//1565 4303//1564 4371//1564 4372//1565
f 4374//1566 4375//1567 4304//1567 4373//1566
f 4305//1568 4304//1567 4375//1567 4376//1568
f 4378//1569 4374//1566 4373//1566 4377//1569
f 4379//1570 4380//1571 4312//1571 4313//1570
f 4382//1572 4383//1573 4306//1573 4381//1572
f 4385//1574 4306//1573 4383//1573 4384//1574
f 4386//1575 4382//1572 4381//1572 4307//1575
f 4387//1564 4388//1565 4316//1565 4317//1564
f 4390//1576 4391//1577 4392//1577 4389//1576
f 4394//1578 4392//1577 4391//1577 4393//1578
f 4395//1579 4390//1576 4389//1576 4308//1579
f 4396//1580 4397//1581 4339//1581 4340//1580
f 4309//1582 4399//1583 4400//1583 4398//1582
f 4311//1584 4309//1582 4398//1582 4401//1584
f 4402//1585 4400//1583 4399//1583 4310//1585
f 4310//1585 4311//1584 4401//1584 4402//1585
f 4404//1586 4405//1587 4406//1587 4403//1586
f 4408//1588 4404//1586 4403//1586 4407//1588
f 4410//1589 4406//1587 4405//1587 4409//1589
f 4409//1589 4408//1588 4407//1588 4410//1589
f 4412//1590 4413//1591 4414//1591 4411//1590
f 4313//1570 4414//1591 4413//1591 4379//1570
f 4380//1571 4412//1590 4411//1590 4312//1571
f 4415//1592 4416//1593 4417//1593 4315//1592
f 4419//1594 4420//1595 4421//1595 4418//1594
f 4314//1596 4421//1595 4420//1595 4422//1596
f 4424//1597 4419//1594 4418//1594 4423//1597
f 4426//1598 4427//1599 4320//1599 4425//1598
f 4429//1600 4430//1601 4431//1601 4428//1600
f 4315//1592 4431//1601 4430//1601 4415//1592
f 4416//1593 4429//1600 4428//1600 4417//1593
f 4422//1596 4424//1597 4423//1597 4314//1596
f 4433//1563 4434//1562 4435//1562 4432//1563
f 4317//1564 4435//1562 4434//1562 4387//1564
f 4388//1565 4433//1563 4432//1563 4316//1565
f 4437//1602 4438//1603 4324//1603 4436//1602
f 4439//1604 4440//1605 4318//1605 4319//1604
f 4425//1598 4318//1605 4440//1605 4426//1598
f 4427//1599 4439//1604 4319//1604 4320//1599
f 4442//1606 4443//1607 4444//1607 4441//1606
f 4446//1608 4447//1609 4448//1609 4445//1608
f 4450//1610 4448//1609 4447//1609 4449//1610
f 4451//1611 4446//1608 4445//1608 4321//1611
f 4453//1560 4454//1561 4455//1561 4452//1560
f 4456//1612 4457//1613 4322//1613 4323//1612
f 4436//1602 4322//1613 4457//1613 4437//1602
f 4438//1603 4456//1612 4323//1612 4324//1603
f 4458//1614 4459//1615 4333//1615 4334//1614
f 4461//1616 4462//1617 4463//1617 4460//1616
f 4441//1606 4463//1617 4462//1617 4442//1606
f 4443//1607 4461//1616 4460//1616 4444//1607
f 4384//1574 4386//1575 4307//1575 4385//1574
f 4465//1618 4325//1619 4466//1619 4464//1618
f 4327//1580 4465//1618 4464//1618 4467//1580
f 4468//1581 4466//1619 4325//1619 4326//1581
f 4326//1581 4327//1580 4467//1580 4468//1581
f 4470//1583 4471//1582 4472//1582 4469//1583
f 4328//1584 4472//1582 4471//1582 4473//1584
f 4475//1585 4470//1583 4469//1583 4474//1585
f 4473//1584 4475//1585 4474//1585 4328//1584
f 4476//1587 4477//1586 4329//1586 4330//1587
f 4331//1588 4329//1586 4477//1586 4478//1588
f 4480//1589 4476//1587 4330//1587 4479//1589
f 4376//1568 4378//1569 4377//1569 4305//1568
f 4481//1559 4482//1558 4483//1558 4332//1559
f 4452//1560 4483//1558 4482//1558 4453//1560
f 4454//1561 4481//1559 4332//1559 4455//1561
f 4393//1578 4395//1579 4308//1579 4394//1578
f 4485//1620 4486//1621 4487//1621 4484//1620
f 4334//1614 4487//1621 4486//1621 4458//1614
f 4459//1615 4485//1620 4484//1620 4333//1615
f 4478//1588 4480//1589 4479//1589 4331//1588
f 4335//1621 4336//1620 4489//1620 4488//1621
f 4337//1614 4335//1621 4488//1621 4490//1614
f 4492//1615 4489//1620 4336//1620 4491//1615
f 4491//1615 4337//1614 4490//1614 4492//1615
f 4493//1619 4494//1618 4495//1618 4338//1619
f 4340//1580 4495//1618 4494//1618 4396//1580
f 4397//1581 4493//1619 4338//1619 4339//1581
f 4449//1610 4451//1611 4321//1611 4450//1610
f 4341//1591 4497//1590 4498//1590 4496//1591
f 4342//1570 4341//1591 4496//1591 4499//1570
f 4501//1571 4498//1590 4497//1590 4500//1571
f 4500//1571 4342//1570 4499//1570 4501//1571
f 4503//1573 4343//1572 4504//1572 4502//1573
f 4506//1574 4503//1573 4502//1573 4505//1574
f 4507//1575 4504//1572 4343//1572 4344//1575
f 4344//1575 4506//1574 4505//1574 4507//1575
f 4345//1567 4346//1566 4509//1566 4508//1567
f 4348//1568 4345//1567 4508//1567 4510//1568
f 4511//1569 4509//1566 4346//1566 4347//1569
f 4347//1569 4348//1568 4510//1568 4511//1569
f 4513//1613 4514//1612 4515//1612 4512//1613
f 4517//1602 4513//1613 4512//1613 4516//1602
f 4518//1603 4515//1612 4514//1612 4349//1603
f 4349//1603 4517//1602 4516//1602 4518//1603
f 4520//1601 4350//1600 4521//1600 4519//1601
f 4523//1592 4520//1601 4519//1601 4522//1592
f 4525//1593 4521//1600 4350//1600 4524//1593
f 4524//1593 4523//1592 4522//1592 4525//1593
f 4351//1609 4352//1608 4527//1608 4526//1609
f 4529//1610 4351//1609 4526//1609 4528//1610
f 4531//1611 4527//1608 4352//1608 4530//1611
f 4530//1611 4529//1610 4528//1610 4531//1611
f 4353//1617 4533//1616 4534//1616 4532//1617
f 4355//1606 4353//1617 4532//1617 4535//1606
f 4536//1607 4534//1616 4533//1616 4354//1607
f 4354//1607 4355//1606 4535//1606 4536//1607
f 4356//1595 4538//1594 4539//1594 4537//1595
f 4541//1596 4356//1595 4537//1595 4540//1596
f 4542//1597 4539//1594 4538//1594 4357//1597
f 4357//1597 4541//1596 4540//1596 4542//1597
f 4358//1605 4359//1604 4544//1604 4543//1605
f 4546//1598 4358//1605 4543//1605 4545//1598
f 4548//1599 4544//1604 4359//1604 4547//1599
f 4547//1599 4546//1598 4545//1598 4548//1599
f 4550//1577 4360//1576 4551//1576 4549//1577
f 4553//1578 4550//1577 4549//1577 4552//1578
f 4554//1579 4551//1576 4360//1576 4361//1579
f 4361//1579 4553//1578 4552//1578 4554//1579
f 4561//638 4566//638 4565//638 4562//638
f 4555//638 4568//638 4567//638 4556//638
f 4557//683 4564//683 4563//683 4558//683
f 4559//683 4570//683 4569//683 4560//683
f 4579//638 4574//638 4573//638 4580//638
f 4581//638 4584//638 4583//638 4582//638
f 4571//683 4576//683 4575//683 4572//683
f 4577//683 4586//683 4585//683 4578//683
f 4599//638 4594//638 4593//638 4600//638
f 4601//638 4588//638 4587//638 4602//638
f 4591//683 4598//683 4597//683 4592//683
f 4589//683 4596//683 4595//683 4590//683
f 4603//638 4616//638 4615//638 4604//638
f 4607//638 4618//638 4617//638 4608//638
f 4613//683 4610//683 4609//683 4614//683
f 4611//683 4606//683 4605//683 4612//683
usemtl black
f 4557//619 4558//619 4559//619 4560//619 2728//619 2726//619 4565//619 4566//619 4567//619 4568//619 2730//619 2723//619
f 4582//594 2712//594 2713//594 4577//594 4578//594 4575//594 4576//594 2710//594 2711//594 4579//594 4580//594 4581//594
f 4602//603 2716//603 2717//603 4597//603 4598//603 4595//603 4596//603 2714//603 2715//603 4599//603 4600//603 4601//603
f 4618//611 2720//611 2721//611 4613//611 4614//611 4611//611 4612//611 2718//611 2719//611 4615//611 4616//611 4617//611
usemtl diffuse2
f 2853//683 2854//683 2855//683
f 2856//683 2857//683 2854//683 2853//683
f 2858//683 2859//683 2857//683 2856//683
f 2860//683 2861//683 2859//683 2858//683
f 2862//683 2863//683 2861//683 2860//683
f 2864//683 2863//683 2862//683
f 2865//683 2866//683 2867//683
f 2868//683 2869//683 2866//683 2865//683
f 2870//683 2871//683 2869//683 2868//683
f 2872//683 2873//683 2871//683 2870//683
f 2874//683 2875//683 2873//683 2872//683
f 2876//683 2875//683 2874//683
f 2877//683 2878//683 2879//683
f 2880//683 2881//683 2878//683 2877//683
f 2882//683 2883//683 2881//683 2880//683
f 2884//683 2885//683 2883//683 2882//683
f 2886//683 2887//683 2885//683 2884//683
f 2888//683 2887//683 2886//683
f 2889//684 2890//685 2891//685 2892//684
f 2893//686 2894//687 2895//688 2896//689
f 2897//690 2898//691 2899//691 2900//690
f 2901//692 2902//693 2903//694 2904//695
f 2905//696 2906//697 2907//697 2908//696
f 2909//698 2910//699 2911//700 2912//701
f 2913//702 2914//703 2915//703 2916//702
f 2917//704 2918//705 2919//706 2920//707
f 2921//708 2922//709 2923//709 2924//708
f 2925//710 2926//711 2927//712 2928//713
f 2929//714 2930//715 2931//715 2932//714
f 2933//716 2934//717 2935//718 2936//719
f 2937//720 2938//721 2939//721 2940//720
f 2941//722 2942//723 2943//724 2944//724
f 2945//725 2946//726 2947//726 2948//725
f 2949//727 2950//728 2951//729 2952//730
f 2953//731 2954//732 2955//732 2956//731
f 2957//733 2958//734 2959//735 2960//736
f 2961//737 2962//738 2963//738 2964//737
f 2965//739 2966//740 2967//741 2968//742
f 2969//743 2970//744 2971//744 2972//743
f 2973//745 2974//746 2975//747 2976//748
f 2977//749 2978//750 2979//750 2980//749
f 2981//751 2982//752 2983//753 2984//754
f 2985//755 2986//756 2987//756 2988//755
f 2989//757 2990//758 2991//759 2992//760
f 2993//761 2994//762 2995//762 2996//761
f 2997//763 2998//764 2999//765 3000//765
f 3001//766 3002//767 3003//767 3004//766
f 3005//768 3006//769 3007//770 3008//771
f 3009//772 3010//773 3011//774 3012//775
f 3013//776 3014//777 3015//777 3016//776
f 2892//684 2907//697 2906//697 2889//684
f 2900//690 2947//726 2946//726 2897//690
f 2908//696 2915//703 2914//703 2905//696
f 2916//702 2923//709 2922//709 2913//702
f 2924//708 2931//715 2930//715 2921//708
f 2932//714 2939//721 2938//721 2929//714
f 2940//720 2899//691 2898//691 2937//720
f 2948//725 2955//732 2954//732 2945//725
f 2956//731 2963//738 2962//738 2953//731
f 2964//737 2971//744 2970//744 2961//737
f 2972//743 2979//750 2978//750 2969//743
f 2980//749 2987//756 2986//756 2977//749
f 2988//755 2995//762 2994//762 2985//755
f 2996//761 3003//767 3002//767 2993//761
f 3004//766 3015//777 3014//777 3001//766
f 3016//776 2891//685 2890//685 3013//776
f 2920//707 2919//706 2910//699 2909//698
f 2928//713 2927//712 2918//705 2917//704
f 2936//719 2935//718 2926//711 2925//710
f 2944//724 2943//724 2934//717 2933//716
f 2904//695 2903//694 2942//723 2941//722
f 2952//730 2951//729 2902//693 2901//692
f 2960//736 2959//735 2950//728 2949//727
f 2968//742 2967//741 2958//734 2957//733
f 2976//748 2975//747 2966//740 2965//739
f 2984//754 2983//753 2974//746 2973//745
f 2992//760 2991//759 2982//752 2981//751
f 3000//765 2999//765 2990//758 2989//757
f 3008//771 3007//770 2998//764 2997//763
f 3012//775 3011//774 3006//769 3005//768
f 2896//689 2895//688 3010//773 3009//772
f 2912//701 2911//700 2894//687 2893//686
f 3853//683 3017//683 3854//683
f 3855//683 3018//683 3017//683 3853//683
f 3856//683 3021//683 3018//683 3855//683
f 3857//683 3023//683 3021//683 3856//683
f 3858//683 3025//683 3023//683 3857//683
f 3859//683 3025//683 3858//683
f 2892//683 2891//683 3010//683 2895//683
f 2900//683 2899//683 2942//683 2903//683
f 2908//683 2907//683 2894//683 2911//683
f 2916//683 2915//683 2910//683 2919//683
f 2924//683 2923//683 2918//683 2927//683
f 2932//683 2931//683 2926//683 2935//683
f 2940//683 2939//683 2934//683 2943//683
f 2948//683 2947//683 2902//683 2951//683
f 2956//683 2955//683 2950//683 2959//683
f 2964//683 2963//683 2958//683 2967//683
f 2972//683 2971//683 2966//683 2975//683
f 2980//683 2979//683 2974//683 2983//683
f 2988//683 2987//683 2982//683 2991//683
f 2996//683 2995//683 2990//683 2999//683
f 3004//683 3003//683 2998//683 3007//683
f 3016//683 3015//683 3006//683 3011//683
f 2919//683 2918//683 2923//683 2916//683
f 2927//683 2926//683 2931//683 2924//683
f 2935//683 2934//683 2939//683 2932//683
f 2943//683 2942//683 2899//683 2940//683
f 2903//683 2902//683 2947//683 2900//683
f 2951//683 2950//683 2955//683 2948//683
f 2959//683 2958//683 2963//683 2956//683
f 2967//683 2966//683 2971//683 2964//683
f 2975//683 2974//683 2979//683 2972//683
f 2983//683 2982//683 2987//683 2980//683
f 2991//683 2990//683 2995//683 2988//683
f 2999//683 2998//683 3003//683 2996//683
f 3007//683 3006//683 3015//683 3004//683
f 3011//683 3010//683 2891//683 3016//683
f 2895//683 2894//683 2907//683 2892//683
f 2911//683 2910//683 2915//683 2908//683
f 3889//602 3890//603 3891//603 3892//602
f 3890//603 3375//885 3374//885 3891//603
f 3892//602 3893//601 3404//601 3889//602
f 3893//601 3894//780 3405//780 3404//601
f 2864//977 3948//977 3880//977 3214//977
f 2864//977 3214//977 2863//977
f 2867//978 3192//978 3887//978 3949//978
f 2876//979 3950//979 3886//979 3213//979
f 2876//979 3213//979 2875//979
f 2888//980 3951//980 3209//980 3211//980
f 2888//980 3211//980 2887//980
f 3859//981 3203//981 3025//981
f 2855//982 3189//982 3888//982 3952//982
f 2854//982 3189//982 2855//982
f 2863//977 3214//977 3154//977
f 3953//983 3353//983 3954//984 3031//984
f 3955//985 3137//985 3353//983 3953//983
f 3956//986 3138//986 3137//985 3955//985
f 2866//978 3192//978 2867//978
f 2875//979 3213//979 3168//979
f 3957//987 3141//987 3958//988 3039//988
f 3959//989 3869//989 3141//987 3957//987
f 3960//990 3774//990 3869//989 3959//989
f 2878//991 3210//991 2879//991
f 2887//980 3211//980 3158//980
f 3961//992 3145//992 3962//993 3862//993
f 3963//994 3871//994 3145//992 3961//992
f 3964//995 3794//995 3871//994 3963//994
f 3017//996 3206//996 3854//996
f 3025//981 3203//981 3026//981
f 3965//997 3149//997 3966//998 3047//998
f 3967//999 3873//999 3149//997 3965//997
f 3968//1000 3788//1000 3873//999 3967//999
f 3949//978 3887//978 3035//978
f 3969//991 3212//991 3860//991
f 3970//996 3205//996 3043//996
f 3971//981 3204//981 3203//981 3859//981
f 3952//982 3888//982 3027//982
f 3027//1001 3972//1001 3788//1000 3968//1000
f 3027//982 3888//982 3028//982
f 3031//984 3954//984 3973//1002 3032//1002
f 3031//977 3880//977 3948//977
f 3035//1003 3974//1003 3138//986 3956//986
f 3035//978 3887//978 3036//978
f 3039//988 3958//988 3975//1004 3040//1004
f 3039//979 3886//979 3950//979
f 3860//1005 3976//1005 3774//990 3960//990
f 3860//991 3212//991 3181//991
f 3862//993 3962//993 3977//1006 3863//1006
f 3862//980 3209//980 3951//980
f 3043//1007 3978//1007 3794//995 3964//995
f 3043//996 3205//996 3044//996
f 3047//998 3966//998 3979//1008 3048//1008
f 3047//981 3204//981 3971//981
f 3038//1009 3980//1009 3974//1003 3035//1003
f 3052//1010 3981//1010 3980//1009 3038//1009
f 3040//1004 3975//1004 3981//1010 3052//1010
f 3861//1011 3982//1011 3976//1005 3860//1005
f 3864//1012 3983//1012 3982//1011 3861//1011
f 3863//1006 3977//1006 3983//1012 3864//1012
f 3046//1013 3984//1013 3978//1007 3043//1007
f 3054//1014 3985//1014 3984//1013 3046//1013
f 3048//1008 3979//1008 3985//1014 3054//1014
f 3030//1015 3986//1015 3972//1001 3027//1001
f 3056//1016 3987//1016 3986//1015 3030//1015
f 3032//1002 3973//1002 3987//1016 3056//1016
f 3050//981 3204//981 3047//981
f 3171//980 3209//980 3862//980
f 3042//979 3886//979 3039//979
f 3034//977 3880//977 3031//977
f 3173//982 3189//982 2854//982
f 3020//996 3206//996 3017//996
f 3177//991 3210//991 2878//991
f 3183//978 3192//978 2866//978
f 3210//991 3212//991 3969//991 2879//991
f 3206//996 3205//996 3970//996 3854//996
f 3354//594 3357//779 3895//779 3988//594
f 3071//619 3391//888 3390//888 3989//619
f 3063//611 3365//886 3364//886 3990//611
f 3990//611 3991//610 3061//610 3063//611
f 3991//610 3992//609 3058//609 3061//610
f 3992//609 3396//782 3395//782 3058//609
f 3988//594 3993//595 3867//595 3354//594
f 3993//595 3994//625 3409//625 3867//595
f 3994//625 3897//778 3406//778 3409//625
f 3989//619 3995//618 3069//618 3071//619
f 3995//618 3996//617 3066//617 3069//618
f 3996//617 3400//887 3399//887 3066//617
f 3953//683 3076//683 3077//683 3955//683
f 3955//683 3077//683 3080//683 4124//683
f 3955//683 3085//683 3088//683 3956//683
f 3956//683 3088//683 3081//683 3949//683
f 3957//683 3092//683 3093//683 3959//683
f 3959//683 3093//683 3096//683 4125//683
f 3959//683 3101//683 3104//683 3960//683
f 3960//683 3104//683 3097//683 3969//683
f 3961//683 3108//683 3109//683 3963//683
f 3963//683 3109//683 3112//683 4126//683
f 3963//683 3116//683 3117//683 3964//683
f 3964//683 3117//683 3120//683 3970//683
f 3965//683 3124//683 3125//683 3967//683
f 3967//683 3125//683 3128//683 4127//683
f 3967//683 3132//683 3133//683 3968//683
f 3968//683 3133//683 3136//683 3952//683
f 3948//683 3073//683 3076//683 3953//683
f 4124//683 3080//683 3073//683 3948//683
f 4124//683 3084//683 3085//683 3955//683
f 3949//683 3035//683 3956//683
f 3949//683 3081//683 3084//683 4124//683
f 3950//683 3089//683 3092//683 3957//683
f 4125//683 3096//683 3089//683 3950//683
f 4125//683 3100//683 3101//683 3959//683
f 3969//683 3860//683 3960//683
f 3969//683 3097//683 3100//683 4125//683
f 3951//683 3105//683 3108//683 3961//683
f 4126//683 3112//683 3105//683 3951//683
f 4126//683 3113//683 3116//683 3963//683
f 3970//683 3043//683 3964//683
f 3970//683 3120//683 3113//683 4126//683
f 3971//683 3121//683 3124//683 3965//683
f 4127//683 3128//683 3121//683 3971//683
f 4127//683 3129//683 3132//683 3967//683
f 3952//683 3027//683 3968//683
f 3952//683 3136//683 3129//683 4127//683
f 3031//683 3948//683 3953//683
f 3039//683 3950//683 3957//683
f 3862//683 3951//683 3961//683
f 3047//683 3971//683 3965//683
f 3223//683 3220//683 3396//683 3992//683
f 3358//683 3223//683 3992//683 3991//683
f 3360//683 3358//683 3991//683 3990//683
f 3362//683 3360//683 3990//683 3364//683
f 3369//683 3368//683 3891//683 3374//683
f 3253//683 3250//683 3894//683 3893//683
f 3372//683 3253//683 3893//683 3892//683
f 3892//683 3891//683 3368//683 3372//683
f 3243//683 3240//683 3897//683 3994//683
f 3378//683 3243//683 3994//683 3993//683
f 3380//683 3378//683 3993//683 3988//683
f 3382//683 3380//683 3988//683 3895//683
f 3233//683 3230//683 3400//683 3996//683
f 3384//683 3233//683 3996//683 3995//683
f 3386//683 3384//683 3995//683 3989//683
f 3388//683 3386//683 3989//683 3390//683
f 2795//600 2853//600 2855//1421 2790//599
f 2794//601 2856//601 2853//600 2795//600
f 2799//602 2858//602 2856//601 2794//601
f 2798//603 2860//603 2858//602 2799//602
f 2803//604 2862//604 2860//603 2798//603
f 2802//605 2864//1422 2862//604 2803//604
f 2807//606 4135//606 2864//1422 2802//605
f 2806//607 2867//1423 4135//606 2807//606
f 2811//608 2865//608 2867//1423 2806//607
f 2810//609 2868//609 2865//608 2811//608
f 2815//610 2870//610 2868//609 2810//609
f 2814//611 2872//611 2870//610 2815//610
f 2819//612 2874//612 2872//611 2814//611
f 2818//613 2876//1424 2874//612 2819//612
f 2823//614 4136//614 2876//1424 2818//613
f 2822//615 2879//1425 4136//614 2823//614
f 2827//616 2877//616 2879//1425 2822//615
f 2826//617 2880//617 2877//616 2827//616
f 2831//618 2882//618 2880//617 2826//617
f 2830//619 2884//619 2882//618 2831//618
f 2835//620 2886//620 2884//619 2830//619
f 2834//621 2888//1426 2886//620 2835//620
f 2839//622 4137//622 2888//1426 2834//621
f 2838//623 3854//1427 4137//622 2839//622
f 2843//624 3853//624 3854//1427 2838//623
f 2842//625 3855//625 3853//624 2843//624
f 2847//595 3856//595 3855//625 2842//625
f 2846//594 3857//594 3856//595 2847//595
f 2851//596 3858//596 3857//594 2846//594
f 2850//597 3859//1428 3858//596 2851//596
f 2791//598 4138//598 3859//1428 2850//597
f 2790//599 2855//1421 4138//598 2791//598
f 4135//606 4124//606 3948//795 2864//1422
f 2867//1423 3949//853 4124//606 4135//606
f 4136//614 4125//614 3950//854 2876//1424
f 2879//1425 3969//859 4125//614 4136//614
f 4137//622 4126//622 3951//793 2888//1426
f 3854//1427 3970//856 4126//622 4137//622
f 4138//598 4127//598 3971//794 3859//1428
f 2855//1421 3952//855 4127//598 4138//598
usemtl Panels_2
f 3140//606 3139//853 3780//853 3779//853 3927//606
f 3870//614 3773//859 3772//859 3775//859 3753//614
f 3872//622 3793//856 3792//856 3795//856 3741//622
f 3874//598 3787//855 3786//855 3789//855 3729//598
f 3729//598 3732//794 3151//794 3150//794 3874//598
f 3741//622 3744//793 3147//793 3146//793 3872//622
f 3753//614 3756//854 3143//854 3142//854 3870//614
f 3927//606 3782//795 3781//795 3352//795 3140//606
f 5120//1129 5114//1130 5098//1131 5118//1132
f 5018//1133 5027//1134 5037//1135 5000//1133
f 4872//1136 4879//1137 4728//1138 4777//1139
f 4842//1154 4684//1155 4762//1155 4771//1156
f 4832//1157 4734//1158 4731//1159 5083//1160
f 4833//1161 4806//1162 4885//1163 4834//1161
f 4761//1164 5065//1164 5072//1165 4759//1165
f 4830//1175 4813//1175 4776//1176 5149//1176
f 4840//1177 4880//1178 5090//1179 5078//1180
f 4915//1181 5116//1182 4815//1183 4822//1184
f 4927//1185 4895//1186 4893//1186 4926//1187
f 5140//1197 4886//1198 4805//1199 4790//1200
f 5144//1201 5168//1202 4949//1203 4979//1204
f 4750//1205 4745//1206 4706//1207 4630//1208
f 4951//1209 4890//1210 4931//1211 5047//1212
f 4670//1213 4676//1214 4964//1215 4984//1216
f 5026//1217 5069//1218 4811//1219 4897//1220
f 5183//1221 5134//1221 5138//1222 5155//1222
f 5165//1223 5153//1224 4788//1225 5150//1226
f 4778//1236 5039//1236 5036//1237 4873//1237
f 5044//1238 4932//1239 5111//1240 5048//1241
f 4720//1242 4681//1242 4683//1243 4845//1243
f 5129//1244 5121//1245 5119//1246 5131//1247
f 5102//1248 4936//1249 4923//1250 4849//1251
f 5003//1252 5059//1253 4937//1254 4944//1255
f 5024//1256 5022//1257 5031//1258 5076//1259
f 4658//1260 5087//1261 4628//1262 4659//1263
f 4660//1264 4627//1265 4629//1266 4705//1267
f 4908//1268 4938//1269 5058//1270 5081//1271
f 4857//1281 4843//1282 4772//1283 4837//1281
f 4889//1284 4954//1285 4891//1286 4888//1284
f 4911//1287 4846//1288 4848//1289 4922//1290
f 4717//1291 4679//1291 4677//1292 4702//1292
f 5160//1293 5103//1294 5094//1295 5095//1296
f 4933//1297 4968//1298 5010//1299 4774//1300
f 5082//1301 5057//1302 5056//1303 5080//1304
f 5177//1305 5071//1306 4760//1307 5075//1308
f 5167//1309 4700//1310 4797//1311 4950//1312
f 5005//1313 5015//1314 4999//1315 4997//1316
f 4809//1317 4924//1318 4935//1319 4807//1320
f 5278//1321 4920//1322 4981//1323 5298//1324
f 4850//1325 4854//1326 4835//1327 4884//1328
f 4867//1329 4989//1330 4988//1331 4860//1332
f 4751//1337 4755//1338 4769//1339 4767//1337
f 5110//1627 5145//1628 4978//1629 4877//1630
f 4793//1631 5190//1632 5162//1632 4780//1633
f 4878//1634 4977//1635 4729//1636 4727//1637
f 5002//1638 4900//1638 4874//1639 5035//1639
f 4980//1640 4948//1640 4946//1640 4730//1640
f 4861//1641 4987//1642 5142//1643 5109//1644
f 4990//1645 4866//1646 5028//1647 5017//1648
f 5070//1649 5180//1649 4957//1649 5052//1649
f 4748//1650 4904//1651 4707//1652 4703//1653
f 4992//1654 4942//1655 4713//1656 4985//1657
f 4711//1658 4718//1659 4701//1660 5170//1661
f 5100//1662 4945//1663 4947//1664 4796//1665
f 4939//1666 4907//1666 4680//1667 4716//1667
f 4699//1668 4678//1668 4799//1669 4798//1669
f 5151//1670 5175//1671 4656//1671 5166//1672
f 4791//1673 4664//1674 4667//1675 5186//1676
f 5086//1677 4657//1677 5176//1678 5085//1678
f 4704//1679 4710//1680 4726//1681 4661//1682
f 4789//1683 4787//1684 5156//1685 5141//1686
f 4743//1687 4914//1688 4855//1689 4853//1690
f 4941//1691 4940//1692 4715//1693 4714//1694
f 5189//1695 4792//1695 5187//1695 5188//1695
f 4781//1696 5161//1696 4913//1697 4742//1697
f 5042//1698 4738//1699 5135//1700 5182//1701
f 4925//1702 4892//1703 4953//1704 4928//1705
f 5079//1706 5089//1707 5066//1708 5025//1709
f 5019//1710 5023//1711 4896//1712 4930//1713
f 5053//1714 4956//1715 4901//1716 5001//1717
f 5030//1718 5073//1719 5064//1719 5038//1720
f 5051//1721 5032//1722 5021//1723 5045//1724
f 5068//1725 4912//1726 4921//1727 4812//1728
f 4898//1729 4810//1729 4808//1730 4894//1730
f 5084//1731 5099//1731 4814//1732 4829//1732
f 4909//1733 5067//1734 5092//1735 4688//1736
f 4883//1737 4689//1738 4685//1739 5091//1740
f 5137//1741 4851//1742 4887//1743 5139//1744
f 5148//1745 5173//1746 4735//1747 4831//1748
f 4852//1749 5136//1750 4737//1751 4744//1752
f 4817//1753 5011//1754 4802//1755 4653//1756
f 5172//1757 4784//1758 4696//1759 4736//1760
f 4783//1761 4633//1762 4672//1763 4693//1764
f 4819//1765 4818//1766 4652//1767 4650//1768
f 4638//1769 4995//1769 4993//1770 4674//1770
f 4675//1771 4994//1772 5061//1772 4963//1773
f 4983//1774 4697//1775 4694//1776 4671//1777
f 4654//1778 4801//1779 4634//1780 4786//1781
f 5014//1782 4624//1783 4619//1784 4803//1785
f 4621//1786 4970//1786 4996//1787 4637//1787
f 4959//1788 4666//1789 4639//1790 4646//1791
f 4636//1792 4631//1793 4804//1794 4622//1795
f 5127//1796 5132//1796 4972//1797 4626//1797
f 5130//1798 5152//1799 5133//1800 5126//1801
f 4625//1802 5013//1803 5122//1804 5128//1805
f 4821//1806 4966//1807 4917//1808 4916//1809
f 4662//1810 4725//1811 5163//1812 4655//1813
f 4919//1814 4976//1815 5054//1816 4982//1817
f 4967//1818 4820//1819 4649//1820 5007//1821
f 5106//1822 4823//1823 4827//1824 5093//1825
f 5012//1826 4816//1827 5115//1828 5123//1829
f 5113//1830 5690//1831 5296//1831 5097//1832
f 5008//1833 4648//1834 5174//1835 5147//1836
f 5046//1837 5020//1838 4929//1839 4952//1840
f 4965//1841 4934//1842 4975//1843 4918//1844
f 5146//1845 4775//1846 4773//1847 5009//1848
f 4733//1849 4695//1850 4698//1851 4732//1852
f 4687//1853 4764//1853 4847//1854 4910//1854
f 5104//1855 5159//1856 4690//1857 4882//1858
f 4766//1859 4691//1860 5158//1861 5062//1862
f 4838//1863 4870//1864 4859//1865 4825//1866
f 4871//1867 4841//1868 5077//1869 5034//1870
f 4826//1871 4858//1871 4836//1872 4828//1872
f 4881//1873 4839//1874 4824//1875 5105//1876
f 4844//1877 4856//1878 4869//1879 4721//1880
f 4682//1881 4719//1881 5049//1882 5112//1882
f 4724//1883 5184//1883 5154//1884 5164//1884
f 4692//1885 4765//1885 4763//1886 4686//1886
f 4795//1887 4800//1888 5088//1888 5101//1889
f 5124//1890 4757//1891 4746//1892 4749//1893
f 4645//1894 4906//1895 4753//1896 4960//1897
f 4663//1898 4962//1899 4973//1900 4668//1901
f 4643//1902 4642//1903 4739//1904 5041//1905
f 4779//1906 4640//1907 4665//1908 4794//1909
f 4903//1910 4644//1911 5040//1912 4708//1913
f 4641//1914 4782//1914 4741//1915 4740//1915
f 4758//1916 5125//1917 5117//1917 4770//1918
f 4785//1919 5171//1920 4647//1921 4651//1922
f 4961//1923 4752//1924 4768//1925 4974//1926
f 5181//1927 4723//1928 4709//1929 5043//1930
f 4632//1931 4635//1932 4673//1933 4669//1934
f 4905//1935 4747//1936 4756//1937 4754//1938
f 5063//1939 5157//1940 5096//1941 5185//1942
f 5169//1943 5143//1944 4986//1945 4712//1946
f 4943//1947 4991//1948 5016//1949 5004//1950
f 5060//1951 5006//1952 4998//1953 5055//1954
f 4722//1955 4868//1956 5033//1957 5050//1958
f 5074//1959 5029//1960 4865//1961 5178//1962
f 5179//1963 4864//1964 4863//1965 4958//1966
f 5108//1967 4902//1968 4955//1969 4862//1970
f 4899//1971 5107//1972 4876//1973 4875//1974
f 4651//1922 4652//1767 4653//1756 4654//1778
f 4659//1263 4660//1264 4661//1682 4662//1810
f 4663//1898 4664//1674 4665//1908 4666//1789
f 4669//1934 4670//1213 4671//1777 4672//1763
f 4733//1849 4734//1158 4735//1747 4736//1760
f 4745//1206 4746//1892 4747//1936 4748//1650
f 4801//1779 4802//1755 4803//1785 4804//1794
f 4815//1183 4816//1827 4817//1753 4818//1766
f 4850//1325 4851//1742 4852//1749 4853//1690
f 4860//1332 4861//1641 4862//1970 4863//1965
f 4864//1964 4865//1961 4866//1646 4867//1329
f 4868//1956 4869//1879 4870//1864 4871//1867
f 4876//1973 4877//1630 4878//1634 4879//1137
f 4917//1808 4918//1844 4919//1814 4920//1322
f 4921//1727 4922//1290 4923//1250 4924//1318
f 4941//1691 4942//1655 4943//1947 4944//1255
f 4959//1788 4960//1897 4961//1923 4962//1899
f 5003//1252 5004//1950 5005//1313 5006//1952
f 5007//1821 5008//1833 5009//1848 5010//1299
f 5011//1754 5012//1826 5013//1803 5014//1782
f 5023//1711 5024//1256 5025//1709 5026//1217
f 5040//1912 5041//1905 5042//1698 5043//1930
f 5044//1238 5045//1724 5046//1837 5047//1212
f 5057//1302 5058//1270 5059//1253 5060//1951
f 5076//1259 5077//1869 5078//1180 5079//1706
f 5089//1707 5090//1179 5091//1740 5092//1735
f 5103//1294 5104//1855 5105//1876 5106//1822
f 5157//1940 5158//1861 5159//1856 5160//1293
f 5167//1309 5168//1202 5169//1943 5170//1661
f 4650//1768 4652//1767 4651//1922 4647//1921
f 4658//1260 4659//1263 4662//1810 4655//1813
f 4663//1898 4668//1901 4667//1675 4664//1674
f 4669//1934 4673//1933 4676//1214 4670//1213
f 4693//1764 4672//1763 4671//1777 4694//1776
f 4702//1292 4677//1292 4678//1668 4699//1668
f 4719//1881 4682//1881 4681//1242 4720//1242
f 4731//1159 4734//1158 4733//1849 4732//1852
f 4745//1206 4750//1205 4749//1893 4746//1892
f 4782//1914 4641//1914 4640//1907 4779//1906
f 4794//1909 4665//1908 4664//1674 4791//1673
f 4661//1682 4726//1681 4725//1811 4662//1810
f 4653//1756 4802//1755 4801//1779 4654//1778
f 4746//1892 4757//1891 4756//1937 4747//1936
f 4716//1667 4680//1667 4679//1291 4717//1291
f 4660//1264 4705//1267 4704//1679 4661//1682
f 4818//1766 4819//1765 4822//1184 4815//1183
f 4813//1175 4830//1175 4829//1732 4814//1732
f 4853//1690 4855//1689 4854//1326 4850//1325
f 4863//1965 4864//1964 4867//1329 4860//1332
f 4868//1956 4722//1955 4721//1880 4869//1879
f 4825//1866 4859//1865 4858//1871 4826//1871
f 4875//1974 4876//1973 4879//1137 4872//1136
f 4706//1207 4745//1206 4748//1650 4703//1653
f 4686//1886 4763//1886 4764//1853 4687//1853
f 4852//1749 4744//1752 4743//1687 4853//1690
f 4707//1652 4904//1651 4903//1910 4708//1913
f 4742//1697 4913//1697 4914//1688 4743//1687
f 4916//1809 4917//1808 4920//1322 5278//1321
f 4921//1727 4912//1726 4911//1287 4922//1290
f 4925//1702 4928//1705 4927//1185 4926//1187
f 4904//1651 4748//1650 4747//1936 4905//1935
f 4841//1868 4871//1867 4870//1864 4838//1863
f 4915//1181 4822//1184 4821//1806 4916//1809
f 4940//1692 4941//1691 4944//1255 4937//1254
f 4842//1154 4771//1156 4772//1283 4843//1282
f 4955//1969 4902//1968 4901//1716 4956//1715
f 4959//1788 4646//1791 4645//1894 4960//1897
f 4964//1215 4676//1214 4675//1771 4963//1773
f 4922//1290 4848//1289 4849//1251 4923//1250
f 4961//1923 4974//1926 4973//1900 4962//1899
f 4918//1844 4975//1843 4976//1815 4919//1814
f 4983//1774 4671//1777 4670//1213 4984//1216
f 4910//1854 4847//1854 4846//1288 4911//1287
f 5001//1717 4901//1716 4900//1638 5002//1638
f 4919//1814 4982//1817 4981//1323 4920//1322
f 4637//1787 4996//1787 4995//1769 4638//1769
f 4652//1767 4818//1766 4817//1753 4653//1756
f 5003//1252 4944//1255 4943//1947 5004//1950
f 5010//1299 4968//1298 4967//1818 5007//1821
f 4802//1755 5011//1754 5014//1782 4803//1785
f 4869//1879 4856//1878 4859//1865 4870//1864
f 4960//1897 4753//1896 4752//1924 4961//1923
f 4891//1286 4954//1285 4953//1704 4892//1703
f 4965//1841 4918//1844 4917//1808 4966//1807
f 5004//1950 5016//1949 5015//1314 5005//1313
f 5022//1257 5024//1256 5023//1711 5019//1710
f 4713//1656 4942//1655 4941//1691 4714//1694
f 4942//1655 4992//1654 4991//1948 4943//1947
f 5005//1313 4997//1316 4998//1953 5006//1952
f 5040//1912 4644//1911 4643//1902 5041//1905
f 4728//1138 4879//1137 4878//1634 4727//1637
f 5044//1238 5048//1241 5051//1721 5045//1724
f 5060//1951 5055//1954 5056//1303 5057//1302
f 4897//1220 4811//1219 4810//1729 4898//1729
f 5045//1724 5021//1723 5020//1838 5046//1837
f 5035//1639 4874//1639 4873//1237 5036//1237
f 5025//1709 5066//1708 5069//1218 5026//1217
f 5059//1253 5003//1252 5006//1952 5060//1951
f 4989//1330 4867//1329 4866//1646 4990//1645
f 5024//1256 5076//1259 5079//1706 5025//1709
f 4958//1966 4863//1965 4862//1970 4955//1969
f 5077//1869 4841//1868 4840//1177 5078//1180
f 5078//1180 5090//1179 5089//1707 5079//1706
f 4951//1209 5047//1212 5046//1837 4952//1840
f 5091//1740 4685//1739 4688//1736 5092//1735
f 4937//1254 5059//1253 5058//1270 4938//1269
f 5100//1662 4796//1665 4795//1887 5101//1889
f 5106//1822 5093//1825 5094//1295 5103//1294
f 4865//1961 5029//1960 5028//1647 4866//1646
f 4812//1728 4921//1727 4924//1318 4809//1317
f 4970//1786 4621//1786 4620//2299 4969//2299
f 5104//1855 4882//1858 4881//1873 5105//1876
f 5030//1718 5038//1720 5037//1135 5027//1134
f 4815//1183 5116//1182 5115//1828 4816//1827
f 5090//1179 4880//1178 4883//1737 5091//1740
f 4932//1239 5044//1238 5047//1212 4931//1211
f 5081//1271 5058//1270 5057//1302 5082//1301
f 5113//1830 5097//1832 5098//1131 5114//1130
f 5112//1882 5049//1882 5048//1241 5111//1240
f 5105//1876 4824//1875 4823//1823 5106//1822
f 4805//1199 4886//1198 4885//1163 4806//1162
f 4887//1743 4851//1742 4850//1325 4884//1328
f 5092//1735 5067//1734 5066//1708 5089//1707
f 4758//1916 4770//1918 4769//1339 4755//1338
f 5120//1129 5118//1132 5119//1246 5121//1245
f 5012//1826 5123//1829 5122//1804 5013//1803
f 4774//1300 5010//1299 5009//1848 4773//1847
f 5108//1967 4862//1970 4861//1641 5109//1644
f 4876//1973 5107//1972 5110//1627 4877//1630
f 5129//1244 5131//1247 5130//1798 5126//1801
f 4789//1683 5141//1686 5140//1197 4790//1200
f 4877//1630 4978//1629 4977//1635 4878//1634
f 5136//1750 4852//1749 4851//1742 5137//1741
f 4860//1332 4988//1331 4987//1642 4861//1641
f 4624//1783 5014//1782 5013//1803 4625//1802
f 5041//1905 4739//1904 4738//1699 5042//1698
f 4775//1846 5146//1845 5149//1176 4776//1176
f 4935//1319 4924//1318 4923//1250 4936//1249
f 5160//1293 5095//1296 5096//1941 5157//1940
f 4950//1312 4797//1311 4796//1665 4947//1664
f 5159//1856 5104//1855 5103//1294 5160//1293
f 4831//1748 4735//1747 4734//1158 4832//1157
f 5033//1957 4868//1956 4871//1867 5034//1870
f 5170//1661 4701//1660 4700//1310 5167//1309
f 5171//1920 4785//1919 4784//1758 5172//1757
f 4978//1629 5145//1628 5144//1201 4979//1204
f 5007//1821 4649//1820 4648//1834 5008//1833
f 5132//1796 5127//1796 5126//1801 5133//1800
f 5155//1222 5138//1222 5141//1686 5156//1685
f 4735//1747 5173//1746 5172//1757 4736//1760
f 5146//1845 5009//1848 5008//1833 5147//1836
f 5169//1943 4712//1946 4711//1658 5170//1661
f 4690//1857 5159//1856 5158//1861 4691//1860
f 5062//1862 5158//1861 5157//1940 5063//1939
f 4949//1203 5168//1202 5167//1309 4950//1312
f 4896//1712 5023//1711 5026//1217 4897//1220
f 5034//1870 5077//1869 5076//1259 5031//1258
f 5177//1305 5075//1308 5074//1959 5178//1962
f 5011//1754 4817//1753 4816//1827 5012//1826
f 5182//1701 5135//1700 5134//1221 5183//1221
f 5164//1884 5154//1884 5153//1224 5165//1223
f 5151//1670 5166//1672 5165//1223 5150//1226
f 4759//1165 5072//1165 5075//1308 4760//1307
f 5181//1927 5043//1930 5042//1698 5182//1701
f 5178//1962 4865//1961 4864//1964 5179//1963
f 5143//1944 5169//1943 5168//1202 5144//1201
f 4736//1760 4696//1759 4695//1850 4733//1849
f 4793//1631 4780//1633 4779//1906 4794//1909
f 4632//1931 4669//1934 4672//1763 4633//1762
f 4804//1794 4631//1793 4634//1780 4801//1779
f 5087//1261 4658//1260 4657//1677 5086//1677
f 4785//1919 4651//1922 4654//1778 4786//1781
f 4666//1789 4959//1788 4962//1899 4663//1898
f 4639//1790 4666//1789 4665//1908 4640//1907
f 4627//1265 4660//1264 4659//1263 4628//1262
f 4803//1785 4619//1784 4622//1795 4804//1794
f 4708//1913 5040//1912 5043//1930 4709//1929
f 4623//2347 4971//2347 4969//2299 4620//2299
usemtl glow
f 4549//683 4551//683 4554//683 4552//683
f 4378//683 4376//683 4375//683 4374//683
f 4416//683 4415//683 4430//683 4429//683
f 4508//683 4509//683 4511//683 4510//683
f 4454//683 4453//683 4482//683 4481//683
f 4543//683 4544//683 4548//683 4545//683
f 4451//683 4449//683 4447//683 4446//683
f 3135//683 3134//683 3131//683 3130//683
f 3111//683 3110//683 3107//683 3106//683
f 3082//683 3087//683 3086//683 3083//683
f 3095//683 3094//683 3091//683 3090//683
f 3079//683 3078//683 3075//683 3074//683
f 3098//683 3103//683 3102//683 3099//683
f 3119//683 3118//683 3115//683 3114//683
f 3127//683 3126//683 3123//683 3122//683
f 4380//683 4379//683 4413//683 4412//683
f 4424//683 4422//683 4420//683 4419//683
f 4512//683 4515//683 4518//683 4516//683
f 4459//683 4458//683 4486//683 4485//683
f 4427//683 4426//683 4440//683 4439//683
f 4488//683 4489//683 4492//683 4490//683
f 4386//683 4384//683 4383//683 4382//683
f 4464//683 4466//683 4468//683 4467//683
f 4519//683 4521//683 4525//683 4522//683
f 4388//683 4387//683 4434//683 4433//683
f 4395//683 4393//683 4391//683 4390//683
f 4526//683 4527//683 4531//683 4528//683
f 4397//683 4396//683 4494//683 4493//683
f 4496//683 4498//683 4501//683 4499//683
f 4438//683 4437//683 4457//683 4456//683
f 4532//683 4534//683 4536//683 4535//683
f 4398//683 4400//683 4402//683 4401//683
f 4475//683 4473//683 4471//683 4470//683
f 4403//683 4406//683 4410//683 4407//683
f 4537//683 4539//683 4542//683 4540//683
f 4368//683 4370//683 4372//683 4371//683
f 4443//683 4442//683 4462//683 4461//683
f 4502//683 4504//683 4507//683 4505//683
f 4480//683 4478//683 4477//683 4476//683
f 4362//683 4364//683 4367//683 4365//683
usemtl glass
f 4217//836 4218//836 4228//813 4227//813
f 4211//815 4212//815 4218//836 4217//836
f 4247//819 4248//819 4215//627 4216//627
f 4221//811 4222//811 4257//864 4258//864
f 4213//823 4214//823 4253//956 4254//956
f 4219//628 4220//628 4248//819 4247//819
f 4227//813 4228//813 4226//835 4225//835
f 4233//825 4234//825 4232//832 4231//832
f 4237//630 4238//630 4224//820 4223//820
f 4256//865 4255//865 4212//815 4211//815
f 4260//863 4259//863 4230//807 4229//807
f 4241//1461 4242//1461 4240//804 4239//804
f 4223//820 4224//820 4220//628 4219//628
f 4216//627 4215//627 4263//637 4264//637
f 4229//807 4230//807 4242//1461 4241//1461
f 4252//957 4251//957 4250//827 4249//827
f 4225//835 4226//835 4222//811 4221//811
f 4231//832 4232//832 4214//823 4213//823
f 4243//805 4244//805 4246//831 4245//831
f 4245//831 4246//831 4261//862 4262//862
f 4266//631 4265//631 4238//630 4237//630
f 4235//833 4236//833 4234//825 4233//825
f 4239//804 4240//804 4244//805 4243//805
f 4249//827 4250//827 4236//833 4235//833
